<?xml version="1.0" encoding="UTF-8"?>
<window type="dialog" id="1110">
	<defaultcontrol always="true">100</defaultcontrol>
	<include>transition_Dialog</include>
	<coordinates>
		<system>1</system>
		<left>340</left>
		<top>130</top>
	</coordinates>
	<controls>
		<control type="group">
			<width>600</width>
			<height>460</height>
			<control type="image">
				<width>600</width>
				<height>460</height>
				<include>dialog_Window</include>
			</control>
			<control type="label" id="1">
				<width>592</width>
				<label>$LOCALIZE[31217]</label>
				<include>dialog_Windowtitle</include>
			</control>
			<control type="group">
				<left>4</left>
				<top>55</top>
				<control type="grouplist" id="100">
					<width>592</width>
					<height>320</height>
					<itemgap>0</itemgap>
					<onleft>10</onleft>
					<onright>11</onright>
					<onup>200</onup>
					<ondown>200</ondown>
					<include>global_ListScroll</include>
					<!--set fanart type-->
					<control type="group" id="110">
						<width>592</width>
						<height>40</height>
						<control type="image">
							<top>40</top>
							<width>592</width>
							<include>dialog_SectionSeparator</include>
						</control>
						<control type="label" id="111">
							<width>592</width>
							<label>$LOCALIZE[31218]</label>
							<include>dialog_Header</include>
							<include>dialog_ControlCommons</include>
						</control>
					</control>
					<control type="radiobutton" id="112">
						<width>592</width>
						<label>$LOCALIZE[342] &amp; $LOCALIZE[20343]</label>
						<onclick>Skin.SetString(fanarttype,video)</onclick>
						<selected>Skin.String(fanarttype,video)</selected>
						<include>dialog_Radio</include>
						<include>dialog_ControlCommons</include>
					</control>
					<control type="radiobutton" id="113">
						<width>592</width>
						<label>$LOCALIZE[2]</label>
						<onclick>Skin.SetString(fanarttype,music)</onclick>
						<selected>Skin.String(fanarttype,music)</selected>
						<include>dialog_Radio</include>
						<include>dialog_ControlCommons</include>
					</control>
					<control type="radiobutton" id="114">
						<width>592</width>
						<label>$LOCALIZE[20395]</label>
						<onclick>Skin.SetString(fanarttype,mixed)</onclick>
						<selected>Skin.String(fanarttype,mixed)</selected>
						<include>dialog_Radio</include>
						<include>dialog_ControlCommons</include>
					</control>
					<!--fanart information-->
					<control type="group" id="120">
						<width>592</width>
						<height>40</height>
						<control type="image">
							<top>40</top>
							<width>592</width>
							<include>dialog_SectionSeparator</include>
						</control>
						<control type="label" id="121">
							<width>592</width>
							<label>$LOCALIZE[31219]</label>
							<include>dialog_Header</include>
							<include>dialog_ControlCommons</include>
						</control>
					</control>
					<control type="radiobutton" id="122">
						<width>592</width>
						<label>$LOCALIZE[31220]</label>
						<onclick>Skin.SetString(fanartinfo,text)</onclick>
						<selected>Skin.String(fanartinfo,text)</selected>
						<include>dialog_Radio</include>
						<include>dialog_ControlCommons</include>
					</control>
					<control type="radiobutton" id="123">
						<width>592</width>
						<label>$LOCALIZE[31221]</label>
						<onclick>Skin.SetString(fanartinfo,logo)</onclick>
						<selected>Skin.String(fanartinfo,logo)</selected>
						<include>dialog_Radio</include>
						<include>dialog_ControlCommons</include>
					</control>
					<control type="radiobutton" id="124">
						<width>592</width>
						<label>$LOCALIZE[31222]</label>
						<onclick>Skin.SetString(fanartinfo,none)</onclick>
						<selected>Skin.String(fanartinfo,none)</selected>
						<include>dialog_Radio</include>
						<include>dialog_ControlCommons</include>
					</control>
				</control>
				<!--OK-->
				<control type="button" id="11">
					<right>20</right>
					<bottom>20</bottom>
					<label>$LOCALIZE[186]</label>
					<onclick>Close</onclick>
					<onup>124</onup>
					<ondown>112</ondown>
					<include>dialog_WindowButton</include>
				</control>
			</control>
		</control>
	</controls>
</window>