<?xml version="1.0" encoding="UTF-8"?>
<window type="dialog" id="1131">
	<defaultcontrol always="true">100</defaultcontrol>
	<include>transition_Dialog</include>
	<coordinates>
		<system>1</system>
		<left>340</left>
		<top>38</top>
	</coordinates>
	<controls>
		<control type="group">
			<width>600</width>
			<height>644</height>
			<control type="image">
				<width>600</width>
				<height>644</height>
				<include>dialog_Window</include>
			</control>
			<control type="label" id="1">
				<width>592</width>
				<label>$LOCALIZE[31722]</label>
				<include>dialog_Windowtitle</include>
			</control>

			<control type="group">
				<top>60</top>
				<control type="image">
					<width>592</width>
					<include>dialog_Separator</include>
				</control>
				<include name="dialog_Common-List">
					<param name="ID" value="3"/>
					<param name="ContainerWidth" value="592"/>
					<param name="ContainerHeight" value="480"/>
					<param name="Width" value="592"/>
					<param name="OnUp" value="3"/>
					<param name="OnDown" value="3"/>
					<param name="OnLeft" value="5"/>
					<param name="OnRight" value="5"/>
				</include>
				<control type="list" id="100">
					<left>4</left>
					<top>1</top>
					<width>596</width>
					<height>504</height>
					<onleft>10</onleft>
					<onright>10</onright>
					<onup>100</onup>
					<ondown>100</ondown>
					<include>global_ListScroll</include>
					<itemlayout width="592" height="84">
						<control type="image">
							<width>592</width>
							<height>84</height>
							<include>dialog_CommonList</include>
						</control>
						<control type="image">
							<left>84</left>
							<height>84</height>
							<include>dialog_Separator-y</include>
						</control>
						<control type="image">
							<width>84</width>
							<height>84</height>
							<texture>DefaultAddon.png</texture>
							<aspectratio align="center">scale</aspectratio>
							<colordiffuse>Color4</colordiffuse>
							<visible>IsEmpty(ListItem.Icon)</visible>
						</control>
						<control type="image">
							<width>84</width>
							<height>84</height>
							<texture fallback="DefaultAddon.png">$INFO[ListItem.Icon]</texture>
							<aspectratio align="center">scale</aspectratio>
							<visible>!IsEmpty(ListItem.Icon)</visible>
						</control>
						<control type="group">
							<left>85</left>
							<top>8</top>
							<control type="label">
								<width>470</width>
								<label>[B]$INFO[ListItem.Label][/B]</label>
								<include>dialog_CommonListItem</include>
							</control>
							<control type="label">
								<top>30</top>
								<width>470</width>
								<height>20</height>
								<label>$INFO[ListItem.Label2]</label>
								<textcolor>Color5</textcolor>
								<aligny>top</aligny>
								<include>dialog_CommonListItem</include>
								<visible>!IsEmpty(ListItem.Label2)</visible>
							</control>
							<control type="label">
								<top>30</top>
								<width>470</width>
								<height>20</height>
								<label>$LOCALIZE[31725]</label>
								<textcolor>Color5</textcolor>
								<aligny>top</aligny>
								<include>dialog_CommonListItem</include>
								<visible>IsEmpty(ListItem.Label2)</visible>
							</control>
						</control>
					</itemlayout>
					<focusedlayout width="592" height="84">
						<control type="image">
							<width>592</width>
							<height>84</height>
							<include>dialog_CommonListFocus</include>
						</control>
						<control type="image">
							<width>84</width>
							<height>84</height>
							<texture>DefaultAddon.png</texture>
							<aspectratio align="center">scale</aspectratio>
							<colordiffuse>Color1</colordiffuse>
							<visible>IsEmpty(ListItem.Icon)</visible>
						</control>
						<control type="image">
							<width>84</width>
							<height>84</height>
							<texture fallback="DefaultAddon.png">$INFO[ListItem.Icon]</texture>
							<aspectratio align="center">scale</aspectratio>
							<visible>!IsEmpty(ListItem.Icon)</visible>
						</control>
						<control type="group">
							<left>85</left>
							<top>7</top>
							<control type="label">
								<width>470</width>
								<label>[B]$INFO[ListItem.Label][/B]</label>
								<include>dialog_CommonListItemFocus</include>
							</control>
							<control type="label">
								<top>30</top>
								<width>470</width>
								<height>20</height>
								<label>$INFO[ListItem.Label2]</label>
								<aligny>top</aligny>
								<include>autoscroll_Line</include>
								<include>dialog_CommonListItemFocus</include>
								<visible>!IsEmpty(ListItem.Label2)</visible>
							</control>
							<control type="label">
								<top>30</top>
								<width>470</width>
								<height>20</height>
								<label>$LOCALIZE[31725]</label>
								<aligny>top</aligny>
								<include>dialog_CommonListItemFocus</include>
								<visible>IsEmpty(ListItem.Label2)</visible>
							</control>
						</control>
					</focusedlayout>
					<content>
						<item>
							<label>reFocus UI Sounds</label>
							<label2>$INFO[System.AddonVersion(resource.uisounds.refocus),, &#8226; $LOCALIZE[31723]]</label2>
							<icon>$INFO[System.AddonIcon(resource.uisounds.refocus)]</icon>
							<onclick condition="System.HasAddon(resource.uisounds.refocus)">Addon.OpenSettings(resource.uisounds.refocus)</onclick>
							<onclick condition="!System.HasAddon(resource.uisounds.refocus)">RunPlugin(plugin://resource.uisounds.refocus)</onclick>
						</item>
						<item>
							<label>White Studio Icons</label>
							<label2>$INFO[System.AddonVersion(resource.images.studios.white),, &#8226; $LOCALIZE[31723]]</label2>
							<icon>$INFO[System.AddonIcon(resource.images.studios.white)]</icon>
							<onclick condition="System.HasAddon(resource.images.studios.white)">Addon.OpenSettings(resource.images.studios.white)</onclick>
							<onclick condition="!System.HasAddon(resource.images.studios.white)">RunPlugin(plugin://resource.images.studios.white)</onclick>
						</item>
						<item>
							<label>Language Flag Colour Icons</label>
							<label2>$INFO[System.AddonVersion(resource.images.languageflags.colour),, &#8226; $LOCALIZE[31723]]</label2>
							<icon>$INFO[System.AddonIcon(resource.images.languageflags.colour)]</icon>
							<onclick condition="System.HasAddon(resource.images.languageflags.colour)">Addon.OpenSettings(resource.images.languageflags.colour)</onclick>
							<onclick condition="!System.HasAddon(resource.images.languageflags.colour)">RunPlugin(plugin://resource.images.languageflags.colour)</onclick>
						</item>
						<item>
							<label>Artwork Downloader</label>
							<label2>$INFO[System.AddonVersion(script.artwork.downloader),, &#8226; $LOCALIZE[31723]]</label2>
							<icon>$INFO[System.AddonIcon(script.artwork.downloader)]</icon>
							<onclick condition="System.HasAddon(script.artwork.downloader)">Addon.OpenSettings(script.artwork.downloader)</onclick>
							<onclick condition="!System.HasAddon(script.artwork.downloader)">RunPlugin(plugin://script.artwork.downloader)</onclick>
						</item>
						<item>
							<label>Extended Info</label>
							<label2>$INFO[System.AddonVersion(script.extendedinfo),, &#8226; $LOCALIZE[31723]]</label2>
							<icon>$INFO[System.AddonIcon(script.extendedinfo)]</icon>
							<onclick condition="System.HasAddon(script.extendedinfo)">Addon.OpenSettings(script.extendedinfo)</onclick>
							<onclick condition="!System.HasAddon(script.extendedinfo)">RunPlugin(plugin://script.extendedinfo)</onclick>
						</item>
						<item>
							<label>Fanart Grabber</label>
							<label2>$INFO[System.AddonVersion(script.grab.fanart),, &#8226; $LOCALIZE[31723]]</label2>
							<icon>$INFO[System.AddonIcon(script.grab.fanart)]</icon>
							<onclick condition="System.HasAddon(script.grab.fanart)">Addon.OpenSettings(script.grab.fanart)</onclick>
							<onclick condition="!System.HasAddon(script.grab.fanart)">RunPlugin(plugin://script.grab.fanart)</onclick>
						</item>
						<item>
							<label>Image resource selection</label>
							<label2>$INFO[System.AddonVersion(script.image.resource.select),, &#8226; $LOCALIZE[31723]]</label2>
							<icon>$INFO[System.AddonIcon(script.image.resource.select)]</icon>
							<onclick condition="System.HasAddon(script.image.resource.select)">Addon.OpenSettings(script.image.resource.select)</onclick>
							<onclick condition="!System.HasAddon(script.image.resource.select)">RunPlugin(plugin://script.image.resource.select)</onclick>
						</item>
						<item>
							<label>Skin Helper Service</label>
							<label2>$INFO[System.AddonVersion(script.skin.helper.service),, &#8226; $LOCALIZE[31723]]</label2>
							<icon>$INFO[System.AddonIcon(script.skin.helper.service)]</icon>
							<onclick condition="System.HasAddon(script.skin.helper.service)">Addon.OpenSettings(script.skin.helper.service)</onclick>
							<onclick condition="!System.HasAddon(script.skin.helper.service)">RunPlugin(plugin://script.skin.helper.service)</onclick>
						</item>
						<item>
							<label>Skin Shortcuts</label>
							<label2>$INFO[System.AddonVersion(script.skinshortcuts),, &#8226; $LOCALIZE[31723]]</label2>
							<icon>$INFO[System.AddonIcon(script.skinshortcuts)]</icon>
							<onclick condition="System.HasAddon(script.skinshortcuts)">Addon.OpenSettings(script.skinshortcuts)</onclick>
							<onclick condition="!System.HasAddon(script.skinshortcuts)">RunPlugin(plugin://script.skinshortcuts)</onclick>
						</item>
						<item>
							<label>Toolbox</label>
							<label2>$INFO[System.AddonVersion(script.toolbox),, &#8226; $LOCALIZE[31723]]</label2>
							<icon>$INFO[System.AddonIcon(script.toolbox)]</icon>
							<onclick condition="System.HasAddon(script.toolbox)">Addon.OpenSettings(script.toolbox)</onclick>
							<onclick condition="!System.HasAddon(script.toolbox)">RunPlugin(plugin://script.toolbox)</onclick>
						</item>
						<item>
							<label>TV Show - Next Aired</label>
							<label2>$INFO[System.AddonVersion(script.tv.show.next.aired),, &#8226; $LOCALIZE[31723]]</label2>
							<icon>$INFO[System.AddonIcon(script.tv.show.next.aired)]</icon>
							<onclick condition="System.HasAddon(script.tv.show.next.aired)">Addon.OpenSettings(script.tv.show.next.aired)</onclick>
							<onclick condition="!System.HasAddon(script.tv.show.next.aired)">RunPlugin(plugin://script.tv.show.next.aired)</onclick>
						</item>
						<item>
							<label>Library Data Provider</label>
							<label2>$INFO[System.AddonVersion(service.library.data.provider),, &#8226; $LOCALIZE[31723]]</label2>
							<icon>$INFO[System.AddonIcon(service.library.data.provider)]</icon>
							<onclick condition="System.HasAddon(service.library.data.provider)">Addon.OpenSettings(service.library.data.provider)</onclick>
							<onclick condition="!System.HasAddon(service.library.data.provider)">RunPlugin(plugin://service.library.data.provider)</onclick>
						</item>
						<item>
							<label>Global Search</label>
							<label2>$INFO[System.AddonVersion(script.globalsearch),, &#8226; $LOCALIZE[31724]]</label2>
							<icon>$INFO[System.AddonIcon(script.globalsearch)]</icon>
							<onclick condition="System.HasAddon(script.globalsearch)">Addon.OpenSettings(script.globalsearch)</onclick>
							<onclick condition="!System.HasAddon(script.globalsearch)">RunPlugin(plugin://script.globalsearch)</onclick>
						</item>
						<item>
							<label>Artists Slideshow</label>
							<label2>$INFO[System.AddonVersion(script.artistslideshow),, &#8226; $LOCALIZE[31724]]</label2>
							<icon>$INFO[System.AddonIcon(script.artistslideshow)]</icon>
							<onclick condition="System.HasAddon(script.artistslideshow)">Addon.OpenSettings(script.artistslideshow)</onclick>
							<onclick condition="!System.HasAddon(script.artistslideshow)">RunPlugin(plugin://script.artistslideshow)</onclick>
						</item>
						<item>
							<label>TV Tunes</label>
							<label2>$INFO[System.AddonVersion(script.tvtunes),, &#8226; $LOCALIZE[31724]]</label2>
							<icon>$INFO[System.AddonIcon(script.tvtunes)]</icon>
							<onclick condition="System.HasAddon(script.tvtunes)">Addon.OpenSettings(script.tvtunes)</onclick>
							<onclick condition="!System.HasAddon(script.tvtunes)">RunPlugin(plugin://script.tvtunes)</onclick>
						</item>
					</content>
				</control>
			</control>
			<!--dialog controls-->
			<control type="button" id="10">
				<right>20</right>
				<bottom>20</bottom>
				<width>120</width>
				<height>40</height>
				<label>$LOCALIZE[15067]</label>
				<onup>100</onup>
				<ondown>100</ondown>
				<onclick>Action(Close)</onclick>
				<include>dialog_WindowButton</include>
			</control>
		</control>	
	</controls>
</window>