<?xml version="1.0" encoding="utf-8"?>
<window id="1140">
	<onunload>ClearProperty(extType)</onunload>
	<onunload>ClearProperty(extContent)</onunload>
	<onunload>ClearProperty(extQuery)</onunload>

	<onload condition="StringCompare(Window(Home).Property(extType),poster)">SetFocus(50)</onload>
	<onload condition="StringCompare(Window(Home).Property(extType),square)">SetFocus(55)</onload>
	<onload condition="StringCompare(Window(Home).Property(extType),thumbnail)">SetFocus(60)</onload>
	
	<controls>

	<!--global includes-->
		<include>global_Background</include>
		<include>global_Includes</include>

	<!--window header-->
		<include name="windowTitle">
			<param name="Left" value="32"/>
			<param name="Label" value="$INFO[Window(Home).Property(extContent)]"/>
		</include>

		<include name="global_Itemcount" condition="StringCompare(Window(Home).Property(extType),poster)">
			<param name="InfoLabel" value="$INFO[Container(50).NumItems,[B],[/B]] $LOCALIZE[31608]$INFO[Window(Home).Property(extQuery), [B],[/B]]"/>
		</include>
		<include name="global_Itemcount" condition="StringCompare(Window(Home).Property(extType),square)">
			<param name="InfoLabel" value="$INFO[Container(55).NumItems,[B],[/B]] $LOCALIZE[31608]$INFO[Window(Home).Property(extQuery), [B],[/B]]"/>
		</include>
		<include name="global_Itemcount" condition="StringCompare(Window(Home).Property(extType),thumbnail)">
			<param name="InfoLabel" value="$INFO[Container(60).NumItems,[B],[/B]] $LOCALIZE[31608]$INFO[Window(Home).Property(extQuery), [B],[/B]]"/>
		</include>

		<!--testing labels
		<control type="label">
			<left>400</left>
			<font>regular</font>
			<label>$INFO[Window(Home).Property(extDBID)]</label>
		</control>
		<control type="label">
			<top>20</top>
			<left>400</left>
			<font>regular</font>
			<label>$INFO[Window(Home).Property(extContent)]</label>
		</control>
		<control type="label">
			<top>40</top>
			<left>400</left>
			<font>regular</font>
			<label>$INFO[Window(Home).Property(extType)]</label>
		</control>
		-->

	<!--results-->
		<control type="group">
			<include>transition_Content</include>
			<include>toggle_Menu</include>
			<include>transition_Info</include>
			<visible>!Window.IsActive(busydialog)</visible>
			<control type="panel" id="50">
				<viewtype label="31113">bigicon</viewtype>	
				<left>55</left>
				<top>90</top>
				<width>1164</width>
				<height>554</height>
				<onleft>6000</onleft>
				<onright>70</onright>
				<onup>50</onup>
				<ondown>50</ondown>
				<pagecontrol>70</pagecontrol>
				<preloaditems>2</preloaditems>
				<orientation>vertical</orientation>
				<include>global_ListScroll</include>
				<visible>StringCompare(Window(Home).Property(extType),poster)</visible>
				<itemlayout width="194" height="277">
					<include>view_Icon-Frame</include>
					<include>view_Icon-Art</include>
				</itemlayout>
				<focusedlayout width="194" height="277">
					<include name="view_Icon-Frame">
						<param name="State" value="frames/frame-fo.png" />
					</include>
					<include>view_Icon-Art</include>
				</focusedlayout>
				<content sortorder="ascending" sortby="label">$VAR[extContent:Poster]</content>
			</control>
			<control type="group">
				<visible>StringCompare(Window(Home).Property(extType),poster)</visible>
				<control type="image">
					<right>80</right>
					<bottom>23</bottom>
					<include>flag_Studio</include>
				</control>
				<control type="group">
					<left>60</left>
					<bottom>20</bottom>
					<height>53</height>
					<control type="label">
						<label>$INFO[Container(50).ListItem(0).Label]</label>
						<width>1028</width>
						<include>detail_Title</include>
					</control>
					<control type="label">
						<top>25</top>
						<label>$INFO[Container(50).ListItem(0).Property(Year)]$INFO[Container(50).ListItem(0).Property(Rating), &#8226; ,]$INFO[Container(50).ListItem.Votes, (, $LOCALIZE[20350])]</label>
						<width>1028</width>
						<include>detail_Sub</include>
					</control>
				</control>
			</control>

			<control type="panel" id="55">
				<viewtype label="31113">bigicon</viewtype>	
				<left>80</left>
				<top>90</top>
				<width>1128</width>
				<height>564</height>
				<onleft>6000</onleft>
				<onright>70</onright>
				<onup>55</onup>
				<ondown>55</ondown>
				<pagecontrol>70</pagecontrol>
				<preloaditems>2</preloaditems>
				<orientation>vertical</orientation>
				<include>global_ListScroll</include>
				<visible>StringCompare(Window(Home).Property(extType),square)</visible>
				<itemlayout width="188" height="188">
					<include name="view_Icon-Frame">
						<param name="Width" value="178"/>
						<param name="Height" value="178"/>
					</include>
					<include name="view_Icon-Art">
						<param name="Width" value="164"/>
						<param name="Height" value="164"/>
					</include>
				</itemlayout>
				<focusedlayout width="188" height="188">
					<include name="view_Icon-Frame">
						<param name="State" value="frames/frame-fo.png"/>
						<param name="Width" value="178"/>
						<param name="Height" value="178"/>
					</include>
					<include name="view_Icon-Art">
						<param name="Width" value="164"/>
						<param name="Height" value="164"/>
					</include>
				</focusedlayout>
				<content sortorder="ascending" sortby="label">$VAR[extContent:Square]</content>
			</control>
			<control type="group">
				<left>87</left>
				<top>652</top>
				<visible>StringCompare(Window(Home).Property(extType),square)</visible>
				<control type="label">
					<label>$INFO[Container(55).ListItem(0).Label]</label>
					<width>1000</width>
					<include>detail_Title</include>
				</control>
				<control type="label">
					<top>25</top>
					<label>$INFO[Container(55).ListItem(0).Property(year)]$INFO[Container(55).ListItem(0).Property(Genre), &#8226; ]$INFO[Container(55).ListItem(0).Property(Type), &#8226; ]</label>
					<width>1100</width>
					<include>detail_Sub</include>
				</control>
				<control type="label">
					<left>1085</left>
					<top>25</top>
					<width>300</width>
					<label>$INFO[ListItem.Duration]</label>
					<align>right</align>
					<include>detail_Sub</include>
				</control>
			</control>

			<control type="panel" id="60">
				<left>35</left>
				<top>105</top>
				<width>1224</width>
				<height>572</height>
				<onleft>noop</onleft>
				<onright>70</onright>
				<onup>50</onup>
				<ondown>50</ondown>
				<pagecontrol>70</pagecontrol>
				<preloaditems>2</preloaditems>
				<include>global_ListScroll</include>
				<visible>StringCompare(Window(Home).Property(extType),thumbnail)</visible>
				<itemlayout width="404" height="286">
					<include name="view_Icon-Frame">
						<param name="Width" value="394"/>
						<param name="Height" value="219"/>
					</include>
					<include name="view_Icon-Art">
						<param name="Width" value="380"/>
						<param name="Height" value="205"/>
						<param name="Fallback" value="thumbs/default_Landscape.png"/>
						<param name="ShowLogo" default="true"/>
					</include>
					<include name="view_Icon-Data">
						<param name="Font" value="Condensed"/>
					</include>
				</itemlayout>
				<focusedlayout width="404" height="286">
					<include name="view_Icon-Frame">
						<param name="Width" value="394"/>
						<param name="Height" value="219"/>
						<param name="State" value="frames/frame-fo.png"/>
					</include>
					<include name="view_Icon-Art">
						<param name="Width" value="380"/>
						<param name="Height" value="205"/>
						<param name="Fallback" value="thumbs/default_Landscape.png"/>
						<param name="ShowLogo" default="true"/>
					</include>
					<include name="view_Icon-Data">
						<param name="Font" value="Condensed"/>
					</include>
				</focusedlayout>
				<content sortorder="ascending" sortby="label">$VAR[extContent:Thumbnail]</content>
			</control>
		</control>

	<!--pagecontrol-->
		<include>PageControls</include>

	</controls>
</window>