<?xml version="1.0" encoding="UTF-8"?>
<window type="dialog" id="1130">
	<defaultcontrol always="true">500</defaultcontrol>
	<coordinates>
		<system>1</system>
		<left>0</left>
		<top>0</top>
	</coordinates>

	<onunload condition="!String.IsEmpty(Window(movieinformation).Property(ActorID)) + !String.IsEmpty(Window(movieinformation).Property(DoAction))">SetFocus(50,$INFO[Window(movieinformation).Property(ActorID)])</onunload>
	<onunload condition="!String.IsEmpty(Window(movieinformation).Property(ActorID)) + !String.IsEmpty(Window(movieinformation).Property(DoAction))">Action(select)</onunload>
	<onunload condition="!String.IsEmpty(Window(movieinformation).Property(ActorID)) + !String.IsEmpty(Window(movieinformation).Property(DoAction))">Control.Move(50,-$INFO[Window(movieinformation).Property(ActorID)])</onunload>
	<onunload condition="!String.IsEmpty(Window(movieinformation).Property(ActorID)) + !String.IsEmpty(Window(movieinformation).Property(DoAction))">SetFocus(5050)</onunload>
	<onunload>ClearProperty(ActorID,movieinformation)</onunload>
	<onunload>ClearProperty(ActorName,movieinformation)</onunload>
	<onunload>ClearProperty(DoAction,movieinformation)</onunload>

	<controls>
		<control type="grouplist" id="500">
			<left>460</left>
			<width>352</width>
			<height>screen_Height</height>
			<onup>500</onup>
			<ondown>500</ondown>
			<itemgap>0</itemgap>
			<align>center</align>
			<include>global_ListScroll</include>
			<include>transition_Dialog</include>
			<control type="image" id="499">
				<width>352</width>
				<height>20</height>
				<texture border="20,0,20,0">dialogs/frame/menu_top.png</texture>
			</control>
			<control type="button" id="501">
				<width>352</width>
				<label>$LOCALIZE[31522]</label>					
				<onclick>RunScript(script.extendedinfo,info=extendedactorinfo,name=$INFO[Window(movieinformation).Property(ActorName)])</onclick>
				<onclick>Dialog.Close(1130)</onclick>
				<onclick>Dialog.Close(movieinformation)</onclick>
				<onclick>ClearProperty(ActorID,movieinformation)</onclick>
				<onclick>ClearProperty(ActorName,movieinformation)</onclick>
				<include>dialog_MenuButton</include>
			</control>
			<control type="button" id="502">
				<width>352</width>
				<label>$LOCALIZE[31523]</label>					
				<onclick>Dialog.Close(1130)</onclick>
				<onclick>SetProperty(DoAction,True,movieinformation)</onclick>
				<include>dialog_MenuButton</include>
			</control>
			<control type="image" id="510">
				<width>352</width>
				<height>20</height>
				<texture border="20,0,20,0">dialogs/frame/menu_bottom.png</texture>
			</control>
		</control>
	</controls>
</window>