<?xml version="1.0" encoding="UTF-8"?>
<window>
	<defaultcontrol always="true">20</defaultcontrol>
	<include>transition_Dialog</include>
	<coordinates>
		<system>1</system>
		<left>310</left>
		<top>40</top>
	</coordinates>
	<controls>
		<control type="group">
			<include name="dialog_WindowCommons">
				<param name="DialogWidth" value="660"/>
				<param name="DialogHeight" value="640"/>
				<param name="DialogHeader" value="$LOCALIZE[20333]"/>
				<param name="DialogHeaderID" value="1"/>
				<param name="DialogSeparator" value="false"/>
			</include>
			<control type="group" id="9002">
				<left>4</left>
				<top>60</top>
				<control type="group" id="9003">
					<control type="label">
						<width>652</width>
						<label>$LOCALIZE[20344]</label>
						<include>dialog_Header</include>
						<include>dialog_ControlCommons</include>
					</control>
					<control type="image">
						<top>39</top>
						<width>652</width>
						<include>dialog_Separator</include>
					</control>
					<control type="group">
						<top>40</top>
						<!--content picker-->
						<control type="spincontrolex" id="20">
							<!--important-->
							<top>0</top>
							<!---->
							<width>652</width>
							<label>-</label>
							<font>-</font>
							<onleft>noop</onleft>
							<onup>9001</onup>
							<ondown>21</ondown>
							<include>dialog_ControlCommons</include>
							<include>dialog_Spin</include>
						</control>
						<control type="label">
							<width>556</width>
							<label>$INFO[Control.GetLabel(20)]</label>
							<include>dialog_ControlCommons</include>
							<visible>!Control.HasFocus(20)</visible>
						</control>
						<control type="label">
							<width>556</width>
							<label>$INFO[Control.GetLabel(20)]</label>
							<textcolor>Color1</textcolor>
							<include>dialog_ControlCommons</include>
							<visible>Control.HasFocus(20)</visible>
						</control>
					</control>
				</control>
				<!--scrapers-->
				<control type="group" id="9004">
					<top>100</top>
					<visible>!SubString(Control.GetLabel(20),$LOCALIZE[231])</visible>
					<control type="label">
						<width>613</width>
						<label>$LOCALIZE[20195]</label>
						<include>dialog_Header</include>
						<include>dialog_ControlCommons</include>
					</control>
					<control type="image">
						<top>39</top>
						<width>652</width>
						<include>dialog_Separator</include>
					</control>
					<!--scrapers list-->
					<include name="dialog_Common-List">
						<param name="ID" value="21"/>
						<param name="ContainerLeft" value="0"/>
						<param name="ContainerTop" value="40"/>
						<param name="ContainerWidth" value="652"/>
						<param name="ContainerHeight" value="120"/>
						<param name="Width" value="652"/>
						<param name="OnUp" value="20"/>
						<param name="OnDown" value="5"/>
					</include>
				</control>
				<!--options-->
				<control type="group" id="9005">
					<top>280</top>
					<animation effect="slide" start="0,0" end="0,-180"  time="0" condition="SubString(Control.GetLabel(3),$LOCALIZE[231])">Conditional</animation>
					<control type="label">
						<width>652</width>
						<label>$LOCALIZE[33063]</label>
						<visible>Control.IsEnabled(5)</visible>
						<include>dialog_Header</include>
						<include>dialog_ControlCommons</include>
					</control>
					<control type="image">
						<top>39</top>
						<width>652</width>
						<include>dialog_Separator</include>
					</control>
					<!--controls area-->
					<control type="grouplist" id="5">
						<top>40</top>
						<width>652</width>
						<height>200</height>
						<itemgap>0</itemgap>
						<onleft>noop</onleft>
						<onright>noop</onright>
						<onup>21</onup>
						<ondown>9001</ondown>
					</control>
				</control>
				<!--default button-->
				<control type="button" id="7">
					<include>dialog_ControlCommons</include>
				</control>
				<!--default radiobutton-->
				<control type="radiobutton" id="8">
					<include>dialog_ControlCommons</include>
					<include>dialog_Radio</include>
				</control>
			</control>

		<!--dialog buttons--> 
			<control type="group" id="9001">
				<top>580</top>
				<width>660</width>
				<height>40</height>
				<!--settings-->
				<control type="button" id="22">
					<left>20</left>
					<label>$LOCALIZE[5]</label>
					<onup>5</onup>
					<ondown>20</ondown>
					<onleft>29</onleft>
					<onright>28</onright>
					<width>160</width>
					<include>dialog_WindowButton</include>
				</control>
				<control type="grouplist">
					<right>20</right>
					<width>254</width>
					<onleft>22</onleft>
					<onright>22</onright>
					<onup>5</onup>
					<ondown>20</ondown>
					<orientation>horizontal</orientation>
					<itemgap>10</itemgap>
					<!--ok-->
					<control type="button" id="28">
						<left>363</left>
						<label>$LOCALIZE[186]</label>
						<include>dialog_WindowButton</include>
					</control>
					<!--cancel-->
					<control type="button" id="29">
						<left>493</left>
						<label>$LOCALIZE[222]</label>
						<include>dialog_WindowButton</include>
					</control>
				</control>
			</control>
		</control>
	</controls>
</window>