<?xml version="1.0" encoding="UTF-8"?>
<window>
	<defaultcontrol>-</defaultcontrol>
	<visible>!Window.IsActive(videoosd) + Window.IsActive(fullscreenvideo)</visible>
	<visible>!VideoPlayer.Content(livetv)</visible>
	<controls>
		<control type="group">
			<visible>!Window.IsVisible(subtitlesearch)</visible>
			<control type="group">
				<include>transition_OSD</include>
				<include>osd_Seekbar</include>
				<visible>Player.ShowInfo | Player.Paused | Player.Seeking | Player.DisplayAfterSeek | [Player.Paused + !Player.Caching] | Player.Forwarding | Player.Rewinding</visible>
			</control>
			<control type="group">
				<visible>[Player.Paused + !Player.Caching]</visible>
				<include>osd_Info</include>
			</control>
		</control>
	</controls>
</window>