<?xml version="1.0" encoding="UTF-8"?>
<window>
	<defaultcontrol always="true">9003</defaultcontrol>
	<include>transition_Dialog</include>
	<coordinates>
		<system>1</system>
		<left>190</left>
		<top>68</top>
	</coordinates>
	<controls>
		<control type="group">
			<visible>!Window.IsVisible(FileBrowser)</visible>
			<control type="group">
				<control type="image">
					<width>900</width>
					<height>585</height>
					<include>dialog_Window</include>
				</control>
				<control type="label" id="1">
					<width>892</width>
					<scroll>true</scroll>
					<label>$LOCALIZE[19143]</label>
					<include>dialog_Windowtitle</include>
				</control>
			<!--main-->
				<control type="group" id="9001">
					<left>4</left>
					<top>60</top>
					<control type="image">
						<width>892</width>
						<include>dialog_Separator</include>
					</control>
					<control type="image">
						<top>40</top>
						<width>892</width>
						<include>dialog_SectionSeparator</include>
					</control>
					<control type="image">
						<top>439</top>
						<width>892</width>
						<include>dialog_Separator</include>
					</control>
					<control type="image">
						<left>297</left>
						<top>40</top>
						<height>400</height>
						<include>dialog_Separator-y</include>
					</control>
					<control type="image">
						<left>594</left>
						<top>40</top>
						<height>400</height>
						<include>dialog_Separator-y</include>
					</control>
					<!--available groups-->
					<control type="group">
						<control type="label">
							<width>340</width>
							<label>$LOCALIZE[31400]</label>
							<include>dialog_Header</include>
							<include>dialog_ControlCommons</include>
						</control>
						<include name="dialog_Common-List">
							<param name="ID" value="13"/>
							<param name="ContainerTop" value="40"/>
							<param name="ContainerWidth" value="297"/>
							<param name="ContainerHeight" value="400"/>
							<param name="Width" value="297"/>
							<param name="OnUp" value="13"/>
							<param name="OnDown" value="13"/>
							<param name="OnLeft" value="9003"/>
							<param name="OnRight" value="11"/>
						</include>
					</control>
					<!--hidden channels-->
					<control type="group">
						<left>297</left>
						<control type="label">
							<width>300</width>
							<label>$LOCALIZE[31404]</label>
							<include>dialog_Header</include>
							<include>dialog_ControlCommons</include>
						</control>
						<include name="dialog_Common-List">
							<param name="ID" value="11"/>
							<param name="ContainerTop" value="40"/>
							<param name="ContainerWidth" value="297"/>
							<param name="ContainerHeight" value="400"/>
							<param name="Width" value="297"/>
							<param name="OnUp" value="11"/>
							<param name="OnDown" value="11"/>
							<param name="OnLeft" value="13"/>
							<param name="OnRight" value="12"/>
						</include>
					</control>
					<!--grouped channels-->
					<control type="group">
						<left>594</left>
						<control type="label">
							<width>300</width>
							<label>$INFO[Control.GetLabel(20)]</label>
							<include>dialog_Header</include>
							<include>dialog_ControlCommons</include>
						</control>
						<include name="dialog_Common-List">
							<param name="ID" value="12"/>
							<param name="ContainerTop" value="40"/>
							<param name="ContainerWidth" value="297"/>
							<param name="ContainerHeight" value="400"/>
							<param name="Width" value="297"/>
							<param name="OnUp" value="12"/>
							<param name="OnDown" value="12"/>
							<param name="OnLeft" value="11"/>
							<param name="OnRight" value="9003"/>
						</include>
					</control>
				</control>
			<!--dialog controls-->
				<control type="grouplist" id="9003">
					<left>111</left>
					<top>520</top>
					<itemgap>10</itemgap>
					<onup>9001</onup>
					<ondown>9001</ondown>
					<orientation>horizontal</orientation>
					<!--add group-->
					<control type="button" id="26">
						<label>$LOCALIZE[31401]</label>
						<onleft>7</onleft>
						<onright>6</onright>
						<onup>9001</onup>
						<ondown>6000</ondown>
						<width>160</width>
						<include>dialog_WindowButton</include>
					</control>
					<!--rename group-->
					<control type="button" id="27">
						<label>$LOCALIZE[31402]</label>
						<onleft>5</onleft>
						<onright>7</onright>
						<onup>9001</onup>
						<ondown>6000</ondown>
						<width>160</width>
						<include>dialog_WindowButton</include>
					</control>
					<!--delete group-->
					<control type="button" id="28">
						<label>$LOCALIZE[31403]</label>
						<onleft>6</onleft>
						<onright>5</onright>
						<onup>9001</onup>
						<ondown>6000</ondown>
						<width>160</width>
						<include>dialog_WindowButton</include>
					</control>
					<!--ok-->
					<control type="button" id="29">
						<label>$LOCALIZE[186]</label>
						<onleft>6</onleft>
						<onright>5</onright>
						<onup>9001</onup>
						<ondown>6000</ondown>
						<width>160</width>
						<include>dialog_WindowButton</include>
					</control>
				</control>
			</control>
		</control>
		<!--groups name label-->
		<control type="label" id="20">
			<visible>false</visible>
		</control>
	</controls>
</window>