<?xml version="1.0" encoding="UTF-8"?>
<window>
	<defaultcontrol>70</defaultcontrol>
	<include>transition_Dialog</include>
	<coordinates>
		<system>1</system>
		<left>0</left>
		<top>0</top>
	</coordinates>
	<controls>
		<control type="group">
			<control type="image">
				<aspectratio>scale</aspectratio>
				<include>screen_Dimensions</include>
				<texture background="true">overlays/base_color.png</texture>
				<colordiffuse>base_2</colordiffuse>
			</control>
			<control type="group">
				<left>20</left>
				<top>20</top>
				<control type="label" id="1">
					<width>1260</width>
					<align>center</align>
					<textcolor>Color1</textcolor>
					<include>osd_Title</include>
				</control>
				<control type="textbox" id="5">
					<top>40</top>
					<left>90</left>
					<width>1100</width>
					<height>720</height>
					<align>center</align>
					<textcolor>Color1</textcolor>
					<font>regular_Big</font>
					<pagecontrol>70</pagecontrol>
					<autoscroll>false</autoscroll>
				</control>
			</control>
			
		<!--scrollbars-->
			<include>PageControls</include>

		</control>
	</controls>
</window>