<?xml version="1.0" encoding="utf-8"?>
<window>
	<defaultcontrol always="true">5000</defaultcontrol>
	<onload>Skin.SetString(info.toggle,plot)</onload>
	<onunload>Skin.SetString(info.toggle,plot)</onunload>
	<controls>
		<control type="group">
			<include>screen_Dimensions</include>

			<!--background-->
			<control type="image">
				<include>screen_Dimensions</include>
				<texture background="true">$VAR[art:Container]</texture>
				<aspectratio>scale</aspectratio>
				<animation type="WindowOpen">
					<effect type="Fade" time="transition_Open" start="0" end="100" />
				</animation>			
				<animation type="WindowClose">
					<effect type="Fade" time="transition_Close" start="100" end="0" />
				</animation>
			</control>

			<control type="image">
				<include>screen_Dimensions</include>
				<texture background="true">overlays/base_color.png</texture>
				<colordiffuse>base_1</colordiffuse>
				<visible>IsEmpty(ListItem.Art(fanart))</visible>
			</control>

			<control type="group">
				<include>screen_Dimensions</include>
				<include>transition_Content</include>
				<!--main container-->
				<control type="grouplist" id="4000">
					<include>screen_Dimensions</include>
					<onright>70</onright>
					<pagecontrol>70</pagecontrol>
					<include>global_Scrolltime</include>
					<orientation>vertical</orientation>
					<itemgap>0</itemgap>
					<!--banner window-->
					<control type="group">
						<width>100%</width>
						<height>250</height>
						<control type="image">
							<width>100%</width>
							<height>200</height>
							<texture>overlays/vignette_bottom.png</texture>
							<aspectratio aligny="bottom">stretch</aspectratio>
						</control>
						<!--studio / network logos-->
						<control type="image">
							<right>40</right>
							<bottom>60</bottom>
							<width>96</width>
							<height>48</height>
							<aspectratio align="right">keep</aspectratio>
							<colordiffuse>flag_1</colordiffuse>
							<texture>$VAR[flag:Studio]</texture>
							<visible>!Container.Content(movies)</visible>
						</control>
						<control type="image">
							<right>40</right>
							<bottom>60</bottom>
							<width>128</width>
							<height>64</height>
							<aspectratio align="right">keep</aspectratio>
							<colordiffuse>flag_1</colordiffuse>
							<texture>$VAR[flag:Studio]</texture>
							<visible>Container.Content(movies)</visible>
						</control>
						<!--begin main column-->
						<control type="group">
							<left>300</left>
							<top>110</top>
							<control type="label">
								<width min="0" max="1164">auto</width>
								<label>$INFO[ListItem.Title]</label>
								<selectedcolor>Color1</selectedcolor>
								<include>osd_Title</include>
							</control>
							<control type="label">
								<top>28</top>
								<width>1164</width>
								<label>$VAR[information:Header]</label>
								<font>regular_Small-U</font>
								<include>osd_Sub</include>
							</control>
							<control type="label">
								<top>50</top>
								<width min="0" max="1164">auto</width>
								<label>$VAR[information:Sub]</label>
								<font>regular_Smaller-U</font>
								<textcolor>Color3</textcolor>
								<include>osd_Sub</include>
							</control>
						</control>

						<control type="group">
							<width>100%</width>
							<height>screen_Height</height>
							<control type="image">
								<top>200</top>	
								<width>100%</width>
								<height>520</height>	
								<aspectratio>stretch</aspectratio>
								<texture background="true">overlays/base_color.png</texture>
								<colordiffuse>base_1</colordiffuse>
							</control>
							<!--begin main content area-->
							<control type="group">
								<left>300</left>
								<top>220</top>
								<control type="grouplist" id="5000">
									<width>100%</width>
									<height>40</height>
									<itemgap>10</itemgap>
									<onright>71</onright>
									<orientation>horizontal</orientation>
									<defaultcontrol always="true">8</defaultcontrol>
									<!--play / browse-->
									<control type="togglebutton" id="8">
										<label>$LOCALIZE[208]</label>
										<altlabel>$LOCALIZE[1024]</altlabel>
										<ondown condition="System.HasAddon(script.extendedinfo)">5050</ondown>
										<ondown condition="!System.HasAddon(script.extendedinfo)">50</ondown>
										<onclick>Dialog.Close(MovieInformation)</onclick>
										<include>global_Button</include>
										<usealttexture>Container.Content(tvshows)</usealttexture>
									</control>
									<!--cast / plot-->
									<control type="button" id="5">
										<label>$LOCALIZE[206]</label>
										<ondown>50</ondown>
										<include>global_Button</include>
										<visible>!System.HasAddon(script.extendedinfo)</visible>
									</control>
									<control type="button" id="55">
										<label>$VAR[information:Toggle]</label>
										<ondown condition="System.HasAddon(script.extendedinfo)">5050</ondown>
										<ondown condition="!System.HasAddon(script.extendedinfo)">50</ondown>
										<onclick condition="IsEmpty(Skin.String(info.toggle))">Skin.SetString(info.toggle,plot)</onclick>
										<onclick condition="StringCompare(Skin.String(info.toggle),cast)">Skin.SetString(info.toggle,plot)</onclick>
										<onclick condition="StringCompare(Skin.String(info.toggle),plot)">Skin.SetString(info.toggle,cast)</onclick>
										<include>global_Button</include>
										<visible>System.HasAddon(script.extendedinfo)</visible>
									</control>
									<!--director-->
									<control type="button" id="13">
										<label>$LOCALIZE[20339]</label>
										<ondown condition="System.HasAddon(script.extendedinfo)">5050</ondown>
										<ondown condition="!System.HasAddon(script.extendedinfo)">50</ondown>
										<include>global_Button</include>
										<visible>Container.Content(movies) + !SubString(Container.FolderPath,plugin://)</visible>
									</control>
									<!--cinema-->
									<control type="button" id="5003">
										<label>Cinema</label>
										<ondown condition="System.HasAddon(script.extendedinfo)">5050</ondown>
										<ondown condition="!System.HasAddon(script.extendedinfo)">50</ondown>
										<onclick>Dialog.Close(movieinformation)</onclick>
										<onclick>Playlist.Clear</onclick>
										<onclick>XBMC.RunScript(script.cinema.experience,movieid=$INFO[ListItem.DBID])</onclick>
										<include>global_Button</include>
										<visible>Container.Content(movies) + System.HasAddon(script.cinema.experience) + !SubString(ListItem.Path,plugin://)</visible>
									</control>
									<!--explore-->
									<control type="button" id="5004">
										<label>$LOCALIZE[31506]</label>
										<onclick>ActivateWindow(1160)</onclick>
										<ondown condition="System.HasAddon(script.extendedinfo)">5050</ondown>
										<ondown condition="!System.HasAddon(script.extendedinfo)">50</ondown>
										<include>global_Button</include>
										<visible>Container.Content(movies) + !SubString(Container.FolderPath,plugin://)</visible>
									</control>
									<!--manage-->
									<control type="button" id="5005">
										<label>$LOCALIZE[16106]</label>
										<onclick>ActivateWindow(1120)</onclick>
										<ondown condition="System.HasAddon(script.extendedinfo)">5050</ondown>
										<ondown condition="!System.HasAddon(script.extendedinfo)">50</ondown>
										<include>global_Button</include>
										<visible>!SubString(Container.FolderPath,plugin://) + !Skin.HasSetting(global.kiosk)</visible>
									</control>
								</control>
								<!--plot / descriptions-->
								<control type="textbox" id="401">
									<top>70</top>
									<width>875</width>
									<height min="0" max="325">auto</height>
									<label>[B]$INFO[ListItem.Tagline,,[CR][CR]][/B]$INFO[ListItem.Plot,,[CR][CR]]$VAR[information:Consensus][CR][CR]$INFO[Window(movieinformation).Property(SkinHelper.RottenTomatoesAwards)]</label>
									<pagecontrol>71</pagecontrol>
									<include>detail_Text</include>
									<visible>StringCompare(Skin.String(info.toggle),plot) | IsEmpty(Skin.String(info.toggle))</visible>
								</control>
							</control>
							<!--media flags-->
							<control type="group">
								<left>300</left>
								<bottom>40</bottom>
								<height>40</height>
								<visible>![Control.IsVisible(50) | Control.IsVisible(5050)]</visible>
								<control type="grouplist">
									<width>875</width>
									<height>40</height>
									<itemgap>10</itemgap>
									<orientation>horizontal</orientation>
									<include>media_Flags</include>
									<visible>![Container.Content(tvshows) | Container.Content(seasons) | SubString(Container.FolderPath,plugin://)]</visible>
								</control>
								<control type="label">
									<top>25</top>
									<height>20</height>
									<label>$INFO[ListItem.Path]</label>
									<font>regular_Smaller-U</font>
									<textcolor>Color3</textcolor>
								</control>
							</control>
						</control>

						<!--begin left column-->
						<control type="group">
							<left>40</left>
							<top>40</top>
							<control type="image">
								<width>207</width>
								<height>300</height>
								<include>art_Frame-nf</include>
							</control>
							<control type="group">
								<left>7</left>
								<top>7</top>
								<control type="image">	
									<width>193</width>
									<height>286</height>
									<texture background="true">thumbs/default_Portrait.png</texture>
									<aspectratio>stretch</aspectratio>
								</control>
								<control type="image">
									<width>193</width>
									<height>286</height>
									<texture background="true">$VAR[art:Portrait]</texture>
									<aspectratio align="center" aligny="top">scale</aspectratio>
								</control>
							</control>
							<control type="textbox" id="401">
								<top>320</top>
								<width>200</width>
								<height min="0" max="300">auto</height>
								<align>right</align>
								<label>$INFO[ListItem.Director,[B]$LOCALIZE[20339][/B][CR],[CR][CR]]$INFO[ListItem.Writer,[B]$LOCALIZE[20417][/B][CR],[CR][CR]]$INFO[ListItem.Cast,[B]$LOCALIZE[31505][/B][CR],[CR]]</label>
								<include>detail_Text</include>
							</control>
						</control>
					</control>		
				</control>

				<!--standard actor list-->
				<control type="panel" id="50">
					<left>300</left>
					<top>300</top>
					<width>980</width>
					<height>390</height>
					<onleft>50</onleft>
					<onright>50</onright>
					<onup>5000</onup>
					<ondown>5050</ondown>
					<pagecontrol>501</pagecontrol>
					<orientation>horizontal</orientation>
					<include>fadeinout</include>
					<visible allowhiddenfocus="true">[Container.Content(movies) | Container.Content(tvshows) | Container.Content(episodes)] + IntegerGreaterThan(Container(50).NumItems,0) + !System.HasAddon(script.extendedinfo)</visible>
					<itemlayout width="229" height="350">
						<include name="view_Icon-Frame">
							<param name="Width" value="209"/>
							<param name="Height" value="310"/>
						</include>
						<include name="view_Icon-Art">
							<param name="Width" value="195"/>
							<param name="Height" value="296"/>
						</include>
						<control type="textbox">
							<left>7</left>
							<top>325</top>
							<width>195</width>
							<height min="25" max="48">auto</height>
							<font>condensed_Small</font>
							<align>center</align>
							<aligny>bottom</aligny>
							<textcolor>Color1</textcolor>
							<label>[B]$INFO[ListItem.Label][/B]$INFO[ListItem.Label2, [COLOR=Color3][CR],[/COLOR]]</label>
						</control>
					</itemlayout>
					<focusedlayout width="194" height="350">
						<include name="view_Icon-Frame">
							<param name="State" value="frames/frame-fo.png"/>
							<param name="Width" value="209"/>
							<param name="Height" value="310"/>
						</include>
						<include name="view_Icon-Art">
							<param name="Width" value="195"/>
							<param name="Height" value="296"/>
						</include>
						<control type="textbox">
							<left>7</left>
							<top>325</top>
							<width>195</width>
							<height min="25" max="48">auto</height>
							<font>condensed_Small</font>
							<align>center</align>
							<aligny>bottom</aligny>
							<textcolor>Color1</textcolor>
							<label>[B]$INFO[ListItem.Label][/B]$INFO[ListItem.Label2, [COLOR=Color3][CR],[/COLOR]]</label>
						</control>
					</focusedlayout>
				</control>

				<!--extended actor list-->
				<control type="panel" id="5050">
					<left>300</left>
					<top>300</top>
					<width>980</width>
					<height>390</height>
					<onleft>5050</onleft>
					<onright>5050</onright>
					<onup>5000</onup>
					<ondown>noop</ondown>
					<pagecontrol>501</pagecontrol>
					<orientation>horizontal</orientation>
					<include>fadeinout</include>
					<visible>[Container.Content(movies) | Container.Content(tvshows) | Container.Content(episodes)] + System.HasAddon(script.extendedinfo) + StringCompare(Skin.String(info.toggle),cast)</visible>
					<itemlayout width="229" height="350">
						<include name="view_Icon-Frame">
							<param name="Width" value="209"/>
							<param name="Height" value="310"/>
						</include>
						<include name="view_Icon-Art">
							<param name="Width" value="195"/>
							<param name="Height" value="296"/>
							<param name="Fallback" value="thumbs/default_Portrait.png"/>
							<param name="ShowActualIcon" value="false"/>
							<param name="Art" value="$INFO[ListItem.Icon]"/>
						</include>
						<control type="textbox">
							<left>7</left>
							<top>325</top>
							<width>195</width>
							<height min="25" max="48">auto</height>
							<font>condensed_Small</font>
							<align>center</align>
							<aligny>bottom</aligny>
							<textcolor>Color1</textcolor>
							<label>[B]$INFO[ListItem.Label][/B]$INFO[ListItem.Label2, [COLOR=Color3][CR],[/COLOR]]</label>
						</control>
					</itemlayout>
					<focusedlayout width="194" height="350">
						<include name="view_Icon-Frame">
							<param name="State" value="frames/frame-fo.png"/>
							<param name="Width" value="209"/>
							<param name="Height" value="310"/>
						</include>
						<include name="view_Icon-Art">
							<param name="Width" value="195"/>
							<param name="Height" value="296"/>
							<param name="Fallback" value="thumbs/default_Portrait.png"/>
							<param name="ShowActualIcon" value="false"/>
							<param name="Art" value="$INFO[ListItem.Icon]"/>
						</include>
						<control type="textbox">
							<left>7</left>
							<top>325</top>
							<width>195</width>
							<height min="25" max="48">auto</height>
							<font>condensed_Small</font>
							<align>center</align>
							<aligny>bottom</aligny>
							<textcolor>Color1</textcolor>
							<label>[B]$INFO[ListItem.Label][/B]$INFO[ListItem.Label2, [COLOR=Color3][CR],[/COLOR]]</label>
						</control>
					</focusedlayout>
					<content>
						<item>
							<label>$INFO[Container(50).ListItemAbsolute(0).Label]</label>
							<label2>$INFO[Container(50).ListItemAbsolute(0).Label2]</label2>
							<icon>$INFO[Container(50).ListItemAbsolute(0).Art(thumb)]</icon>
							<onclick>SetProperty(ActorID,0)</onclick>
							<onclick>SetProperty(ActorName,$INFO[Container(50).ListItemAbsolute(0).Label])</onclick>
							<onclick>ActivateWindow(1130)</onclick>
							<visible>!IsEmpty(Container(50).ListItemAbsolute(0).Label)</visible>
						</item>
						<item>
							<label>$INFO[Container(50).ListItemAbsolute(1).Label]</label>
							<label2>$INFO[Container(50).ListItemAbsolute(1).Label2]</label2>
							<icon>$INFO[Container(50).ListItemAbsolute(1).Art(thumb)]</icon>
							<onclick>SetProperty(ActorID,1)</onclick>
							<onclick>SetProperty(ActorName,$INFO[Container(50).ListItemAbsolute(1).Label])</onclick>
							<onclick>ActivateWindow(1130)</onclick>
							<visible>!IsEmpty(Container(50).ListItemAbsolute(1).Label)</visible>
						</item>
						<item>
							<label>$INFO[Container(50).ListItemAbsolute(2).Label]</label>
							<label2>$INFO[Container(50).ListItemAbsolute(2).Label2]</label2>
							<icon>$INFO[Container(50).ListItemAbsolute(2).Art(thumb)]</icon>
							<onclick>SetProperty(ActorID,2)</onclick>
							<onclick>SetProperty(ActorName,$INFO[Container(50).ListItemAbsolute(2).Label])</onclick>
							<onclick>ActivateWindow(1130)</onclick>
							<visible>!IsEmpty(Container(50).ListItemAbsolute(2).Label)</visible>
						</item>
						<item>
							<label>$INFO[Container(50).ListItemAbsolute(3).Label]</label>
							<label2>$INFO[Container(50).ListItemAbsolute(3).Label2]</label2>
							<icon>$INFO[Container(50).ListItemAbsolute(3).Art(thumb)]</icon>
							<onclick>SetProperty(ActorID,3)</onclick>
							<onclick>SetProperty(ActorName,$INFO[Container(50).ListItemAbsolute(3).Label])</onclick>
							<onclick>ActivateWindow(1130)</onclick>
							<visible>!IsEmpty(Container(50).ListItemAbsolute(3).Label)</visible>
						</item>
						<item>
							<label>$INFO[Container(50).ListItemAbsolute(4).Label]</label>
							<label2>$INFO[Container(50).ListItemAbsolute(4).Label2]</label2>
							<icon>$INFO[Container(50).ListItemAbsolute(4).Art(thumb)]</icon>
							<onclick>SetProperty(ActorID,4)</onclick>
							<onclick>SetProperty(ActorName,$INFO[Container(50).ListItemAbsolute(4).Label])</onclick>
							<onclick>ActivateWindow(1130)</onclick>
							<visible>!IsEmpty(Container(50).ListItemAbsolute(4).Label)</visible>
						</item>
						<item>
							<label>$INFO[Container(50).ListItemAbsolute(5).Label]</label>
							<label2>$INFO[Container(50).ListItemAbsolute(5).Label2]</label2>
							<icon>$INFO[Container(50).ListItemAbsolute(5).Art(thumb)]</icon>
							<onclick>SetProperty(ActorID,5)</onclick>
							<onclick>SetProperty(ActorName,$INFO[Container(50).ListItemAbsolute(5).Label])</onclick>
							<onclick>ActivateWindow(1130)</onclick>
							<visible>!IsEmpty(Container(50).ListItemAbsolute(5).Label)</visible>
						</item>
						<item>
							<label>$INFO[Container(50).ListItemAbsolute(6).Label]</label>
							<label2>$INFO[Container(50).ListItemAbsolute(6).Label2]</label2>
							<icon>$INFO[Container(50).ListItemAbsolute(6).Art(thumb)]</icon>
							<onclick>SetProperty(ActorID,6)</onclick>
							<onclick>SetProperty(ActorName,$INFO[Container(50).ListItemAbsolute(6).Label])</onclick>
							<onclick>ActivateWindow(1130)</onclick>
							<visible>!IsEmpty(Container(50).ListItemAbsolute(6).Label)</visible>
						</item>
						<item>
							<label>$INFO[Container(50).ListItemAbsolute(7).Label]</label>
							<label2>$INFO[Container(50).ListItemAbsolute(7).Label2]</label2>
							<icon>$INFO[Container(50).ListItemAbsolute(7).Art(thumb)]</icon>
							<onclick>SetProperty(ActorID,7)</onclick>
							<onclick>SetProperty(ActorName,$INFO[Container(50).ListItemAbsolute(7).Label])</onclick>
							<onclick>ActivateWindow(1130)</onclick>
							<visible>!IsEmpty(Container(50).ListItemAbsolute(7).Label)</visible>
						</item>
						<item>
							<label>$INFO[Container(50).ListItemAbsolute(8).Label]</label>
							<label2>$INFO[Container(50).ListItemAbsolute(8).Label2]</label2>
							<icon>$INFO[Container(50).ListItemAbsolute(8).Art(thumb)]</icon>
							<onclick>SetProperty(ActorID,8)</onclick>
							<onclick>SetProperty(ActorName,$INFO[Container(50).ListItemAbsolute(8).Label])</onclick>
							<onclick>ActivateWindow(1130)</onclick>
							<visible>!IsEmpty(Container(50).ListItemAbsolute(8).Label)</visible>
						</item>
						<item>
							<label>$INFO[Container(50).ListItemAbsolute(9).Label]</label>
							<label2>$INFO[Container(50).ListItemAbsolute(9).Label2]</label2>
							<icon>$INFO[Container(50).ListItemAbsolute(9).Art(thumb)]</icon>
							<onclick>SetProperty(ActorID,9)</onclick>
							<onclick>SetProperty(ActorName,$INFO[Container(50).ListItemAbsolute(9).Label])</onclick>
							<onclick>ActivateWindow(1130)</onclick>
							<visible>!IsEmpty(Container(50).ListItemAbsolute(9).Label)</visible>
						</item>
						<item>
							<label>$INFO[Container(50).ListItemAbsolute(10).Label]</label>
							<label2>$INFO[Container(50).ListItemAbsolute(10).Label2]</label2>
							<icon>$INFO[Container(50).ListItemAbsolute(10).Art(thumb)]</icon>
							<onclick>SetProperty(ActorID,10)</onclick>
							<onclick>SetProperty(ActorName,$INFO[Container(50).ListItemAbsolute(10).Label])</onclick>
							<onclick>ActivateWindow(1130)</onclick>
							<visible>!IsEmpty(Container(50).ListItemAbsolute(10).Label)</visible>
						</item>
						<item>
							<label>$INFO[Container(50).ListItemAbsolute(11).Label]</label>
							<label2>$INFO[Container(50).ListItemAbsolute(11).Label2]</label2>
							<icon>$INFO[Container(50).ListItemAbsolute(11).Art(thumb)]</icon>
							<onclick>SetProperty(ActorID,11)</onclick>
							<onclick>SetProperty(ActorName,$INFO[Container(50).ListItemAbsolute(11).Label])</onclick>
							<onclick>ActivateWindow(1130)</onclick>
							<visible>!IsEmpty(Container(50).ListItemAbsolute(11).Label)</visible>
						</item>
						<item>
							<label>$INFO[Container(50).ListItemAbsolute(12).Label]</label>
							<label2>$INFO[Container(50).ListItemAbsolute(12).Label2]</label2>
							<icon>$INFO[Container(50).ListItemAbsolute(12).Art(thumb)]</icon>
							<onclick>SetProperty(ActorID,12)</onclick>
							<onclick>SetProperty(ActorName,$INFO[Container(50).ListItemAbsolute(12).Label])</onclick>
							<onclick>ActivateWindow(1130)</onclick>
							<visible>!IsEmpty(Container(50).ListItemAbsolute(12).Label)</visible>
						</item>
						<item>
							<label>$INFO[Container(50).ListItemAbsolute(13).Label]</label>
							<label2>$INFO[Container(50).ListItemAbsolute(13).Label2]</label2>
							<icon>$INFO[Container(50).ListItemAbsolute(13).Art(thumb)]</icon>
							<onclick>SetProperty(ActorID,13)</onclick>
							<onclick>SetProperty(ActorName,$INFO[Container(50).ListItemAbsolute(13).Label])</onclick>
							<onclick>ActivateWindow(1130)</onclick>
							<visible>!IsEmpty(Container(50).ListItemAbsolute(13).Label)</visible>
						</item>
						<item>
							<label>$INFO[Container(50).ListItemAbsolute(14).Label]</label>
							<label2>$INFO[Container(50).ListItemAbsolute(14).Label2]</label2>
							<icon>$INFO[Container(50).ListItemAbsolute(14).Art(thumb)]</icon>
							<onclick>SetProperty(ActorID,14)</onclick>
							<onclick>SetProperty(ActorName,$INFO[Container(50).ListItemAbsolute(14).Label])</onclick>
							<onclick>ActivateWindow(1130)</onclick>
							<visible>!IsEmpty(Container(50).ListItemAbsolute(14).Label)</visible>
						</item>
					</content>
				</control>
			</control>

			<!--pagecontrol-->
			<control type="scrollbar" id="71">
				<left>1272</left>
				<width>8</width>
				<height>720</height>
				<onleft>4000</onleft>
				<onright>8</onright>
			</control>
		</control>
	</controls>
</window>