<?xml version="1.0" encoding="UTF-8"?>
<includes>
	<include name="TVGuideLayout">
		<itemlayout width="880" height="150">
			<include name="view_List-Art">
				<param name="FrameWidth" value="245"/>
				<param name="ArtWidth" value="231"/>
				<param name="Fallback" value="thumbs/default_Portrait.png"/>
				<param name="Art" value="$INFO[ListItem.Property(Art(fanart))]"/>
				<texture background="true">$INFO[ListItem.Property(Art(fanart))]</texture>
				<param name="ShowLogo" value="true"/>
			</include>
			<include name="view_List-Data">
				<param name="TextLeft" value="265"/>
				<param name="TextWidth" value="485"/>
				<param name="Label1" value="$INFO[ListItem.Label,,: ]$INFO[ListItem.Property(NextTitle)]"/>
				<param name="Label2" value="$INFO[ListItem.Property(NextSeasonNumber),$LOCALIZE[20373] , - ]$INFO[ListItem.Property(NextEpisodeNumber),$LOCALIZE[20359] ]$INFO[ListItem.Premiered, &#8226; ]"/>
				<param name="ShowDescription" value="true"/>
				<param name="Description" value="[B]$INFO[ListItem.Property(ShortTime),, - ]$INFO[ListItem.Property(Runtime),, $LOCALIZE[12391]][/B][CR]$INFO[ListItem.Property(Status)]$INFO[ListItem.Property(Genre), &#8226; ]"/> 
			</include>
		</itemlayout>
		<focusedlayout width="880" height="150">
			<control type="group">
				<include name="view_List-Focus">
					<param name="Width" value="880"/>
					<param name="Height" value="144"/>
				</include>
				<include name="view_List-Art">
					<param name="FrameWidth" value="245"/>
					<param name="ArtWidth" value="231"/>
					<param name="Fallback" value="thumbs/default_Portrait.png"/>
					<param name="Art" value="$INFO[ListItem.Property(Art(fanart))]"/>
					<texture background="true">$INFO[ListItem.Property(Art(fanart))]</texture>
					<param name="ShowLogo" value="true"/>
				</include>
				<include name="view_List-Data">
					<param name="TextLeft" value="265"/>
					<param name="TextWidth" value="485"/>
					<param name="Label1" value="$INFO[ListItem.Label,,: ]$INFO[ListItem.Property(NextTitle)]"/>
					<param name="Label2" value="$INFO[ListItem.Property(NextSeasonNumber),$LOCALIZE[20373] , - ]$INFO[ListItem.Property(NextEpisodeNumber),$LOCALIZE[20359] ]$INFO[ListItem.Premiered, &#8226; ]"/>
					<param name="ShowDescription" value="true"/>
					<param name="Description" value="[B]$INFO[ListItem.Property(ShortTime),, - ]$INFO[ListItem.Property(Runtime),, $LOCALIZE[12391]][/B][CR]$INFO[ListItem.Property(Status)]$INFO[ListItem.Property(Genre), &#8226; ]"/> 
					<param name="TextColor">$VAR[view:List.TextColor]</param>
					<param name="TextColor2">$VAR[view:List.TextColor2]</param>
				</include>
			</control>
		</focusedlayout>
	</include>
</includes>