<?xml version="1.0" encoding="UTF-8"?>
<window>
	<defaultcontrol always="true">50</defaultcontrol>
	<menucontrol>6000</menucontrol>
	<views>50</views>
	<controls>
	<!--global includes-->
		<include>global_Background</include>
		<include>global_Includes</include>
		<include>global_MenuGuide</include>
		<include>PageControls</include>

	<!--window header-->
		<include name="windowTitle">
			<param name="Label" value="$VAR[window:Title.Music]"/>
		</include>

		<include>global_Itemcount</include>
		
	<!--view includes-->
		<include>view_Column-Playlist</include>

	<!--menu-->
		<include>menu_Playlist</include>

	</controls>
</window>