<?xml version="1.0" encoding="UTF-8"?>
<window>
	<defaultcontrol>50</defaultcontrol>
	<menucontrol>6000</menucontrol>
	<views>50</views>
	<controls>
		<include>global_Background</include>
		<include>global_Includes</include>
		<include>global_MenuGuide</include>

		<!--window header-->
		<include name="windowTitle">
			<param name="Label" value="$VAR[window:Title.PVR]"/>
		</include>

		<include>global_Itemcount</include>

		<!--view includes-->
		<include>view_List</include><!--50-->

		<!--fullscreen trigger-->
		<control type="button" id="99">
			<onleft>50</onleft>
			<onright condition="Control.IsVisible(70)">70</onright>
			<width>100</width>
			<onclick>ActivateWindow(fullscreenvideo)</onclick>
			<visible allowhiddenfocus="Player.HasVideo">false</visible>
		</control>

		<!--scrollbars-->
		<include>PageControls</include>

		<!--menu-->
		<include>menu_TV</include>
		
		<!--player mini window-->
		<include>player_Preview</include>

	</controls>
</window>