<?xml version="1.0" encoding="UTF-8"?>
<window>
	<defaultcontrol always="true">50</defaultcontrol>
	<menucontrol>6000</menucontrol>
	<views>50</views>
	<controls>

	<!--global includes-->
		<include>global_Background</include>
		<include>global_Includes</include>
		<include>global_MenuGuide</include>
		<include>PageControls</include>

	<!--window header-->
		<include name="windowTitle">
			<param name="Label" value="$VAR[window:Title.Playlists]"/>
		</include>

		<include>global_Itemcount</include>

	<!--view includes-->
		<include>view_List</include>

	<!--fullscreen trigger-->
		<control type="button" id="99">
			<onleft>50</onleft>
			<onright condition="Control.IsVisible(70)">70</onright>
			<width>100</width>
			<onclick>ActivateWindow(fullscreenvideo)</onclick>
			<visible allowhiddenfocus="Player.HasVideo">false</visible>
		</control>
	
	<!--player mini window-->
		<include>player_Preview</include>
	
	<!--menu-->
		<include>menu_Playlist</include>
	</controls>
</window>