<?xml version="1.0" encoding="UTF-8"?>
<window>
	<defaultcontrol always="true">50</defaultcontrol>
	<menucontrol>6000</menucontrol>
	<views>50,51,52,521,522,53,531,54,541,56,57,571,572,574,575,58</views>
	<onload condition="System.HasAddon(script.tv.show.next.aired) + !Skin.HasSetting(nextaired.disable)">XBMC.RunScript(script.tv.show.next.aired,backend=True)</onload>

	<controls>
	<!--trigger-->
		<control type="button" id="8000">
			<onup>53</onup>
			<ondown>71</ondown>
			<onleft>53</onleft>
			<onright>53</onright>
			<include>TriggerButton</include>
		</control>

	<!--global includes-->
		<include>global_Background</include>
		<include>global_Includes</include>
		<include>global_MenuGuide</include>

	<!--window header-->
		<include name="windowTitle">
			<param name="Label" value="$VAR[window:Title.Video]"/>
		</include>

		<include>global_Itemcount</include>

	<!--view includes-->
		<include>view_List</include><!--50-->
		<include>view_BigList</include><!--51-->
		<include>view_SlidePoster</include><!--52-->
		<include>view_SlideLandscape</include><!--521-->
		<include>view_SlideSquare</include><!--522-->
		<include>view_Gallery</include><!--53-->
		<include>view_GalleryFull</include><!--531-->
		<include>view_Banner</include><!--54-->
		<include>view_BigBanner</include><!--541-->
		<include>view_Cards</include><!--56-->
		<include>view_IconPortrait</include><!--57-->
		<include>view_IconPortraitSmall</include><!--571-->
		<include>view_IconSquare</include><!--572-->
		<include>view_IconSquareSmall</include><!--574-->
		<include>view_IconWide</include><!--575-->
		<include>view_Tiles</include><!--58-->

	<!--scrollbars-->
		<include>PageControls</include>

	<!--menu-->
		<include>menu_Video</include>

	</controls>
</window>