<?xml version="1.0" encoding="utf-8"?>
<window id="1168">
	<defaultcontrol always="true">5000</defaultcontrol>
	<onload>Skin.SetString(actor,biography)</onload>
	<controls>
		<control type="group">
			<include>screen_Dimensions</include>

			<!--background-->
			<control type="image">
				<include>screen_Dimensions</include>
				<texture background="true" fallback="special://skin/backgrounds/video.jpg">$INFO[Container(750).ListItem(0).Property(original)]</texture>
				<aspectratio>scale</aspectratio>
				<animation type="WindowOpen">
					<effect type="Fade" time="transition_Open" start="0" end="100" />
				</animation>			
				<animation type="WindowClose">
					<effect type="Fade" time="transition_Close" start="100" end="0" />
				</animation>
			</control> 

			<control type="image">
				<include>screen_Dimensions</include>
				<texture background="true">overlays/base_color.png</texture>
				<colordiffuse>base_1</colordiffuse>
				<visible>IsEmpty(Container(750).ListItem(0).Property(original))</visible>
			</control>

			<control type="group">
				<include>screen_Dimensions</include>
				<include>transition_Content</include>
				<!--main container-->
				<control type="grouplist" id="4000">
					<include>screen_Dimensions</include>
					<onright>70</onright>
					<pagecontrol>70</pagecontrol>
					<include>global_Scrolltime</include>
					<orientation>vertical</orientation>
					<itemgap>0</itemgap>
					<!--banner window-->
					<control type="group">
						<width>100%</width>
						<height>250</height>
						<control type="image">
							<width>100%</width>
							<height>200</height>
							<texture>overlays/vignette_bottom.png</texture>
							<aspectratio aligny="bottom">stretch</aspectratio>
							<visible>!IsEmpty(Container(750).ListItem(0).Property(original))</visible>
						</control>
						<!--studio / network logos-->
						<control type="image">
							<right>40</right>
							<bottom>60</bottom>
							<width>96</width>
							<height>48</height>
							<aspectratio align="right">keep</aspectratio>
							<colordiffuse>flag_1</colordiffuse>
							<texture>$VAR[flag:Studio]</texture>
							<visible>!Container.Content(movies)</visible>
						</control>
						<control type="image">
							<right>40</right>
							<bottom>60</bottom>
							<width>128</width>
							<height>64</height>
							<aspectratio align="right">keep</aspectratio>
							<colordiffuse>flag_1</colordiffuse>
							<texture>$VAR[flag:Studio]</texture>
							<visible>Container.Content(movies)</visible>
						</control>
						<!--begin main column-->
						<control type="group">
							<left>300</left>
							<top>110</top>
							<control type="label">
								<width min="0" max="1164">auto</width>
								<label>$INFO[Window.Property(Title)]</label>
								<selectedcolor>Color1</selectedcolor>
								<include>osd_Title</include>
							</control>
							<control type="label">
								<top>28</top>
								<width>1164</width>
								<label>$INFO[Window.Property(PlaceOfBirth)]$INFO[Window.Property(HomePage), &#8226; ]</label>
								<font>regular_Small-U</font>
								<include>osd_Sub</include>
							</control>
							<control type="label">
								<top>50</top>
								<width min="0" max="1164">auto</width>
								<label>$INFO[Window.Property(DBMovies)] $VAR[info:MovieCount] $LOCALIZE[31610]   $INFO[Window.Property(TotalMovies)]</label>
								<font>regular_Smaller-U</font>
								<textcolor>Color3</textcolor>
								<include>osd_Sub</include>
							</control>
						</control>

						<control type="group">
							<width>100%</width>
							<height>screen_Height</height>
							<control type="image">
								<top>200</top>	
								<width>100%</width>
								<height>520</height>	
								<aspectratio>stretch</aspectratio>
								<texture background="true">overlays/base_color.png</texture>
								<colordiffuse>base_1</colordiffuse>
								<visible>!IsEmpty(Container(750).ListItem(0).Property(original))</visible>
							</control>
							<!--begin main content area-->
							<control type="group">
								<left>300</left>
								<top>220</top>
								<control type="grouplist" id="5000">
									<width>100%</width>
									<height>40</height>
									<itemgap>10</itemgap>
									<onright>71</onright>
									<orientation>horizontal</orientation>
									<defaultcontrol always="true">8</defaultcontrol>
									<!--biography-->
									<control type="button" id="5001">
										<width>200</width>
										<label>$LOCALIZE[21887]</label>
										<onclick>Skin.SetString(actor,biography)</onclick>
										<ondown>6000</ondown>
										<include>global_Button</include>
									</control>
									<!--movie roles-->
									<control type="button" id="5002">
										<width>200</width>
										<label>$ADDON[script.extendedinfo 32120]</label>
										<onclick>Skin.SetString(actor,movies)</onclick>
										<ondown>6000</ondown>
										<include>global_Button</include>
									</control>
									<!--tv show roles-->
									<control type="button" id="5003">
										<width>200</width>
										<label>$ADDON[script.extendedinfo 32121]</label>
										<onclick>Skin.SetString(actor,tvshows)</onclick>
										<ondown>6000</ondown>
										<include>global_Button</include>
									</control>
								</control>
								<!--plot / descriptions-->
								<control type="textbox" id="401">
									<top>70</top>
									<width>875</width>
									<height>405</height>
									<label>$INFO[Window.Property(Biography)]</label>
									<pagecontrol>71</pagecontrol>
									<include>detail_Text</include>
									<visible>Skin.String(actor,biography)</visible>
								</control>
							</control>
						</control>

						<!--begin left column-->
						<control type="group">
							<top>40</top>
							<left>40</left>
							<control type="image">
								<width>207</width>
								<height>300</height>
								<include>art_Frame-nf</include>
							</control>
							<control type="group">
								<left>7</left>
								<top>7</top>
								<control type="image">
									<width>193</width>
									<height>286</height>
									<texture>$INFO[Window.Property(thumb)]</texture>
									<aspectratio align="center" aligny="top">scale</aspectratio>
								</control>
							</control>
							<control type="textbox" id="401">
								<top>320</top>
								<width>200</width>
								<height min="0" max="300">auto</height>
								<align>right</align>
								<label>$INFO[Window.Property(AlsoKnownAs),[B]$ADDON[script.extendedinfo 32016][/B][CR],[CR][CR]]$INFO[Window.Property(Birthday),[B]$ADDON[script.extendedinfo 32012][/B][CR],[CR][CR]]$INFO[Window.Property(DeathDay),[B]$ADDON[script.extendedinfo 32013][/B][CR],[CR][CR]]$INFO[Window.Property(TotalMovies),[B]$ADDON[script.extendedinfo 32011][/B][CR],[CR]]</label>
								<include>detail_Text</include>
							</control>
						</control>
					</control>		
				</control>

				<control type="group" id="6000">
					<left>300</left>
					<top>300</top>
					<!--movie roles-->
					<control type="panel" id="150">
						<width>980</width>
						<height>390</height>
						<onleft>150</onleft>
						<onright>150</onright>
						<onup>5000</onup>
						<ondown>noop</ondown>
						<pagecontrol>501</pagecontrol>
						<orientation>horizontal</orientation>
						<visible>Skin.String(actor,movies)</visible>
						<itemlayout width="225" height="277">
							<include name="view_Icon-Frame">
								<param name="Width" value="209"/>
								<param name="Height" value="310"/>
							</include>
							<include name="view_Icon-Art">
								<param name="Width" value="195"/>
								<param name="Height" value="296"/>
								<param name="IconSize" value="72"/>
								<param name="ActualIcon" value="DefaultMovieTitle.png"/>
							</include>
							<control type="textbox">
								<left>7</left>
								<top>325</top>
								<width>195</width>
								<height min="25" max="48">auto</height>
								<font>condensed_Small</font>
								<align>center</align>
								<aligny>bottom</aligny>
								<textcolor>Color1</textcolor>
								<label>[B]$INFO[ListItem.Label][/B]$INFO[ListItem.Label2, [COLOR=Color3][CR],[/COLOR]]</label>
							</control>
						</itemlayout>
						<focusedlayout width="194" height="277">
							<include name="view_Icon-Frame">
								<param name="Width" value="209"/>
								<param name="Height" value="310"/>
								<param name="State" value="frames/frame-fo.png" />
							</include>
							<include name="view_Icon-Art">
								<param name="Width" value="195"/>
								<param name="Height" value="296"/>
								<param name="IconSize" value="72"/>
								<param name="ActualIcon" value="DefaultMovieTitle.png"/>
							</include>
							<control type="textbox">
								<left>7</left>
								<top>325</top>
								<width>195</width>
								<height min="25" max="48">auto</height>
								<font>condensed_Small</font>
								<align>center</align>
								<aligny>bottom</aligny>
								<textcolor>Color1</textcolor>
								<label>[B]$INFO[ListItem.Label][/B]$INFO[ListItem.Label2, [COLOR=Color3][CR],[/COLOR]]</label>
							</control>
						</focusedlayout>
					</control>
					<!--tv show roles-->
					<control type="panel" id="250">
						<width>980</width>
						<height>390</height>
						<onleft>250</onleft>
						<onright>250</onright>
						<onup>5000</onup>
						<ondown>noop</ondown>
						<pagecontrol>501</pagecontrol>
						<orientation>horizontal</orientation>
						<visible>Skin.String(actor,tvshows)</visible>
						<itemlayout width="225" height="277">
							<include name="view_Icon-Frame">
								<param name="Width" value="209"/>
								<param name="Height" value="310"/>
							</include>
							<include name="view_Icon-Art">
								<param name="Width" value="195"/>
								<param name="Height" value="296"/>
								<param name="IconSize" value="72"/>
								<param name="ActualIcon" value="DefaultVideo.png"/>
							</include>
							<control type="textbox">
								<left>7</left>
								<top>325</top>
								<width>195</width>
								<height min="25" max="48">auto</height>
								<font>condensed_Small</font>
								<align>center</align>
								<aligny>bottom</aligny>
								<textcolor>Color1</textcolor>
								<label>[B]$INFO[ListItem.Label][/B]$INFO[ListItem.Label2, [COLOR=Color3][CR],[/COLOR]]</label>
							</control>
						</itemlayout>
						<focusedlayout width="194" height="277">
							<include name="view_Icon-Frame">
								<param name="Width" value="209"/>
								<param name="Height" value="310"/>
								<param name="State" value="frames/frame-fo.png" />
							</include>
							<include name="view_Icon-Art">
								<param name="Width" value="195"/>
								<param name="Height" value="296"/>
								<param name="IconSize" value="72"/>
								<param name="ActualIcon" value="DefaultVideo.png"/>
							</include>
							<control type="textbox">
								<left>7</left>
								<top>325</top>
								<width>195</width>
								<height min="25" max="48">auto</height>
								<font>condensed_Small</font>
								<align>center</align>
								<aligny>bottom</aligny>
								<textcolor>Color1</textcolor>
								<label>[B]$INFO[ListItem.Label][/B]$INFO[ListItem.Label2, [COLOR=Color3][CR],[/COLOR]]</label>
							</control>
						</focusedlayout>
					</control>
				</control>
				<control type="panel" id="450">
					<visible>false</visible>
					<itemlayout>
					</itemlayout>
					<focusedlayout>
					</focusedlayout>
				</control>
				<control type="panel" id="750">
					<visible>false</visible>
					<itemlayout>
					</itemlayout>
					<focusedlayout>
					</focusedlayout>
				</control>
			</control>

			<!--pagecontrol-->
			<control type="scrollbar" id="71">
				<top>0</top>
				<left>1272</left>
				<width>8</width>
				<height>720</height>
				<onleft>4000</onleft>
			</control>
		</control>
	</controls>
</window>