<?xml version='1.0' encoding='UTF-8'?>
<includes>
	<include name="skinshortcuts-mainmenu">
		<item id="1">
			<property name="id">$NUMBER[1]</property>
			<label>$ADDON[script.skinshortcuts 32022]</label>
			<label2>Live TV</label2>
			<icon>DefaultShortcut.png</icon>
			<thumb>$INFO[Window(Home).Property(SkinHelper.PvrBackground)]</thumb>
			<property name="labelID">livetv</property>
			<property name="defaultID">livetv</property>
			<visible>[PVR.HasTVChannels] + [PVR.HasTVChannels]</visible>
			<onclick>ActivateWindow(TVGuide)</onclick>
			<property name="path">ActivateWindow(TVGuide)</property>
			<property name="list">TVGuide</property>
			<visible>StringCompare(System.ProfileName,Entertainment)</visible>
			<property name="submenuVisibility">livetv</property>
			<property name="group">mainmenu</property>
			<property name="hasSubmenu">True</property>
		</item>
		<item id="2">
			<property name="id">$NUMBER[2]</property>
			<label>My NTV</label>
			<label2>Custom item</label2>
			<icon>DefaultShortcut.png</icon>
			<thumb>special://skin/extras/icons/home.png</thumb>
			<property name="labelID">myntv</property>
			<property name="defaultID" />
			<property name="widget">Library</property>
			<property name="widgetName">TV shows</property>
			<property name="widgetType">tvshows</property>
			<property name="widgetTarget">videos</property>
			<property name="widgetPath">library://video/tvshows/titles.xml/</property>
			<onclick>UpdateLibrary(video,,true)</onclick>
			<property name="path">UpdateLibrary(video,,true)</property>
			<property name="list">UpdateLibrary(video,,true)</property>
			<visible>StringCompare(System.ProfileName,Entertainment)</visible>
			<property name="submenuVisibility">myntv</property>
			<property name="group">mainmenu</property>
			<property name="hasSubmenu">True</property>
		</item>
		<item id="3">
			<property name="id">$NUMBER[3]</property>
			<label>$LOCALIZE[10004]</label>
			<label2>Settings</label2>
			<icon>DefaultIconSettings.png</icon>
			<thumb />
			<property name="labelID">settings</property>
			<property name="defaultID">settings</property>
			<onclick>ActivateWindow(Settings)</onclick>
			<property name="path">ActivateWindow(Settings)</property>
			<property name="list">Settings</property>
			<visible>StringCompare(System.ProfileName,Entertainment)</visible>
			<property name="submenuVisibility">settings</property>
			<property name="group">mainmenu</property>
			<property name="hasSubmenu">True</property>
		</item>
		<item id="4">
			<property name="id">$NUMBER[4]</property>
			<label>$LOCALIZE[13009]</label>
			<label2>Kodi Command</label2>
			<icon>DefaultIconKodi.png</icon>
			<thumb />
			<property name="labelID">13009</property>
			<property name="defaultID">13009</property>
			<visible>System.ShowExitButton</visible>
			<onclick>Quit</onclick>
			<property name="path">Quit</property>
			<property name="list">Quit</property>
			<visible>StringCompare(System.ProfileName,Entertainment)</visible>
			<property name="submenuVisibility">num-13009</property>
			<property name="group">mainmenu</property>
			<property name="hasSubmenu">False</property>
		</item>
	</include>
	<include />
	<include name="skinshortcuts-submenu">
		<item id="1">
			<property name="id">$NUMBER[1]</property>
			<property name="mainmenuid">1</property>
			<label>$LOCALIZE[22020]</label>
			<label2>Live TV</label2>
			<icon>special://skin/extras/defaulticonswide/DefaultTVShows.png</icon>
			<thumb />
			<property name="labelID">22020</property>
			<property name="defaultID">22020</property>
			<visible>[PVR.HasTVChannels] + StringCompare(Container(9000).ListItem.Property(submenuVisibility),livetv)</visible>
			<onclick>ActivateWindow(TVGuide)</onclick>
			<property name="path">ActivateWindow(TVGuide)</property>
			<property name="list">TVGuide</property>
			<visible>StringCompare(System.ProfileName,Entertainment)</visible>
			<property name="group">livetv</property>
			<property name="isSubmenu">True</property>
		</item>
		<item id="2">
			<property name="id">$NUMBER[2]</property>
			<property name="mainmenuid">1</property>
			<label>$LOCALIZE[19019]</label>
			<label2>Live TV</label2>
			<icon>special://skin/extras/defaulticonswide/DefaultTVShows.png</icon>
			<thumb />
			<property name="labelID">19019</property>
			<property name="defaultID">19019</property>
			<visible>[PVR.HasTVChannels] + StringCompare(Container(9000).ListItem.Property(submenuVisibility),livetv)</visible>
			<onclick>ActivateWindow(TVChannels)</onclick>
			<property name="path">ActivateWindow(TVChannels)</property>
			<property name="list">TVChannels</property>
			<visible>StringCompare(System.ProfileName,Entertainment)</visible>
			<property name="group">livetv</property>
			<property name="isSubmenu">True</property>
		</item>
		<item id="3">
			<property name="id">$NUMBER[3]</property>
			<property name="mainmenuid">1</property>
			<label>$LOCALIZE[19163]</label>
			<label2>Live TV</label2>
			<icon>special://skin/extras/defaulticonswide/DefaultTVShows.png</icon>
			<thumb />
			<property name="labelID">19163</property>
			<property name="defaultID">19163</property>
			<visible>[PVR.HasTVChannels] + StringCompare(Container(9000).ListItem.Property(submenuVisibility),livetv)</visible>
			<onclick>ActivateWindow(TVRecordings)</onclick>
			<property name="path">ActivateWindow(TVRecordings)</property>
			<property name="list">TVRecordings</property>
			<visible>StringCompare(System.ProfileName,Entertainment)</visible>
			<property name="group">livetv</property>
			<property name="isSubmenu">True</property>
		</item>
		<item id="4">
			<property name="id">$NUMBER[4]</property>
			<property name="mainmenuid">1</property>
			<label>$LOCALIZE[19040]</label>
			<label2>Live TV</label2>
			<icon>special://skin/extras/defaulticonswide/DefaultTVShows.png</icon>
			<thumb />
			<property name="labelID">19040</property>
			<property name="defaultID">19040</property>
			<visible>[PVR.HasTVChannels] + StringCompare(Container(9000).ListItem.Property(submenuVisibility),livetv)</visible>
			<onclick>ActivateWindow(TVTimers)</onclick>
			<property name="path">ActivateWindow(TVTimers)</property>
			<property name="list">TVTimers</property>
			<visible>StringCompare(System.ProfileName,Entertainment)</visible>
			<property name="group">livetv</property>
			<property name="isSubmenu">True</property>
		</item>
		<item id="5">
			<property name="id">$NUMBER[5]</property>
			<property name="mainmenuid">1</property>
			<label>$LOCALIZE[137]</label>
			<label2>Live TV</label2>
			<icon>special://skin/extras/defaulticonswide/DefaultTVShows.png</icon>
			<thumb />
			<property name="labelID">137</property>
			<property name="defaultID">137</property>
			<visible>[PVR.HasTVChannels] + StringCompare(Container(9000).ListItem.Property(submenuVisibility),livetv)</visible>
			<onclick>ActivateWindow(TVSearch)</onclick>
			<property name="path">ActivateWindow(TVSearch)</property>
			<property name="list">TVSearch</property>
			<visible>StringCompare(System.ProfileName,Entertainment)</visible>
			<property name="group">livetv</property>
			<property name="isSubmenu">True</property>
		</item>
		<item id="1">
			<property name="id">$NUMBER[1]</property>
			<property name="mainmenuid">2</property>
			<label>My Movies</label>
			<label2>Custom item</label2>
			<icon>special://skin/extras/icons/files.png</icon>
			<thumb />
			<property name="labelID">mymovies</property>
			<property name="defaultID">title</property>
			<visible>[Library.HasContent(Movies)] + StringCompare(Container(9000).ListItem.Property(submenuVisibility),myntv)</visible>
			<onclick>ActivateWindow(Videos,library://video/movies/titles.xml/,return)</onclick>
			<property name="path">ActivateWindow(Videos,library://video/movies/titles.xml/,return)</property>
			<property name="list">library://video/movies/titles.xml/</property>
			<visible>StringCompare(System.ProfileName,Entertainment)</visible>
			<property name="group">myntv</property>
			<property name="widget">Library</property>
			<property name="widgetTarget">videos</property>
			<property name="widgetPath">library://video/tvshows/titles.xml/</property>
			<property name="widgetType">tvshows</property>
			<property name="widgetName">TV shows</property>
			<property name="isSubmenu">True</property>
		</item>
		<item id="2">
			<property name="id">$NUMBER[2]</property>
			<property name="mainmenuid">2</property>
			<label>My TV Shows</label>
			<label2>Custom item</label2>
			<icon>special://skin/extras/icons/files.png</icon>
			<thumb />
			<property name="labelID">mytvshows</property>
			<property name="defaultID">title</property>
			<visible>[Library.HasContent(TVShows)] + StringCompare(Container(9000).ListItem.Property(submenuVisibility),myntv)</visible>
			<onclick>ActivateWindow(Videos,library://video/tvshows/titles.xml/,return)</onclick>
			<property name="path">ActivateWindow(Videos,library://video/tvshows/titles.xml/,return)</property>
			<property name="list">library://video/tvshows/titles.xml/</property>
			<visible>StringCompare(System.ProfileName,Entertainment)</visible>
			<property name="group">myntv</property>
			<property name="widget">Library</property>
			<property name="widgetTarget">videos</property>
			<property name="widgetPath">library://video/tvshows/titles.xml/</property>
			<property name="widgetType">tvshows</property>
			<property name="widgetName">TV shows</property>
			<property name="isSubmenu">True</property>
		</item>
		<item id="3">
			<property name="id">$NUMBER[3]</property>
			<property name="mainmenuid">2</property>
			<label>$LOCALIZE[1036]</label>
			<label2>Common menu item</label2>
			<icon>DefaultIconFavourite.png</icon>
			<thumb />
			<property name="labelID">1036</property>
			<property name="defaultID">1036</property>
			<onclick>ActivateWindow(Favourites)</onclick>
			<property name="path">ActivateWindow(Favourites)</property>
			<property name="list">Favourites</property>
			<visible>[StringCompare(System.ProfileName,Entertainment)] + StringCompare(Container(9000).ListItem.Property(submenuVisibility),myntv)</visible>
			<property name="group">myntv</property>
			<property name="widget">Library</property>
			<property name="widgetTarget">videos</property>
			<property name="widgetPath">library://video/tvshows/titles.xml/</property>
			<property name="widgetType">tvshows</property>
			<property name="widgetName">TV shows</property>
			<property name="isSubmenu">True</property>
		</item>
		<item id="4">
			<property name="id">$NUMBER[4]</property>
			<property name="mainmenuid">2</property>
			<label>$ADDON[script.skinshortcuts 32046]</label>
			<label2>Kodi Command</label2>
			<icon>DefaultIconKodi.png</icon>
			<thumb />
			<property name="labelID">32046</property>
			<property name="defaultID">32046</property>
			<onclick>UpdateLibrary(video,,true)</onclick>
			<property name="path">UpdateLibrary(video,,true)</property>
			<property name="list">UpdateLibrary(video,,true)</property>
			<visible>[StringCompare(System.ProfileName,Entertainment)] + StringCompare(Container(9000).ListItem.Property(submenuVisibility),myntv)</visible>
			<property name="group">myntv</property>
			<property name="widget">Library</property>
			<property name="widgetTarget">videos</property>
			<property name="widgetPath">library://video/tvshows/titles.xml/</property>
			<property name="widgetType">tvshows</property>
			<property name="widgetName">TV shows</property>
			<property name="isSubmenu">True</property>
		</item>
		<item id="5">
			<property name="id">$NUMBER[5]</property>
			<property name="mainmenuid">2</property>
			<label>$ADDON[script.skinshortcuts 32055]</label>
			<label2>Kodi Command</label2>
			<icon>DefaultIconKodi.png</icon>
			<thumb />
			<property name="labelID">32055</property>
			<property name="defaultID">32055</property>
			<onclick>CleanLibrary(video,true)</onclick>
			<property name="path">CleanLibrary(video,true)</property>
			<property name="list">CleanLibrary(video,true)</property>
			<visible>[StringCompare(System.ProfileName,Entertainment)] + StringCompare(Container(9000).ListItem.Property(submenuVisibility),myntv)</visible>
			<property name="group">myntv</property>
			<property name="widget">Library</property>
			<property name="widgetTarget">videos</property>
			<property name="widgetPath">library://video/tvshows/titles.xml/</property>
			<property name="widgetType">tvshows</property>
			<property name="widgetName">TV shows</property>
			<property name="isSubmenu">True</property>
		</item>
		<item id="1">
			<property name="id">$NUMBER[1]</property>
			<property name="mainmenuid">3</property>
			<label>Maintenance</label>
			<label2>Custom item</label2>
			<icon>DefaultShortcut.png</icon>
			<thumb>image://special%3a%2f%2fhome%2faddons%5cscript.rawmaintenance%5cmedia%5ccache.png/</thumb>
			<property name="labelID">maintenance</property>
			<property name="defaultID" />
			<onclick>ActivateWindow(Programs,"plugin://plugin.program.echowizard/?url=http%3A%2F%2Ftdbrepo.com%2F&amp;mode=5&amp;name=%5BCOLOR+ghostwhite%5D%5BB%5DMAINTENANCE+TOOLS%5B%2FCOLOR%5D%5B%2FB%5D&amp;iconimage=C%3A%5CUsers%5CDavid%5CAppData%5CRoaming%5CKodi%5Caddons%5Cplugin.program.echowizard%5Cresources%5Cart%5Ctools.png&amp;fanart=C%3A%5CUsers%5CDavid%5CAppData%5CRoaming%5CKodi%5Caddons%5Cplugin.program.echowizard%5Cresources%5Cart%5Cmaintwall.jpg&amp;description=",return)</onclick>
			<property name="path">ActivateWindow(Programs,"plugin://plugin.program.echowizard/?url=http%3A%2F%2Ftdbrepo.com%2F&amp;mode=5&amp;name=%5BCOLOR+ghostwhite%5D%5BB%5DMAINTENANCE+TOOLS%5B%2FCOLOR%5D%5B%2FB%5D&amp;iconimage=C%3A%5CUsers%5CDavid%5CAppData%5CRoaming%5CKodi%5Caddons%5Cplugin.program.echowizard%5Cresources%5Cart%5Ctools.png&amp;fanart=C%3A%5CUsers%5CDavid%5CAppData%5CRoaming%5CKodi%5Caddons%5Cplugin.program.echowizard%5Cresources%5Cart%5Cmaintwall.jpg&amp;description=",return)</property>
			<property name="list">plugin://plugin.program.echowizard/?url=http%3A%2F%2Ftdbrepo.com%2F&amp;mode=5&amp;name=%5BCOLOR+ghostwhite%5D%5BB%5DMAINTENANCE+TOOLS%5B%2FCOLOR%5D%5B%2FB%5D&amp;iconimage=C%3A%5CUsers%5CDavid%5CAppData%5CRoaming%5CKodi%5Caddons%5Cplugin.program.echowizard%5Cresources%5Cart%5Ctools.png&amp;fanart=C%3A%5CUsers%5CDavid%5CAppData%5CRoaming%5CKodi%5Caddons%5Cplugin.program.echowizard%5Cresources%5Cart%5Cmaintwall.jpg&amp;description=</property>
			<visible>[StringCompare(System.ProfileName,Entertainment)] + StringCompare(Container(9000).ListItem.Property(submenuVisibility),settings)</visible>
			<property name="group">settings</property>
			<property name="isSubmenu">True</property>
		</item>
		<item id="2">
			<property name="id">$NUMBER[2]</property>
			<property name="mainmenuid">3</property>
			<label>$LOCALIZE[7]</label>
			<label2>Common Shortcut</label2>
			<icon>special://skin/extras/hometiles/filemanager.png</icon>
			<thumb />
			<property name="labelID">7</property>
			<property name="defaultID">7</property>
			<onclick>ActivateWindow(FileManager)</onclick>
			<property name="path">ActivateWindow(FileManager)</property>
			<property name="list">FileManager</property>
			<visible>[StringCompare(System.ProfileName,Entertainment)] + StringCompare(Container(9000).ListItem.Property(submenuVisibility),settings)</visible>
			<property name="group">settings</property>
			<property name="isSubmenu">True</property>
		</item>
		<item id="3">
			<property name="id">$NUMBER[3]</property>
			<property name="mainmenuid">3</property>
			<label>Add-on Browser</label>
			<label2>Settings</label2>
			<icon>special://skin/extras/icons/addons.png</icon>
			<thumb />
			<property name="labelID">add-onbrowser</property>
			<property name="defaultID">24001</property>
			<onclick>ActivateWindow(AddonBrowser)</onclick>
			<property name="path">ActivateWindow(AddonBrowser)</property>
			<property name="list">AddonBrowser</property>
			<visible>[StringCompare(System.ProfileName,Entertainment)] + StringCompare(Container(9000).ListItem.Property(submenuVisibility),settings)</visible>
			<property name="group">settings</property>
			<property name="isSubmenu">True</property>
		</item>
		<item id="4">
			<property name="id">$NUMBER[4]</property>
			<property name="mainmenuid">3</property>
			<label>$LOCALIZE[1037]</label>
			<label2>Videos</label2>
			<icon>special://skin/extras/icons/video-addons.png</icon>
			<thumb />
			<property name="labelID">1037</property>
			<property name="defaultID">1037</property>
			<onclick>ActivateWindow(Videos,Addons,return)</onclick>
			<property name="path">ActivateWindow(Videos,Addons,return)</property>
			<property name="list">Addons</property>
			<visible>[StringCompare(System.ProfileName,Entertainment)] + StringCompare(Container(9000).ListItem.Property(submenuVisibility),settings)</visible>
			<property name="group">settings</property>
			<property name="isSubmenu">True</property>
		</item>
	</include>
	<include name="skinshortcuts-allmenus">
		<item id="1">
			<property name="id">$NUMBER[1]</property>
			<label>$ADDON[script.skinshortcuts 32022]</label>
			<label2>Live TV</label2>
			<icon>DefaultShortcut.png</icon>
			<thumb>$INFO[Window(Home).Property(SkinHelper.PvrBackground)]</thumb>
			<property name="labelID">livetv</property>
			<property name="defaultID">livetv</property>
			<visible>[PVR.HasTVChannels] + [PVR.HasTVChannels]</visible>
			<onclick condition="StringCompare(Window(10000).Property(submenuVisibility),livetv)">ActivateWindow(TVGuide)</onclick>
			<property name="path">ActivateWindow(TVGuide)</property>
			<property name="list">TVGuide</property>
			<visible>StringCompare(System.ProfileName,Entertainment)</visible>
			<property name="submenuVisibility">livetv</property>
			<property name="group">mainmenu</property>
			<property name="hasSubmenu">True</property>
			<onclick>SetProperty(submenuVisibility,livetv,10000)</onclick>
		</item>
		<item id="1">
			<property name="id">$NUMBER[1]</property>
			<property name="mainmenuid">1</property>
			<label>$LOCALIZE[22020]</label>
			<label2>Live TV</label2>
			<icon>special://skin/extras/defaulticonswide/DefaultTVShows.png</icon>
			<thumb />
			<property name="labelID">22020</property>
			<property name="defaultID">22020</property>
			<visible>[PVR.HasTVChannels] + StringCompare(Window(10000).Property(submenuVisibility),livetv)</visible>
			<onclick>ActivateWindow(TVGuide)</onclick>
			<property name="path">ActivateWindow(TVGuide)</property>
			<property name="list">TVGuide</property>
			<visible>StringCompare(System.ProfileName,Entertainment)</visible>
			<property name="group">livetv</property>
			<property name="isSubmenu">True</property>
			<property name="submenuVisibility">livetv</property>
		</item>
		<item id="2">
			<property name="id">$NUMBER[2]</property>
			<property name="mainmenuid">1</property>
			<label>$LOCALIZE[19019]</label>
			<label2>Live TV</label2>
			<icon>special://skin/extras/defaulticonswide/DefaultTVShows.png</icon>
			<thumb />
			<property name="labelID">19019</property>
			<property name="defaultID">19019</property>
			<visible>[PVR.HasTVChannels] + StringCompare(Window(10000).Property(submenuVisibility),livetv)</visible>
			<onclick>ActivateWindow(TVChannels)</onclick>
			<property name="path">ActivateWindow(TVChannels)</property>
			<property name="list">TVChannels</property>
			<visible>StringCompare(System.ProfileName,Entertainment)</visible>
			<property name="group">livetv</property>
			<property name="isSubmenu">True</property>
			<property name="submenuVisibility">livetv</property>
		</item>
		<item id="3">
			<property name="id">$NUMBER[3]</property>
			<property name="mainmenuid">1</property>
			<label>$LOCALIZE[19163]</label>
			<label2>Live TV</label2>
			<icon>special://skin/extras/defaulticonswide/DefaultTVShows.png</icon>
			<thumb />
			<property name="labelID">19163</property>
			<property name="defaultID">19163</property>
			<visible>[PVR.HasTVChannels] + StringCompare(Window(10000).Property(submenuVisibility),livetv)</visible>
			<onclick>ActivateWindow(TVRecordings)</onclick>
			<property name="path">ActivateWindow(TVRecordings)</property>
			<property name="list">TVRecordings</property>
			<visible>StringCompare(System.ProfileName,Entertainment)</visible>
			<property name="group">livetv</property>
			<property name="isSubmenu">True</property>
			<property name="submenuVisibility">livetv</property>
		</item>
		<item id="4">
			<property name="id">$NUMBER[4]</property>
			<property name="mainmenuid">1</property>
			<label>$LOCALIZE[19040]</label>
			<label2>Live TV</label2>
			<icon>special://skin/extras/defaulticonswide/DefaultTVShows.png</icon>
			<thumb />
			<property name="labelID">19040</property>
			<property name="defaultID">19040</property>
			<visible>[PVR.HasTVChannels] + StringCompare(Window(10000).Property(submenuVisibility),livetv)</visible>
			<onclick>ActivateWindow(TVTimers)</onclick>
			<property name="path">ActivateWindow(TVTimers)</property>
			<property name="list">TVTimers</property>
			<visible>StringCompare(System.ProfileName,Entertainment)</visible>
			<property name="group">livetv</property>
			<property name="isSubmenu">True</property>
			<property name="submenuVisibility">livetv</property>
		</item>
		<item id="5">
			<property name="id">$NUMBER[5]</property>
			<property name="mainmenuid">1</property>
			<label>$LOCALIZE[137]</label>
			<label2>Live TV</label2>
			<icon>special://skin/extras/defaulticonswide/DefaultTVShows.png</icon>
			<thumb />
			<property name="labelID">137</property>
			<property name="defaultID">137</property>
			<visible>[PVR.HasTVChannels] + StringCompare(Window(10000).Property(submenuVisibility),livetv)</visible>
			<onclick>ActivateWindow(TVSearch)</onclick>
			<property name="path">ActivateWindow(TVSearch)</property>
			<property name="list">TVSearch</property>
			<visible>StringCompare(System.ProfileName,Entertainment)</visible>
			<property name="group">livetv</property>
			<property name="isSubmenu">True</property>
			<property name="submenuVisibility">livetv</property>
		</item>
		<item id="2">
			<property name="id">$NUMBER[2]</property>
			<label>My NTV</label>
			<label2>Custom item</label2>
			<icon>DefaultShortcut.png</icon>
			<thumb>special://skin/extras/icons/home.png</thumb>
			<property name="labelID">myntv</property>
			<property name="defaultID" />
			<property name="widget">Library</property>
			<property name="widgetName">TV shows</property>
			<property name="widgetType">tvshows</property>
			<property name="widgetTarget">videos</property>
			<property name="widgetPath">library://video/tvshows/titles.xml/</property>
			<onclick condition="StringCompare(Window(10000).Property(submenuVisibility),myntv)">UpdateLibrary(video,,true)</onclick>
			<property name="path">UpdateLibrary(video,,true)</property>
			<property name="list">UpdateLibrary(video,,true)</property>
			<visible>StringCompare(System.ProfileName,Entertainment)</visible>
			<property name="submenuVisibility">myntv</property>
			<property name="group">mainmenu</property>
			<property name="hasSubmenu">True</property>
			<onclick>SetProperty(submenuVisibility,myntv,10000)</onclick>
		</item>
		<item id="1">
			<property name="id">$NUMBER[1]</property>
			<property name="mainmenuid">2</property>
			<label>My Movies</label>
			<label2>Custom item</label2>
			<icon>special://skin/extras/icons/files.png</icon>
			<thumb />
			<property name="labelID">mymovies</property>
			<property name="defaultID">title</property>
			<visible>[Library.HasContent(Movies)] + StringCompare(Window(10000).Property(submenuVisibility),myntv)</visible>
			<onclick>ActivateWindow(Videos,library://video/movies/titles.xml/,return)</onclick>
			<property name="path">ActivateWindow(Videos,library://video/movies/titles.xml/,return)</property>
			<property name="list">library://video/movies/titles.xml/</property>
			<visible>StringCompare(System.ProfileName,Entertainment)</visible>
			<property name="group">myntv</property>
			<property name="widget">Library</property>
			<property name="widgetTarget">videos</property>
			<property name="widgetPath">library://video/tvshows/titles.xml/</property>
			<property name="widgetType">tvshows</property>
			<property name="widgetName">TV shows</property>
			<property name="isSubmenu">True</property>
			<property name="submenuVisibility">myntv</property>
		</item>
		<item id="2">
			<property name="id">$NUMBER[2]</property>
			<property name="mainmenuid">2</property>
			<label>My TV Shows</label>
			<label2>Custom item</label2>
			<icon>special://skin/extras/icons/files.png</icon>
			<thumb />
			<property name="labelID">mytvshows</property>
			<property name="defaultID">title</property>
			<visible>[Library.HasContent(TVShows)] + StringCompare(Window(10000).Property(submenuVisibility),myntv)</visible>
			<onclick>ActivateWindow(Videos,library://video/tvshows/titles.xml/,return)</onclick>
			<property name="path">ActivateWindow(Videos,library://video/tvshows/titles.xml/,return)</property>
			<property name="list">library://video/tvshows/titles.xml/</property>
			<visible>StringCompare(System.ProfileName,Entertainment)</visible>
			<property name="group">myntv</property>
			<property name="widget">Library</property>
			<property name="widgetTarget">videos</property>
			<property name="widgetPath">library://video/tvshows/titles.xml/</property>
			<property name="widgetType">tvshows</property>
			<property name="widgetName">TV shows</property>
			<property name="isSubmenu">True</property>
			<property name="submenuVisibility">myntv</property>
		</item>
		<item id="3">
			<property name="id">$NUMBER[3]</property>
			<property name="mainmenuid">2</property>
			<label>$LOCALIZE[1036]</label>
			<label2>Common menu item</label2>
			<icon>DefaultIconFavourite.png</icon>
			<thumb />
			<property name="labelID">1036</property>
			<property name="defaultID">1036</property>
			<onclick>ActivateWindow(Favourites)</onclick>
			<property name="path">ActivateWindow(Favourites)</property>
			<property name="list">Favourites</property>
			<visible>[StringCompare(System.ProfileName,Entertainment)] + StringCompare(Window(10000).Property(submenuVisibility),myntv)</visible>
			<property name="group">myntv</property>
			<property name="widget">Library</property>
			<property name="widgetTarget">videos</property>
			<property name="widgetPath">library://video/tvshows/titles.xml/</property>
			<property name="widgetType">tvshows</property>
			<property name="widgetName">TV shows</property>
			<property name="isSubmenu">True</property>
			<property name="submenuVisibility">myntv</property>
		</item>
		<item id="4">
			<property name="id">$NUMBER[4]</property>
			<property name="mainmenuid">2</property>
			<label>$ADDON[script.skinshortcuts 32046]</label>
			<label2>Kodi Command</label2>
			<icon>DefaultIconKodi.png</icon>
			<thumb />
			<property name="labelID">32046</property>
			<property name="defaultID">32046</property>
			<onclick>UpdateLibrary(video,,true)</onclick>
			<property name="path">UpdateLibrary(video,,true)</property>
			<property name="list">UpdateLibrary(video,,true)</property>
			<visible>[StringCompare(System.ProfileName,Entertainment)] + StringCompare(Window(10000).Property(submenuVisibility),myntv)</visible>
			<property name="group">myntv</property>
			<property name="widget">Library</property>
			<property name="widgetTarget">videos</property>
			<property name="widgetPath">library://video/tvshows/titles.xml/</property>
			<property name="widgetType">tvshows</property>
			<property name="widgetName">TV shows</property>
			<property name="isSubmenu">True</property>
			<property name="submenuVisibility">myntv</property>
		</item>
		<item id="5">
			<property name="id">$NUMBER[5]</property>
			<property name="mainmenuid">2</property>
			<label>$ADDON[script.skinshortcuts 32055]</label>
			<label2>Kodi Command</label2>
			<icon>DefaultIconKodi.png</icon>
			<thumb />
			<property name="labelID">32055</property>
			<property name="defaultID">32055</property>
			<onclick>CleanLibrary(video,true)</onclick>
			<property name="path">CleanLibrary(video,true)</property>
			<property name="list">CleanLibrary(video,true)</property>
			<visible>[StringCompare(System.ProfileName,Entertainment)] + StringCompare(Window(10000).Property(submenuVisibility),myntv)</visible>
			<property name="group">myntv</property>
			<property name="widget">Library</property>
			<property name="widgetTarget">videos</property>
			<property name="widgetPath">library://video/tvshows/titles.xml/</property>
			<property name="widgetType">tvshows</property>
			<property name="widgetName">TV shows</property>
			<property name="isSubmenu">True</property>
			<property name="submenuVisibility">myntv</property>
		</item>
		<item id="3">
			<property name="id">$NUMBER[3]</property>
			<label>$LOCALIZE[10004]</label>
			<label2>Settings</label2>
			<icon>DefaultIconSettings.png</icon>
			<thumb />
			<property name="labelID">settings</property>
			<property name="defaultID">settings</property>
			<onclick condition="StringCompare(Window(10000).Property(submenuVisibility),settings)">ActivateWindow(Settings)</onclick>
			<property name="path">ActivateWindow(Settings)</property>
			<property name="list">Settings</property>
			<visible>StringCompare(System.ProfileName,Entertainment)</visible>
			<property name="submenuVisibility">settings</property>
			<property name="group">mainmenu</property>
			<property name="hasSubmenu">True</property>
			<onclick>SetProperty(submenuVisibility,settings,10000)</onclick>
		</item>
		<item id="1">
			<property name="id">$NUMBER[1]</property>
			<property name="mainmenuid">3</property>
			<label>Maintenance</label>
			<label2>Custom item</label2>
			<icon>DefaultShortcut.png</icon>
			<thumb>image://special%3a%2f%2fhome%2faddons%5cscript.rawmaintenance%5cmedia%5ccache.png/</thumb>
			<property name="labelID">maintenance</property>
			<property name="defaultID" />
			<onclick>ActivateWindow(Programs,"plugin://plugin.program.echowizard/?url=http%3A%2F%2Ftdbrepo.com%2F&amp;mode=5&amp;name=%5BCOLOR+ghostwhite%5D%5BB%5DMAINTENANCE+TOOLS%5B%2FCOLOR%5D%5B%2FB%5D&amp;iconimage=C%3A%5CUsers%5CDavid%5CAppData%5CRoaming%5CKodi%5Caddons%5Cplugin.program.echowizard%5Cresources%5Cart%5Ctools.png&amp;fanart=C%3A%5CUsers%5CDavid%5CAppData%5CRoaming%5CKodi%5Caddons%5Cplugin.program.echowizard%5Cresources%5Cart%5Cmaintwall.jpg&amp;description=",return)</onclick>
			<property name="path">ActivateWindow(Programs,"plugin://plugin.program.echowizard/?url=http%3A%2F%2Ftdbrepo.com%2F&amp;mode=5&amp;name=%5BCOLOR+ghostwhite%5D%5BB%5DMAINTENANCE+TOOLS%5B%2FCOLOR%5D%5B%2FB%5D&amp;iconimage=C%3A%5CUsers%5CDavid%5CAppData%5CRoaming%5CKodi%5Caddons%5Cplugin.program.echowizard%5Cresources%5Cart%5Ctools.png&amp;fanart=C%3A%5CUsers%5CDavid%5CAppData%5CRoaming%5CKodi%5Caddons%5Cplugin.program.echowizard%5Cresources%5Cart%5Cmaintwall.jpg&amp;description=",return)</property>
			<property name="list">plugin://plugin.program.echowizard/?url=http%3A%2F%2Ftdbrepo.com%2F&amp;mode=5&amp;name=%5BCOLOR+ghostwhite%5D%5BB%5DMAINTENANCE+TOOLS%5B%2FCOLOR%5D%5B%2FB%5D&amp;iconimage=C%3A%5CUsers%5CDavid%5CAppData%5CRoaming%5CKodi%5Caddons%5Cplugin.program.echowizard%5Cresources%5Cart%5Ctools.png&amp;fanart=C%3A%5CUsers%5CDavid%5CAppData%5CRoaming%5CKodi%5Caddons%5Cplugin.program.echowizard%5Cresources%5Cart%5Cmaintwall.jpg&amp;description=</property>
			<visible>[StringCompare(System.ProfileName,Entertainment)] + StringCompare(Window(10000).Property(submenuVisibility),settings)</visible>
			<property name="group">settings</property>
			<property name="isSubmenu">True</property>
			<property name="submenuVisibility">settings</property>
		</item>
		<item id="2">
			<property name="id">$NUMBER[2]</property>
			<property name="mainmenuid">3</property>
			<label>$LOCALIZE[7]</label>
			<label2>Common Shortcut</label2>
			<icon>special://skin/extras/hometiles/filemanager.png</icon>
			<thumb />
			<property name="labelID">7</property>
			<property name="defaultID">7</property>
			<onclick>ActivateWindow(FileManager)</onclick>
			<property name="path">ActivateWindow(FileManager)</property>
			<property name="list">FileManager</property>
			<visible>[StringCompare(System.ProfileName,Entertainment)] + StringCompare(Window(10000).Property(submenuVisibility),settings)</visible>
			<property name="group">settings</property>
			<property name="isSubmenu">True</property>
			<property name="submenuVisibility">settings</property>
		</item>
		<item id="3">
			<property name="id">$NUMBER[3]</property>
			<property name="mainmenuid">3</property>
			<label>Add-on Browser</label>
			<label2>Settings</label2>
			<icon>special://skin/extras/icons/addons.png</icon>
			<thumb />
			<property name="labelID">add-onbrowser</property>
			<property name="defaultID">24001</property>
			<onclick>ActivateWindow(AddonBrowser)</onclick>
			<property name="path">ActivateWindow(AddonBrowser)</property>
			<property name="list">AddonBrowser</property>
			<visible>[StringCompare(System.ProfileName,Entertainment)] + StringCompare(Window(10000).Property(submenuVisibility),settings)</visible>
			<property name="group">settings</property>
			<property name="isSubmenu">True</property>
			<property name="submenuVisibility">settings</property>
		</item>
		<item id="4">
			<property name="id">$NUMBER[4]</property>
			<property name="mainmenuid">3</property>
			<label>$LOCALIZE[1037]</label>
			<label2>Videos</label2>
			<icon>special://skin/extras/icons/video-addons.png</icon>
			<thumb />
			<property name="labelID">1037</property>
			<property name="defaultID">1037</property>
			<onclick>ActivateWindow(Videos,Addons,return)</onclick>
			<property name="path">ActivateWindow(Videos,Addons,return)</property>
			<property name="list">Addons</property>
			<visible>[StringCompare(System.ProfileName,Entertainment)] + StringCompare(Window(10000).Property(submenuVisibility),settings)</visible>
			<property name="group">settings</property>
			<property name="isSubmenu">True</property>
			<property name="submenuVisibility">settings</property>
		</item>
		<item id="4">
			<property name="id">$NUMBER[4]</property>
			<label>$LOCALIZE[13009]</label>
			<label2>Kodi Command</label2>
			<icon>DefaultIconKodi.png</icon>
			<thumb />
			<property name="labelID">13009</property>
			<property name="defaultID">13009</property>
			<visible>System.ShowExitButton</visible>
			<onclick>Quit</onclick>
			<property name="path">Quit</property>
			<property name="list">Quit</property>
			<visible>StringCompare(System.ProfileName,Entertainment)</visible>
			<property name="submenuVisibility">num-13009</property>
			<property name="group">mainmenu</property>
			<property name="hasSubmenu">False</property>
		</item>
	</include>
	<include name="skinshortcuts-group-livetv">
		<item id="1">
			<property name="id">$NUMBER[1]</property>
			<property name="mainmenuid">1</property>
			<label>$LOCALIZE[22020]</label>
			<label2>Live TV</label2>
			<icon>special://skin/extras/defaulticonswide/DefaultTVShows.png</icon>
			<thumb />
			<property name="labelID">22020</property>
			<property name="defaultID">22020</property>
			<visible>PVR.HasTVChannels</visible>
			<onclick>ActivateWindow(TVGuide)</onclick>
			<property name="path">ActivateWindow(TVGuide)</property>
			<property name="list">TVGuide</property>
			<visible>StringCompare(System.ProfileName,Entertainment)</visible>
			<property name="group">livetv</property>
			<property name="isSubmenu">True</property>
		</item>
		<item id="2">
			<property name="id">$NUMBER[2]</property>
			<property name="mainmenuid">1</property>
			<label>$LOCALIZE[19019]</label>
			<label2>Live TV</label2>
			<icon>special://skin/extras/defaulticonswide/DefaultTVShows.png</icon>
			<thumb />
			<property name="labelID">19019</property>
			<property name="defaultID">19019</property>
			<visible>PVR.HasTVChannels</visible>
			<onclick>ActivateWindow(TVChannels)</onclick>
			<property name="path">ActivateWindow(TVChannels)</property>
			<property name="list">TVChannels</property>
			<visible>StringCompare(System.ProfileName,Entertainment)</visible>
			<property name="group">livetv</property>
			<property name="isSubmenu">True</property>
		</item>
		<item id="3">
			<property name="id">$NUMBER[3]</property>
			<property name="mainmenuid">1</property>
			<label>$LOCALIZE[19163]</label>
			<label2>Live TV</label2>
			<icon>special://skin/extras/defaulticonswide/DefaultTVShows.png</icon>
			<thumb />
			<property name="labelID">19163</property>
			<property name="defaultID">19163</property>
			<visible>PVR.HasTVChannels</visible>
			<onclick>ActivateWindow(TVRecordings)</onclick>
			<property name="path">ActivateWindow(TVRecordings)</property>
			<property name="list">TVRecordings</property>
			<visible>StringCompare(System.ProfileName,Entertainment)</visible>
			<property name="group">livetv</property>
			<property name="isSubmenu">True</property>
		</item>
		<item id="4">
			<property name="id">$NUMBER[4]</property>
			<property name="mainmenuid">1</property>
			<label>$LOCALIZE[19040]</label>
			<label2>Live TV</label2>
			<icon>special://skin/extras/defaulticonswide/DefaultTVShows.png</icon>
			<thumb />
			<property name="labelID">19040</property>
			<property name="defaultID">19040</property>
			<visible>PVR.HasTVChannels</visible>
			<onclick>ActivateWindow(TVTimers)</onclick>
			<property name="path">ActivateWindow(TVTimers)</property>
			<property name="list">TVTimers</property>
			<visible>StringCompare(System.ProfileName,Entertainment)</visible>
			<property name="group">livetv</property>
			<property name="isSubmenu">True</property>
		</item>
		<item id="5">
			<property name="id">$NUMBER[5]</property>
			<property name="mainmenuid">1</property>
			<label>$LOCALIZE[137]</label>
			<label2>Live TV</label2>
			<icon>special://skin/extras/defaulticonswide/DefaultTVShows.png</icon>
			<thumb />
			<property name="labelID">137</property>
			<property name="defaultID">137</property>
			<visible>PVR.HasTVChannels</visible>
			<onclick>ActivateWindow(TVSearch)</onclick>
			<property name="path">ActivateWindow(TVSearch)</property>
			<property name="list">TVSearch</property>
			<visible>StringCompare(System.ProfileName,Entertainment)</visible>
			<property name="group">livetv</property>
			<property name="isSubmenu">True</property>
		</item>
	</include>
	<include name="skinshortcuts-group-alt-livetv">
		<item id="1">
			<property name="id">$NUMBER[1]</property>
			<property name="mainmenuid">1</property>
			<label>$LOCALIZE[22020]</label>
			<label2>Live TV</label2>
			<icon>special://skin/extras/defaulticonswide/DefaultTVShows.png</icon>
			<thumb />
			<property name="labelID">22020</property>
			<property name="defaultID">22020</property>
			<visible>[PVR.HasTVChannels] + StringCompare(Window(10000).Property(submenuVisibility),livetv)</visible>
			<onclick>ActivateWindow(TVGuide)</onclick>
			<property name="path">ActivateWindow(TVGuide)</property>
			<property name="list">TVGuide</property>
			<visible>StringCompare(System.ProfileName,Entertainment)</visible>
			<property name="group">livetv</property>
			<property name="isSubmenu">True</property>
		</item>
		<item id="2">
			<property name="id">$NUMBER[2]</property>
			<property name="mainmenuid">1</property>
			<label>$LOCALIZE[19019]</label>
			<label2>Live TV</label2>
			<icon>special://skin/extras/defaulticonswide/DefaultTVShows.png</icon>
			<thumb />
			<property name="labelID">19019</property>
			<property name="defaultID">19019</property>
			<visible>[PVR.HasTVChannels] + StringCompare(Window(10000).Property(submenuVisibility),livetv)</visible>
			<onclick>ActivateWindow(TVChannels)</onclick>
			<property name="path">ActivateWindow(TVChannels)</property>
			<property name="list">TVChannels</property>
			<visible>StringCompare(System.ProfileName,Entertainment)</visible>
			<property name="group">livetv</property>
			<property name="isSubmenu">True</property>
		</item>
		<item id="3">
			<property name="id">$NUMBER[3]</property>
			<property name="mainmenuid">1</property>
			<label>$LOCALIZE[19163]</label>
			<label2>Live TV</label2>
			<icon>special://skin/extras/defaulticonswide/DefaultTVShows.png</icon>
			<thumb />
			<property name="labelID">19163</property>
			<property name="defaultID">19163</property>
			<visible>[PVR.HasTVChannels] + StringCompare(Window(10000).Property(submenuVisibility),livetv)</visible>
			<onclick>ActivateWindow(TVRecordings)</onclick>
			<property name="path">ActivateWindow(TVRecordings)</property>
			<property name="list">TVRecordings</property>
			<visible>StringCompare(System.ProfileName,Entertainment)</visible>
			<property name="group">livetv</property>
			<property name="isSubmenu">True</property>
		</item>
		<item id="4">
			<property name="id">$NUMBER[4]</property>
			<property name="mainmenuid">1</property>
			<label>$LOCALIZE[19040]</label>
			<label2>Live TV</label2>
			<icon>special://skin/extras/defaulticonswide/DefaultTVShows.png</icon>
			<thumb />
			<property name="labelID">19040</property>
			<property name="defaultID">19040</property>
			<visible>[PVR.HasTVChannels] + StringCompare(Window(10000).Property(submenuVisibility),livetv)</visible>
			<onclick>ActivateWindow(TVTimers)</onclick>
			<property name="path">ActivateWindow(TVTimers)</property>
			<property name="list">TVTimers</property>
			<visible>StringCompare(System.ProfileName,Entertainment)</visible>
			<property name="group">livetv</property>
			<property name="isSubmenu">True</property>
		</item>
		<item id="5">
			<property name="id">$NUMBER[5]</property>
			<property name="mainmenuid">1</property>
			<label>$LOCALIZE[137]</label>
			<label2>Live TV</label2>
			<icon>special://skin/extras/defaulticonswide/DefaultTVShows.png</icon>
			<thumb />
			<property name="labelID">137</property>
			<property name="defaultID">137</property>
			<visible>[PVR.HasTVChannels] + StringCompare(Window(10000).Property(submenuVisibility),livetv)</visible>
			<onclick>ActivateWindow(TVSearch)</onclick>
			<property name="path">ActivateWindow(TVSearch)</property>
			<property name="list">TVSearch</property>
			<visible>StringCompare(System.ProfileName,Entertainment)</visible>
			<property name="group">livetv</property>
			<property name="isSubmenu">True</property>
		</item>
	</include>
	<include name="skinshortcuts-group-myntv">
		<item id="1">
			<property name="id">$NUMBER[1]</property>
			<property name="mainmenuid">2</property>
			<label>My Movies</label>
			<label2>Custom item</label2>
			<icon>special://skin/extras/icons/files.png</icon>
			<thumb />
			<property name="labelID">mymovies</property>
			<property name="defaultID">title</property>
			<visible>Library.HasContent(Movies)</visible>
			<onclick>ActivateWindow(Videos,library://video/movies/titles.xml/,return)</onclick>
			<property name="path">ActivateWindow(Videos,library://video/movies/titles.xml/,return)</property>
			<property name="list">library://video/movies/titles.xml/</property>
			<visible>StringCompare(System.ProfileName,Entertainment)</visible>
			<property name="group">myntv</property>
			<property name="widget">Library</property>
			<property name="widgetTarget">videos</property>
			<property name="widgetPath">library://video/tvshows/titles.xml/</property>
			<property name="widgetType">tvshows</property>
			<property name="widgetName">TV shows</property>
			<property name="isSubmenu">True</property>
		</item>
		<item id="2">
			<property name="id">$NUMBER[2]</property>
			<property name="mainmenuid">2</property>
			<label>My TV Shows</label>
			<label2>Custom item</label2>
			<icon>special://skin/extras/icons/files.png</icon>
			<thumb />
			<property name="labelID">mytvshows</property>
			<property name="defaultID">title</property>
			<visible>Library.HasContent(TVShows)</visible>
			<onclick>ActivateWindow(Videos,library://video/tvshows/titles.xml/,return)</onclick>
			<property name="path">ActivateWindow(Videos,library://video/tvshows/titles.xml/,return)</property>
			<property name="list">library://video/tvshows/titles.xml/</property>
			<visible>StringCompare(System.ProfileName,Entertainment)</visible>
			<property name="group">myntv</property>
			<property name="widget">Library</property>
			<property name="widgetTarget">videos</property>
			<property name="widgetPath">library://video/tvshows/titles.xml/</property>
			<property name="widgetType">tvshows</property>
			<property name="widgetName">TV shows</property>
			<property name="isSubmenu">True</property>
		</item>
		<item id="3">
			<property name="id">$NUMBER[3]</property>
			<property name="mainmenuid">2</property>
			<label>$LOCALIZE[1036]</label>
			<label2>Common menu item</label2>
			<icon>DefaultIconFavourite.png</icon>
			<thumb />
			<property name="labelID">1036</property>
			<property name="defaultID">1036</property>
			<onclick>ActivateWindow(Favourites)</onclick>
			<property name="path">ActivateWindow(Favourites)</property>
			<property name="list">Favourites</property>
			<visible>StringCompare(System.ProfileName,Entertainment)</visible>
			<property name="group">myntv</property>
			<property name="widget">Library</property>
			<property name="widgetTarget">videos</property>
			<property name="widgetPath">library://video/tvshows/titles.xml/</property>
			<property name="widgetType">tvshows</property>
			<property name="widgetName">TV shows</property>
			<property name="isSubmenu">True</property>
		</item>
		<item id="4">
			<property name="id">$NUMBER[4]</property>
			<property name="mainmenuid">2</property>
			<label>$ADDON[script.skinshortcuts 32046]</label>
			<label2>Kodi Command</label2>
			<icon>DefaultIconKodi.png</icon>
			<thumb />
			<property name="labelID">32046</property>
			<property name="defaultID">32046</property>
			<onclick>UpdateLibrary(video,,true)</onclick>
			<property name="path">UpdateLibrary(video,,true)</property>
			<property name="list">UpdateLibrary(video,,true)</property>
			<visible>StringCompare(System.ProfileName,Entertainment)</visible>
			<property name="group">myntv</property>
			<property name="widget">Library</property>
			<property name="widgetTarget">videos</property>
			<property name="widgetPath">library://video/tvshows/titles.xml/</property>
			<property name="widgetType">tvshows</property>
			<property name="widgetName">TV shows</property>
			<property name="isSubmenu">True</property>
		</item>
		<item id="5">
			<property name="id">$NUMBER[5]</property>
			<property name="mainmenuid">2</property>
			<label>$ADDON[script.skinshortcuts 32055]</label>
			<label2>Kodi Command</label2>
			<icon>DefaultIconKodi.png</icon>
			<thumb />
			<property name="labelID">32055</property>
			<property name="defaultID">32055</property>
			<onclick>CleanLibrary(video,true)</onclick>
			<property name="path">CleanLibrary(video,true)</property>
			<property name="list">CleanLibrary(video,true)</property>
			<visible>StringCompare(System.ProfileName,Entertainment)</visible>
			<property name="group">myntv</property>
			<property name="widget">Library</property>
			<property name="widgetTarget">videos</property>
			<property name="widgetPath">library://video/tvshows/titles.xml/</property>
			<property name="widgetType">tvshows</property>
			<property name="widgetName">TV shows</property>
			<property name="isSubmenu">True</property>
		</item>
	</include>
	<include name="skinshortcuts-group-alt-myntv">
		<item id="1">
			<property name="id">$NUMBER[1]</property>
			<property name="mainmenuid">2</property>
			<label>My Movies</label>
			<label2>Custom item</label2>
			<icon>special://skin/extras/icons/files.png</icon>
			<thumb />
			<property name="labelID">mymovies</property>
			<property name="defaultID">title</property>
			<visible>[Library.HasContent(Movies)] + StringCompare(Window(10000).Property(submenuVisibility),myntv)</visible>
			<onclick>ActivateWindow(Videos,library://video/movies/titles.xml/,return)</onclick>
			<property name="path">ActivateWindow(Videos,library://video/movies/titles.xml/,return)</property>
			<property name="list">library://video/movies/titles.xml/</property>
			<visible>StringCompare(System.ProfileName,Entertainment)</visible>
			<property name="group">myntv</property>
			<property name="widget">Library</property>
			<property name="widgetTarget">videos</property>
			<property name="widgetPath">library://video/tvshows/titles.xml/</property>
			<property name="widgetType">tvshows</property>
			<property name="widgetName">TV shows</property>
			<property name="isSubmenu">True</property>
		</item>
		<item id="2">
			<property name="id">$NUMBER[2]</property>
			<property name="mainmenuid">2</property>
			<label>My TV Shows</label>
			<label2>Custom item</label2>
			<icon>special://skin/extras/icons/files.png</icon>
			<thumb />
			<property name="labelID">mytvshows</property>
			<property name="defaultID">title</property>
			<visible>[Library.HasContent(TVShows)] + StringCompare(Window(10000).Property(submenuVisibility),myntv)</visible>
			<onclick>ActivateWindow(Videos,library://video/tvshows/titles.xml/,return)</onclick>
			<property name="path">ActivateWindow(Videos,library://video/tvshows/titles.xml/,return)</property>
			<property name="list">library://video/tvshows/titles.xml/</property>
			<visible>StringCompare(System.ProfileName,Entertainment)</visible>
			<property name="group">myntv</property>
			<property name="widget">Library</property>
			<property name="widgetTarget">videos</property>
			<property name="widgetPath">library://video/tvshows/titles.xml/</property>
			<property name="widgetType">tvshows</property>
			<property name="widgetName">TV shows</property>
			<property name="isSubmenu">True</property>
		</item>
		<item id="3">
			<property name="id">$NUMBER[3]</property>
			<property name="mainmenuid">2</property>
			<label>$LOCALIZE[1036]</label>
			<label2>Common menu item</label2>
			<icon>DefaultIconFavourite.png</icon>
			<thumb />
			<property name="labelID">1036</property>
			<property name="defaultID">1036</property>
			<onclick>ActivateWindow(Favourites)</onclick>
			<property name="path">ActivateWindow(Favourites)</property>
			<property name="list">Favourites</property>
			<visible>[StringCompare(System.ProfileName,Entertainment)] + StringCompare(Window(10000).Property(submenuVisibility),myntv)</visible>
			<property name="group">myntv</property>
			<property name="widget">Library</property>
			<property name="widgetTarget">videos</property>
			<property name="widgetPath">library://video/tvshows/titles.xml/</property>
			<property name="widgetType">tvshows</property>
			<property name="widgetName">TV shows</property>
			<property name="isSubmenu">True</property>
		</item>
		<item id="4">
			<property name="id">$NUMBER[4]</property>
			<property name="mainmenuid">2</property>
			<label>$ADDON[script.skinshortcuts 32046]</label>
			<label2>Kodi Command</label2>
			<icon>DefaultIconKodi.png</icon>
			<thumb />
			<property name="labelID">32046</property>
			<property name="defaultID">32046</property>
			<onclick>UpdateLibrary(video,,true)</onclick>
			<property name="path">UpdateLibrary(video,,true)</property>
			<property name="list">UpdateLibrary(video,,true)</property>
			<visible>[StringCompare(System.ProfileName,Entertainment)] + StringCompare(Window(10000).Property(submenuVisibility),myntv)</visible>
			<property name="group">myntv</property>
			<property name="widget">Library</property>
			<property name="widgetTarget">videos</property>
			<property name="widgetPath">library://video/tvshows/titles.xml/</property>
			<property name="widgetType">tvshows</property>
			<property name="widgetName">TV shows</property>
			<property name="isSubmenu">True</property>
		</item>
		<item id="5">
			<property name="id">$NUMBER[5]</property>
			<property name="mainmenuid">2</property>
			<label>$ADDON[script.skinshortcuts 32055]</label>
			<label2>Kodi Command</label2>
			<icon>DefaultIconKodi.png</icon>
			<thumb />
			<property name="labelID">32055</property>
			<property name="defaultID">32055</property>
			<onclick>CleanLibrary(video,true)</onclick>
			<property name="path">CleanLibrary(video,true)</property>
			<property name="list">CleanLibrary(video,true)</property>
			<visible>[StringCompare(System.ProfileName,Entertainment)] + StringCompare(Window(10000).Property(submenuVisibility),myntv)</visible>
			<property name="group">myntv</property>
			<property name="widget">Library</property>
			<property name="widgetTarget">videos</property>
			<property name="widgetPath">library://video/tvshows/titles.xml/</property>
			<property name="widgetType">tvshows</property>
			<property name="widgetName">TV shows</property>
			<property name="isSubmenu">True</property>
		</item>
	</include>
	<include name="skinshortcuts-group-settings">
		<item id="1">
			<property name="id">$NUMBER[1]</property>
			<property name="mainmenuid">3</property>
			<label>Maintenance</label>
			<label2>Custom item</label2>
			<icon>DefaultShortcut.png</icon>
			<thumb>image://special%3a%2f%2fhome%2faddons%5cscript.rawmaintenance%5cmedia%5ccache.png/</thumb>
			<property name="labelID">maintenance</property>
			<property name="defaultID" />
			<onclick>ActivateWindow(Programs,"plugin://plugin.program.echowizard/?url=http%3A%2F%2Ftdbrepo.com%2F&amp;mode=5&amp;name=%5BCOLOR+ghostwhite%5D%5BB%5DMAINTENANCE+TOOLS%5B%2FCOLOR%5D%5B%2FB%5D&amp;iconimage=C%3A%5CUsers%5CDavid%5CAppData%5CRoaming%5CKodi%5Caddons%5Cplugin.program.echowizard%5Cresources%5Cart%5Ctools.png&amp;fanart=C%3A%5CUsers%5CDavid%5CAppData%5CRoaming%5CKodi%5Caddons%5Cplugin.program.echowizard%5Cresources%5Cart%5Cmaintwall.jpg&amp;description=",return)</onclick>
			<property name="path">ActivateWindow(Programs,"plugin://plugin.program.echowizard/?url=http%3A%2F%2Ftdbrepo.com%2F&amp;mode=5&amp;name=%5BCOLOR+ghostwhite%5D%5BB%5DMAINTENANCE+TOOLS%5B%2FCOLOR%5D%5B%2FB%5D&amp;iconimage=C%3A%5CUsers%5CDavid%5CAppData%5CRoaming%5CKodi%5Caddons%5Cplugin.program.echowizard%5Cresources%5Cart%5Ctools.png&amp;fanart=C%3A%5CUsers%5CDavid%5CAppData%5CRoaming%5CKodi%5Caddons%5Cplugin.program.echowizard%5Cresources%5Cart%5Cmaintwall.jpg&amp;description=",return)</property>
			<property name="list">plugin://plugin.program.echowizard/?url=http%3A%2F%2Ftdbrepo.com%2F&amp;mode=5&amp;name=%5BCOLOR+ghostwhite%5D%5BB%5DMAINTENANCE+TOOLS%5B%2FCOLOR%5D%5B%2FB%5D&amp;iconimage=C%3A%5CUsers%5CDavid%5CAppData%5CRoaming%5CKodi%5Caddons%5Cplugin.program.echowizard%5Cresources%5Cart%5Ctools.png&amp;fanart=C%3A%5CUsers%5CDavid%5CAppData%5CRoaming%5CKodi%5Caddons%5Cplugin.program.echowizard%5Cresources%5Cart%5Cmaintwall.jpg&amp;description=</property>
			<visible>StringCompare(System.ProfileName,Entertainment)</visible>
			<property name="group">settings</property>
			<property name="isSubmenu">True</property>
		</item>
		<item id="2">
			<property name="id">$NUMBER[2]</property>
			<property name="mainmenuid">3</property>
			<label>$LOCALIZE[7]</label>
			<label2>Common Shortcut</label2>
			<icon>special://skin/extras/hometiles/filemanager.png</icon>
			<thumb />
			<property name="labelID">7</property>
			<property name="defaultID">7</property>
			<onclick>ActivateWindow(FileManager)</onclick>
			<property name="path">ActivateWindow(FileManager)</property>
			<property name="list">FileManager</property>
			<visible>StringCompare(System.ProfileName,Entertainment)</visible>
			<property name="group">settings</property>
			<property name="isSubmenu">True</property>
		</item>
		<item id="3">
			<property name="id">$NUMBER[3]</property>
			<property name="mainmenuid">3</property>
			<label>Add-on Browser</label>
			<label2>Settings</label2>
			<icon>special://skin/extras/icons/addons.png</icon>
			<thumb />
			<property name="labelID">add-onbrowser</property>
			<property name="defaultID">24001</property>
			<onclick>ActivateWindow(AddonBrowser)</onclick>
			<property name="path">ActivateWindow(AddonBrowser)</property>
			<property name="list">AddonBrowser</property>
			<visible>StringCompare(System.ProfileName,Entertainment)</visible>
			<property name="group">settings</property>
			<property name="isSubmenu">True</property>
		</item>
		<item id="4">
			<property name="id">$NUMBER[4]</property>
			<property name="mainmenuid">3</property>
			<label>$LOCALIZE[1037]</label>
			<label2>Videos</label2>
			<icon>special://skin/extras/icons/video-addons.png</icon>
			<thumb />
			<property name="labelID">1037</property>
			<property name="defaultID">1037</property>
			<onclick>ActivateWindow(Videos,Addons,return)</onclick>
			<property name="path">ActivateWindow(Videos,Addons,return)</property>
			<property name="list">Addons</property>
			<visible>StringCompare(System.ProfileName,Entertainment)</visible>
			<property name="group">settings</property>
			<property name="isSubmenu">True</property>
		</item>
	</include>
	<include name="skinshortcuts-group-alt-settings">
		<item id="1">
			<property name="id">$NUMBER[1]</property>
			<property name="mainmenuid">3</property>
			<label>Maintenance</label>
			<label2>Custom item</label2>
			<icon>DefaultShortcut.png</icon>
			<thumb>image://special%3a%2f%2fhome%2faddons%5cscript.rawmaintenance%5cmedia%5ccache.png/</thumb>
			<property name="labelID">maintenance</property>
			<property name="defaultID" />
			<onclick>ActivateWindow(Programs,"plugin://plugin.program.echowizard/?url=http%3A%2F%2Ftdbrepo.com%2F&amp;mode=5&amp;name=%5BCOLOR+ghostwhite%5D%5BB%5DMAINTENANCE+TOOLS%5B%2FCOLOR%5D%5B%2FB%5D&amp;iconimage=C%3A%5CUsers%5CDavid%5CAppData%5CRoaming%5CKodi%5Caddons%5Cplugin.program.echowizard%5Cresources%5Cart%5Ctools.png&amp;fanart=C%3A%5CUsers%5CDavid%5CAppData%5CRoaming%5CKodi%5Caddons%5Cplugin.program.echowizard%5Cresources%5Cart%5Cmaintwall.jpg&amp;description=",return)</onclick>
			<property name="path">ActivateWindow(Programs,"plugin://plugin.program.echowizard/?url=http%3A%2F%2Ftdbrepo.com%2F&amp;mode=5&amp;name=%5BCOLOR+ghostwhite%5D%5BB%5DMAINTENANCE+TOOLS%5B%2FCOLOR%5D%5B%2FB%5D&amp;iconimage=C%3A%5CUsers%5CDavid%5CAppData%5CRoaming%5CKodi%5Caddons%5Cplugin.program.echowizard%5Cresources%5Cart%5Ctools.png&amp;fanart=C%3A%5CUsers%5CDavid%5CAppData%5CRoaming%5CKodi%5Caddons%5Cplugin.program.echowizard%5Cresources%5Cart%5Cmaintwall.jpg&amp;description=",return)</property>
			<property name="list">plugin://plugin.program.echowizard/?url=http%3A%2F%2Ftdbrepo.com%2F&amp;mode=5&amp;name=%5BCOLOR+ghostwhite%5D%5BB%5DMAINTENANCE+TOOLS%5B%2FCOLOR%5D%5B%2FB%5D&amp;iconimage=C%3A%5CUsers%5CDavid%5CAppData%5CRoaming%5CKodi%5Caddons%5Cplugin.program.echowizard%5Cresources%5Cart%5Ctools.png&amp;fanart=C%3A%5CUsers%5CDavid%5CAppData%5CRoaming%5CKodi%5Caddons%5Cplugin.program.echowizard%5Cresources%5Cart%5Cmaintwall.jpg&amp;description=</property>
			<visible>[StringCompare(System.ProfileName,Entertainment)] + StringCompare(Window(10000).Property(submenuVisibility),settings)</visible>
			<property name="group">settings</property>
			<property name="isSubmenu">True</property>
		</item>
		<item id="2">
			<property name="id">$NUMBER[2]</property>
			<property name="mainmenuid">3</property>
			<label>$LOCALIZE[7]</label>
			<label2>Common Shortcut</label2>
			<icon>special://skin/extras/hometiles/filemanager.png</icon>
			<thumb />
			<property name="labelID">7</property>
			<property name="defaultID">7</property>
			<onclick>ActivateWindow(FileManager)</onclick>
			<property name="path">ActivateWindow(FileManager)</property>
			<property name="list">FileManager</property>
			<visible>[StringCompare(System.ProfileName,Entertainment)] + StringCompare(Window(10000).Property(submenuVisibility),settings)</visible>
			<property name="group">settings</property>
			<property name="isSubmenu">True</property>
		</item>
		<item id="3">
			<property name="id">$NUMBER[3]</property>
			<property name="mainmenuid">3</property>
			<label>Add-on Browser</label>
			<label2>Settings</label2>
			<icon>special://skin/extras/icons/addons.png</icon>
			<thumb />
			<property name="labelID">add-onbrowser</property>
			<property name="defaultID">24001</property>
			<onclick>ActivateWindow(AddonBrowser)</onclick>
			<property name="path">ActivateWindow(AddonBrowser)</property>
			<property name="list">AddonBrowser</property>
			<visible>[StringCompare(System.ProfileName,Entertainment)] + StringCompare(Window(10000).Property(submenuVisibility),settings)</visible>
			<property name="group">settings</property>
			<property name="isSubmenu">True</property>
		</item>
		<item id="4">
			<property name="id">$NUMBER[4]</property>
			<property name="mainmenuid">3</property>
			<label>$LOCALIZE[1037]</label>
			<label2>Videos</label2>
			<icon>special://skin/extras/icons/video-addons.png</icon>
			<thumb />
			<property name="labelID">1037</property>
			<property name="defaultID">1037</property>
			<onclick>ActivateWindow(Videos,Addons,return)</onclick>
			<property name="path">ActivateWindow(Videos,Addons,return)</property>
			<property name="list">Addons</property>
			<visible>[StringCompare(System.ProfileName,Entertainment)] + StringCompare(Window(10000).Property(submenuVisibility),settings)</visible>
			<property name="group">settings</property>
			<property name="isSubmenu">True</property>
		</item>
	</include>
	<include name="skinshortcuts-group-num-13009">
		<description>No items</description>
	</include>
	<include name="skinshortcuts-group-alt-num-13009">
		<description>No items</description>
	</include>
	<include name="skinshortcuts-template-widget_Vertical">
		<include condition="StringCompare(System.ProfileName,Entertainment)">skinshortcuts-template-widget_Vertical-Entertainment</include>
	</include>
	<include name="skinshortcuts-template-widget_Vertical-Entertainment">
		<control id="9200" type="list">
			<visible>StringCompare(Container(9000).ListItem.Property(submenuVisibility),myntv)</visible>
			<left>320</left>
			<width>1620</width>
			<height>screen_Height</height>
			<onleft>9000</onleft>
			<onleft>ClearProperty(WidgetState)</onleft>
			<onleft>noop</onleft>
			<onup>9200</onup>
			<ondown>9200</ondown>
			<onback>ClearProperty(WidgetState)</onback>
			<onback>9000</onback>
			<oninfo>SetProperty(ExtInfo,open,Home)</oninfo>
			<oninfo>$VAR[widget:OnInfo]</oninfo>
			<orientation>vertical</orientation>
			<preloaditems>2</preloaditems>
			<pagecontrol>70</pagecontrol>
			<include>transition_Home</include>
			<include>global_Scrolltime</include>
			<include>toggle_Widget</include>
			<itemlayout height="screen_Height" width="screen_Width">
				<include>widget_Item-Art</include>
				<include>widget_Item-Info</include>
			</itemlayout>
			<focusedlayout height="screen_Height" width="screen_Width">
				<include>widget_Item-Art</include>
				<include>widget_Item-Info</include>
			</focusedlayout>
			<content target="videos">library://video/tvshows/titles.xml/</content>
		</control>
	</include>
	<include name="skinshortcuts-template-widget_Horizontal">
		<include condition="StringCompare(System.ProfileName,Entertainment)">skinshortcuts-template-widget_Horizontal-Entertainment</include>
	</include>
	<include name="skinshortcuts-template-widget_Horizontal-Entertainment">
		<control id="9200" type="list">
			<visible>StringCompare(Container(9000).ListItem.Property(submenuVisibility),myntv)</visible>
			<left>0</left>
			<width>screen_Width</width>
			<height>screen_Height</height>
			<onleft>9200</onleft>
			<onleft>9200</onleft>
			<onup>noop</onup>
			<ondown>ClearProperty(WidgetState)</ondown>
			<ondown>9000</ondown>
			<onback>ClearProperty(WidgetState)</onback>
			<onback>9000</onback>
			<oninfo>$VAR[widget:OnInfo]</oninfo>
			<orientation>horizontal</orientation>
			<preloaditems>2</preloaditems>
			<pagecontrol>71</pagecontrol>
			<include>transition_Home</include>
			<include>global_Scrolltime</include>
			<include>toggle_Widget</include>
			<itemlayout height="screen_Height" width="screen_Width">
				<include>widget_Item-Art</include>
				<include>widget_Item-Info</include>
			</itemlayout>
			<focusedlayout height="screen_Height" width="screen_Width">
				<include>widget_Item-Art</include>
				<include>widget_Item-Info</include>
			</focusedlayout>
			<content target="videos">library://video/tvshows/titles.xml/</content>
		</control>
	</include>
</includes>
