<?xml version="1.0" encoding="UTF-8"?>
<window>
	<defaultcontrol>2</defaultcontrol>
	<controls>
		<control type="group">
			<include>transition_OSD</include>
			<visible>Player.ShowInfo | Window.IsActive(musicosd)</visible>
			<visible>![Window.IsVisible(visualisationpresetlist) | Window.IsVisible(musicosd) | Window.IsVisible(script-cu-lrclyrics-main)]</visible>
			<include name="osd_Info">
				<param name="Top" value="570"/>
				<param name="Height" value="110"/>
				<param name="ArtWidth" value="96"/>
				<param name="ArtHeight" value="96"/>
				<param name="TextLeft" value="122"/>
				<param name="Icon" default="DefaultMusicSongs.png"/>
			</include>
			<include>osd_Seekbar</include>
		</control>
	</controls>
</window>