﻿<?xml version="1.0" encoding="UTF-8"?>
<window>
	<defaultcontrol always="true">10</defaultcontrol>
	
	
	<controls>
		<control type="multiimage" id="1">
		    <aspectratio>scale</aspectratio>
		    <timeperimage>5000</timeperimage>
		    <fadetime>850</fadetime>
		    <randomize>true</randomize>
		    <loop>yes</loop>
			<include>screen_Dimensions</include>
			<imagepath background="true">startup/backgrounds/morning/</imagepath>
			<visible>system.time(00:00,12:00)</visible>
			<animation type="WindowClose" condition="Window.Next(1299)">
				<effect type="fade" start="100" end="0" time="150" delay="0" />
			</animation>
			<animation type="WindowOpen">
				<effect type="fade" start="0" end="100" time="150" delay="0" />
			</animation>
		</control>
		<control type="multiimage" id="1">
		    <aspectratio>scale</aspectratio>
		    <timeperimage>5000</timeperimage>
		    <fadetime>850</fadetime>
		    <randomize>true</randomize>
		    <loop>yes</loop>
			<include>screen_Dimensions</include>
			<imagepath background="true">startup/backgrounds/afternoon/</imagepath>
			<visible>system.time(12:00,18:00)</visible>
			<animation type="WindowClose" condition="Window.Next(1299)">
				<effect type="fade" start="100" end="0" time="150" delay="0" />
			</animation>
			<animation type="WindowOpen">
				<effect type="fade" start="0" end="100" time="150" delay="0" />
			</animation>
		</control>
		<control type="multiimage" id="1">
		    <aspectratio>scale</aspectratio>
		    <timeperimage>5000</timeperimage>
		    <fadetime>850</fadetime>
		    <randomize>true</randomize>
		    <loop>yes</loop>
			<include>screen_Dimensions</include>
			<imagepath background="true">startup/backgrounds/evening/</imagepath>
			<visible>system.time(18:00,00:00)</visible>
			<animation type="WindowClose" condition="Window.Next(0)">
				<effect type="fade" start="100" end="0" time="150" delay="0" />
			</animation>
			<animation type="WindowOpen">
				<effect type="fade" start="0" end="100" time="150" delay="0" />
			</animation>
		</control>
		
		
		<control type="group">
			<posx>0</posx>
			<posy>0</posy>
			<animation type="WindowOpen">
				<effect type="zoom" time="100" center="640,360" start="180" end="100" tween="cubic" easing="out" delay="0"/>
				<effect type="fade" time="100" center="640,360" start="0" easing="out" end="100" delay="0"/>
			</animation>			
			<animation type="WindowClose">
				<effect type="zoom" time="50" center="640,360" start="100" end="140" tween="cubic" easing="in" />
				<effect type="fade" time="50" center="640,360" start="100" easing="in" end="0" />
			</animation>
			<control type="image">
				<posx>0</posx>
				<posy>0</posy>
				<include>screentype</include>
				<texture>startup/startupmorning.png</texture>
				<aspectratio>keep</aspectratio>
				<include>fadeinout</include>
				<visible>system.time(00:00,12:00)</visible>
			</control>
			<control type="image">
				<posx>0</posx>
				<posy>0</posy>
				<include>screentype</include>
				<texture>startup/startupafternoon.png</texture>
				<aspectratio>keep</aspectratio>
				<include>fadeinout</include>
				<visible>system.time(12:00,18:00)</visible>
			</control>
			<control type="image">
				<posx>0</posx>
				<posy>0</posy>
				<include>screentype</include>
				<texture>startup/startupevening.png</texture>
				<aspectratio>keep</aspectratio>
				<include>fadeinout</include>
				<visible>system.time(18:00,00:00)</visible>
			</control>
		</control>
		<control type="image">
			<posx>569</posx>
			<posy>608</posy>
			<width>128</width>
			<height>128</height>
			<texture>startup/xbmclogo2.png</texture>
			<include>fadeinout</include>
		</control>
		
		<!--initial focus or re-check-->
		<control type="button" id="10">
			<include>TriggerButton</include>
			<onfocus>SetFocus(11)</onfocus>
		</control>
		
		<!--fanart grabber not installed, or installed but not enabled. No further checking, move to home.-->
		<control type="button" id="11">
			<include>TriggerButton</include>
			<onfocus>AlarmClock(StartupDelay,ReplaceWindow($INFO[System.StartupWindow]),00:03,silent)</onfocus>
			<visible>!System.HasAddon(script.grab.fanart)</visible>
		</control>
		
		<!--fanart grabber installed, go to startup evaluation-->
		<control type="button" id="11">
			<include>TriggerButton</include>
			<onfocus>SetFocus(20)</onfocus>
			<visible>System.HasAddon(script.grab.fanart)</visible>
		</control>

		<!--check if fanart grabber is ready-->
		<control type="button" id="20">
			<include>TriggerButton</include>
			
			<!--ready, move to home window-->
			<onfocus condition="!IsEmpty(Window(Home).Property(script.grab.fanart.Ready))">AlarmClock(StartupDelay,ReplaceWindow($INFO[System.StartupWindow]),00:03,silent)</onfocus>
			
			<!--not ready, re-check-->
			<onfocus condition="IsEmpty(Window(Home).Property(script.grab.fanart.Ready))">SetFocus(10)</onfocus>
		</control>
	</controls>
</window>