<?xml version="1.0" encoding="UTF-8"?>
<window>
	<defaultcontrol>-</defaultcontrol>
	<controls>
		<!--regular stream info-->
		<control type="group" id="0">
			<control type="image">
				<width>Screen_Width</width>
				<height>170</height>
				<texture>colorize/90.png</texture>
				<colordiffuse>base_2</colordiffuse>
			</control>
			<control type="group">
				<left>20</left>
				<top>20</top>
				<!--line 1-->
				<control type="label" id="10">
					<width>1260</width>
					<label>-</label>
					<textcolor>Color1</textcolor>
					<font>regular_Smaller-U</font>
				</control>
				<!--line 2-->
				<control type="label" id="11">
					<top>50</top>
					<width>1260</width>
					<label>-</label>
					<textcolor>Color1</textcolor>
					<font>regular_Smaller-U</font>
				</control>
				<!--line 3-->
				<control type="label" id="12">
					<top>100</top>
					<width>1260</width>
					<label>-</label>
					<textcolor>Color1</textcolor>
					<font>regular_Smaller-U</font>
				</control>
			</control>
		</control>
		<!--pvr stream info-->
		<control type="group">
			<visible>Player.ShowCodec + VideoPlayer.Content(LiveTV) + System.GetBool(pvrplayback.signalquality)</visible>
			<control type="image">
				<width>Screen_Width</width>
				<height>311</height>
				<texture>colorize/100.png</texture>
				<colordiffuse>base_2</colordiffuse>
			</control>
			<control type="group">
				<left>20</left>
				<top>0</top>
				<!--header-->
				<control type="label">
					<top>5</top>
					<width>1260</width>
					<label>[B]$LOCALIZE[19005][/B]</label>
					<textcolor>Color1</textcolor>
					<font>regular_Smaller-U</font>
				</control>
				<!--backend-->
				<control type="label">
					<top>31</top>
					<width>1260</width>
					<label>$LOCALIZE[19012]$INFO[PVR.ActStreamClient,: ]</label>
					<textcolor>Color1</textcolor>
					<font>regular_Smaller-U</font>
				</control>
				<!--device-->
				<control type="label">
					<top>58</top>
					<width>1260</width>
					<label>$LOCALIZE[19006]$INFO[PVR.ActStreamDevice,: ]</label>
					<textcolor>Color1</textcolor>
					<font>regular_Smaller-U</font>
				</control>
				<!--status-->
				<control type="label">
					<top>85</top>
					<width>1260</width>
					<label>$LOCALIZE[19008]$INFO[PVR.ActStreamStatus,: ]</label>
					<textcolor>Color1</textcolor>
					<font>regular_Smaller-U</font>
				</control>
				<!--signal progressbar-->
				<control type="progress">
					<right>20</right>
					<top>97</top>
					<width>910</width>
					<height>4</height>
					<info>PVR.ActStreamProgrSignal</info>
					<include>progress_Light</include>
				</control>
				<!--SNR-->
				<control type="label">
					<top>112</top>
					<width>1260</width>
					<label>$LOCALIZE[19009]$INFO[PVR.ActStreamSNR,: ]</label>
					<textcolor>Color1</textcolor>
					<font>regular_Smaller-U</font>
				</control>
				<!--SNR progressbar-->
				<control type="progress">
					<right>20</right>
					<top>124</top>
					<width>910</width>
					<height>4</height>
					<include>progress_Light</include>
					<info>PVR.ActStreamProgrSNR</info>
				</control>
				<!--BER-->
				<control type="label">
					<top>139</top>
					<width>1260</width>
					<label>$LOCALIZE[19010]$INFO[PVR.ActStreamBER,: ]</label>
					<textcolor>Color1</textcolor>
					<font>regular_Smaller-U</font>
				</control>
				<!--UNC-->
				<control type="label">
					<top>166</top>
					<width>1260</width>
					<label>$LOCALIZE[19011]$INFO[PVR.ActStreamUNC,: ]</label>
					<textcolor>Color1</textcolor>
					<font>regular_Smaller-U</font>
				</control>
				<!--service-->
				<control type="label">
					<top>193</top>
					<width>1260</width>
					<label>$LOCALIZE[19099]$INFO[PVR.ActStreamServiceName,: ]</label>
					<textcolor>Color1</textcolor>
					<font>regular_Smaller-U</font>
				</control>
				<!--encryption-->
				<control type="label">
					<top>220</top>
					<width>1260</width>
					<label>$LOCALIZE[19015]$INFO[PVR.ActStreamEncryptionName,: ]</label>
					<textcolor>Color1</textcolor>
					<font>regular_Smaller-U</font>
				</control>
				<!--provider-->
				<control type="label">
					<top>247</top>
					<width>1260</width>
					<label>$LOCALIZE[19101]$INFO[PVR.ActStreamProviderName,: ]</label>
					<textcolor>Color1</textcolor>
					<font>regular_Smaller-U</font>
				</control>
				<!--mux-->
				<control type="label">
					<top>274</top>
					<width>1260</width>
					<label>$LOCALIZE[19100]$INFO[PVR.ActStreamMux,: ]</label>
					<textcolor>Color1</textcolor>
					<font>regular_Smaller-U</font>
				</control>
			</control>
		</control>
	</controls>
</window>