<?xml version="1.0" encoding="UTF-8"?>
<includes>

	<include name="view_Banner-Frame">
		<param name="Width" default="572"/>
		<param name="Height" default="117"/>
		<param name="State" default="frames/frame-nf.png"/>
		<definition>
			<control type="image">
				<width>$PARAM[Width]</width>
				<height>$PARAM[Height]</height>
				<texture>$PARAM[State]</texture>
			</control>
		</definition>
	</include>

	<include name="view_Banner-Art">
		<param name="Width" default="558"/>
		<param name="Height" default="103"/>
		<param name="Fallback" default="thumbs/default_Banner.png"/>
		<param name="Size" default="72"/>
		<param name="ShowLogo" default="false"/>
		<definition>
			<control type="group">
				<left>7</left>
				<top>7</top>
				<width>$PARAM[Width]</width>
				<height>$PARAM[Height]</height>
				<control type="image">
					<width>$PARAM[Width]</width>
					<height>$PARAM[Height]</height>
					<texture background="true">$PARAM[Fallback]</texture>
					<aspectratio>stretch</aspectratio>
				</control>
				<control type="image">
					<texture>$INFO[ListItem.ActualIcon]</texture>
					<width>$PARAM[Size]</width>
					<height>$PARAM[Size]</height>
					<centerleft>50%</centerleft>
					<centertop>50%</centertop>
					<visible>IsEmpty(ListItem.Thumb)</visible>
				</control>
				<control type="image">
					<width>$PARAM[Width]</width>
					<height>$PARAM[Height]</height>
					<texture background="true">$VAR[art:Banner]</texture>
					<aspectratio>scale</aspectratio>
				</control>
			</control>
		</definition>
	</include>

	<include name="view_Banner-Data">
		<param name="TextColor" default="Color1"/>
		<param name="Width" default="590"/>
		<param name="Height" default="190"/>
		<param name="Label1" default="$VAR[media:Title]"/>
		<param name="Label2" default="$VAR[media:Info]"/>
		<definition>
			<control type="group">
				<left>7</left>
				<top>130</top>
				<width>$PARAM[Width]</width>
				<height>$PARAM[Height]</height>
				<control type="label">
					<width>470</width>
					<label>$PARAM[Label1]</label>
					<textcolor>$PARAM[TextColor]</textcolor>
					<font>semibold_Big-U</font>
					<selectedcolor>Selected</selectedcolor>
				</control>
				<control type="group">
					<top>22</top>
					<visible>!StringCompare(ListItem.Label,..)</visible>
					<control type="label">
						<width>440</width>
						<label>$PARAM[Label2]</label>
						<font>semibold_Small-U</font>
						<textcolor>Color2</textcolor>
						<selectedcolor>Selected</selectedcolor>
						<visible>!SubString(Container.FolderPath,plugin://)</visible>
					</control>
					<control type="label">
						<width>440</width>
						<label>$VAR[media:Info.Addon]</label>
						<font>semibold_Small-U</font>
						<textcolor>Color2</textcolor>
						<selectedcolor>Selected</selectedcolor>
						<visible>SubString(Container.FolderPath,plugin://)</visible>
					</control>
					<control type="label">
						<right>0</right>
						<width>150</width>
						<label>$INFO[ListItem.Studio]</label>
						<align>right</align>
						<font>semibold_Small-U</font>
						<textcolor>Color2</textcolor>
						<selectedcolor>Selected</selectedcolor>
						<visible>Container.Content(tvshows) + !SubString(Container.FolderPath,plugin://)</visible>
					</control>
				</control>
			</control>
		</definition>
	</include>


<!--BANNERS SMALL GRID-->
	<include name="view_Banner">
		<control type="group">
			<include>transition_Content</include>
			<include>transition_Info</include>
			<include>toggle_Menu</include>
			<visible>Container.Content(tvshows) | Container.Content(movies) + Skin.HasSetting(banner.movies.enable)</visible>
			<control type="panel" id="54">
				<viewtype label="31110">wide</viewtype> 	
				<left>35</left>
				<top>90</top>
				<width>572</width>
				<height>615</height>
				<onleft>6000</onleft>
				<onright>70</onright>
				<onup>54</onup>
				<ondown>54</ondown>
				<pagecontrol>70</pagecontrol>
				<preloaditems>2</preloaditems>
				<orientation>vertical</orientation>
				<include>global_Scrolltime</include>
				<itemlayout width="572" height="123">
					<include>view_Banner-Frame</include>
					<include>view_Banner-Art</include>
					<include name="status_Info">
						<param name="Left" value="523"/>
						<param name="Bottom" value="13"/>
					</include>
				</itemlayout>
				<focusedlayout width="572" height="123">
					<include name="view_Banner-Frame">
						<param name="State" value="frames/frame-fo.png" />
					</include>
					<include>view_Banner-Art</include>
					<include name="status_Info">
						<param name="Left" value="523"/>
						<param name="Bottom" value="13"/>
					</include>
				</focusedlayout>
			</control>
			<control type="group">
				<visible>Control.IsVisible(54)</visible>
				<include name="detail_Info">
					<param name="Left" value="640"/>
					<param name="Top" value="90"/>
					<param name="Width" value="590"/>
					<param name="StudioBottom" value="25"/>
				</include>
			</control>
		</control>
	</include>

<!--BANNERS BIG GRID-->
	<include name="view_BigBanner">
		<control type="panel" id="541">
			<viewtype label="31110">bigwide</viewtype>
			<left>25</left>
			<top>105</top>
			<width>1240</width>
			<height>570</height>
			<onleft>6000</onleft>
			<onright>70</onright>
			<onup>541</onup>
			<ondown>541</ondown>
			<pagecontrol>70</pagecontrol>
			<preloaditems>2</preloaditems>
			<orientation>vertical</orientation>
			<include>global_Scrolltime</include>
			<include>transition_Content</include>
			<include>transition_Info</include>
			<include>toggle_Menu</include>
			<visible>Container.Content(tvshows) | Container.Content(movies) + Skin.HasSetting(banner.movies.enable)</visible>
			<itemlayout width="620" height="190">
				<include name="view_Banner-Frame">
					<param name="Width" value="604"/>
					<param name="Height" value="123"/>
				</include>
				<include name="view_Banner-Art">
					<param name="Width" value="590"/>
					<param name="Height" value="109"/>
				</include>
				<include name="view_Banner-Data">
					<param name="Right" value="23"/>
					<param name="Bottom" value="74"/>
				</include>
				<include name="status_Info">
					<param name="Left" value="555"/>
					<param name="Bottom" value="74"/>
				</include>
			</itemlayout>
			<focusedlayout width="620" height="190">
				<include name="view_Banner-Frame">
					<param name="Width" value="604"/>
					<param name="Height" value="123"/>
					<param name="State" value="frames/frame-fo.png" />
				</include>
				<include name="view_Banner-Art">
					<param name="Width" value="590"/>
					<param name="Height" value="109"/>
				</include>
				<include name="view_Banner-Data">
					<param name="Right" value="23"/>
					<param name="Bottom" value="74"/>
				</include>
				<include name="status_Info">
					<param name="Left" value="555"/>
					<param name="Bottom" value="74"/>
				</include>
			</focusedlayout>
		</control>
	</include>
</includes>