<?xml version="1.0" encoding="UTF-8"?>
<includes>
	<include name="view_Slide-Frame">
		<param name="Width" default="202"/>
		<param name="Height" default="299"/>
		<definition>
			<control type="image">
				<width>$PARAM[Width]</width>
				<height>$PARAM[Height]</height>
				<texture border="10">frames/frame-alt.png</texture>
			</control>
		</definition>
	</include>

	<include name="view_Slide-Art">
		<param name="Width" default="183"/>
		<param name="Height" default="280"/>
		<param name="Fallback" default="thumbs/default_Portrait.png"/>
		<param name="Art" default="$VAR[art:Portrait]"/>
		<param name="IconSize" default="72"/>
		<param name="ShowLogo" default="false"/>
		<definition>
			<control type="group">
				<left>9</left>
				<top>9</top>
				<width>$PARAM[Width]</width>
				<height>$PARAM[Height]</height>
				<control type="image">
					<width>$PARAM[Width]</width>
					<height>$PARAM[Height]</height>
					<texture background="true">$PARAM[Fallback]</texture>
					<aspectratio>stretch</aspectratio>
				</control>
				<control type="image">
					<texture>$INFO[ListItem.ActualIcon]</texture>
					<width>$PARAM[IconSize]</width>
					<height>$PARAM[IconSize]</height>
					<centerleft>50%</centerleft>
					<centertop>50%</centertop>
					<visible>IsEmpty(ListItem.Thumb)</visible>
				</control>
				<control type="image">
					<width>$PARAM[Width]</width>
					<height>$PARAM[Height]</height>
					<texture background="true">$PARAM[Art]</texture>
					<aspectratio align="center" aligny="middle">scale</aspectratio>
				</control>
				<control type="image">
					<centerleft>50%</centerleft>
					<bottom>10</bottom>
					<width>50%</width>
					<aspectratio align="center" aligny="bottom">keep</aspectratio>
					<include>art_Logo</include>
					<visible>$PARAM[ShowLogo]</visible>
				</control>
			</control>
		</definition>
	</include>

	<include name="view_Slide-Studio">
		<control type="image">
			<left>75</left>
			<top>480</top>
			<include>flag_Studio</include>
			<visible>Control.IsVisible(52) | Control.IsVisible(521) | Control.IsVisible(522)</visible>
		</control>
	</include>

<!--PORTRAIT-->
	<include name="view_SlidePoster">
		<control type="group">
			<include>transition_Content</include>
			<include>transition_Info</include>
			<include>toggle_Menu</include>
			<control type="fixedlist" id="52">
				<viewtype label="31112">wrap</viewtype>
				<left>8</left>
				<top>105</top>
				<width>1272</width>
				<height>425</height>
				<onup>6000</onup>
				<ondown>71</ondown>
				<onleft>52</onleft>
				<onright>52</onright>
				<focusposition>1</focusposition>
				<pagecontrol>71</pagecontrol>
				<orientation>horizontal</orientation>
				<include>global_Scrolltime</include>
				<visible>Container.Content(movies) | Container.Content(tvshows) | Container.Content(seasons) | Container.Content(sets)</visible>
				<itemlayout width="200" height="300">
					<include>view_Slide-Frame</include>
					<include>view_Slide-Art</include>
					<include name="status_Info">
						<param name="Left" value="150"/>
						<param name="Bottom" value="11"/>
					</include>
					<include>focus_SlidePoster</include>
				</itemlayout>
				<focusedlayout width="200" height="300">
					<control type="group">
						<include>view_Slide-Frame</include>
						<include>view_Slide-Art</include>
						<include name="status_Info">
							<param name="Left" value="150"/>
							<param name="Bottom" value="11"/>
						</include>
						<include>focus_SlidePoster</include>
					</control>
				</focusedlayout>
			</control>
			<include>view_Slide-Studio</include>
			<control type="group">
				<visible>Control.IsVisible(52) | Control.IsVisible(521) | Control.IsVisible(522)</visible>
				<include name="detail_Info">
					<param name="Left" value="192"/>
					<param name="Top" value="477"/>
					<param name="Width" value="1050"/>
					<param name="ShowStudio" value="false"/>
					<param name="ShowFlags" value="!SubString(Container.FolderPath,plugin://)"/>
					<param name="PlotHeight" value="110"/>
				</include>
			</control>
		</control>
	</include>

<!--LANDSCAPE-->
	<include name="view_SlideLandscape">
		<control type="group">
			<include>transition_Content</include>
			<include>transition_Info</include>
			<include>toggle_Menu</include>
			<control type="fixedlist" id="521">
				<viewtype label="31112">bigwrap</viewtype>
				<left>-177</left>
				<top>150</top>
				<width>1457</width>
				<height>430</height>
				<onleft>521</onleft>
				<onright>521</onright>
				<onup>6000</onup>
				<ondown>71</ondown>
				<focusposition>1</focusposition>
				<pagecontrol>71</pagecontrol>
				<preloaditems>2</preloaditems>
				<orientation>horizontal</orientation>
				<include>global_Scrolltime</include>
				<visible>Container.Content(movies) | Container.Content(tvshows) | Container.Content(episodes) | Container.Content(musicvideos) | Container.Content(artists) | [Container.Content(files) + Container.HasFiles + !SubString(Container.FolderPath,plugin://plugin)] | Window.IsActive(tvrecordings)</visible>
				<itemlayout width="445" height="259">
					<include name="view_Slide-Frame">
						<param name="Width" value="445"/>
						<param name="Height" value="258"/>
					</include>
					<include name="view_Slide-Art">
						<param name="Width" value="425"/>
						<param name="Height" value="239"/>
						<param name="Art" value="$VAR[art:Landscape]"/>
						<param name="Fallback" value="thumbs/default_Landscape.png"/>
						<param name="ShowLogo" default="true"/>
					</include>
					<include name="status_Info">
						<param name="Left" value="392"/>
						<param name="Bottom" value="11"/>
					</include>
				</itemlayout>
				<focusedlayout width="445" height="259">
					<control type="group">
						<width>445</width>
						<height>258</height>
						<include>focus_SlideWide</include>
						<include name="view_Slide-Frame">
							<param name="Width" value="445"/>
							<param name="Height" value="258"/>
						</include>
						<include name="view_Slide-Art">
							<param name="Width" value="425"/>
							<param name="Height" value="239"/>
							<param name="Art" value="$VAR[art:Landscape]"/>
							<param name="Fallback" value="thumbs/default_Landscape.png"/>
							<param name="ShowLogo" default="true"/>
						</include>
						<include name="status_Info">
							<param name="Left" value="392"/>
							<param name="Bottom" value="10"/>
						</include>
					</control>
				</focusedlayout>
			</control>
		</control>
	</include>

<!--SQUARE-->
	<include name="view_SlideSquare">
		<control type="fixedlist" id="522">
			<viewtype label="31112">wrap</viewtype>
			<left>9</left>
			<top>130</top>
			<width>1271</width>
			<height>560</height>
			<onleft>522</onleft>
			<onright>522</onright>
			<onup>6000</onup>
			<ondown>71</ondown>
			<pagecontrol>71</pagecontrol>
			<focusposition>1</focusposition>
			<orientation>horizontal</orientation>
			<include>global_Scrolltime</include>
			<include>transition_Content</include>
			<include>transition_Info</include>
			<include>toggle_Menu</include>
			<visible>Container.Content(albums) | Container.Content(songs) | Container.Content(singles) | Container.Content(artists) | Container.Content(addons) | Window.IsActive(radiorecordings)</visible>
			<itemlayout height="280" width="280">
				<include name="view_Slide-Frame">
					<param name="Width" value="280"/>
					<param name="Height" value="280"/>
				</include>
				<include name="view_Slide-Art">
					<param name="Width" value="260"/>
					<param name="Height" value="260"/>
					<param name="Art" value="$VAR[art:Square]"/>
					<param name="Fallback" value="thumbs/default_Square.png"/>
				</include>
			</itemlayout>
			<focusedlayout height="280" width="280">
				<control type="group">
					<include>focus_SlideMusic</include>
					<include name="view_Slide-Frame">
						<param name="Width" value="280"/>
						<param name="Height" value="280"/>
					</include>
					<include name="view_Slide-Art">
						<param name="Width" value="260"/>
						<param name="Height" value="260"/>
						<param name="Art" value="$VAR[art:Square]"/>
						<param name="Fallback" value="thumbs/default_Square.png"/>
					</include>
				</control>
			</focusedlayout>
		</control>
	</include>
</includes>