<?xml version="1.0" encoding="UTF-8"?>
<includes>

<!-- ============= -->
<!-- NERO VARIABLES -->
<!-- ============= -->	
	
	<variable name="Textures.GlobalColor">
		<value condition="!String.IsEmpty(Skin.String(Textures.GlobalColor))">$INFO[Skin.String(Textures.GlobalColor)]</value>
		<value condition="String.IsEmpty(Skin.String(Textures.GlobalColor)) + Skin.HasTheme(Spectrum)">FFF1F1F1</value>
		<value condition="String.IsEmpty(Skin.String(Textures.GlobalColor)) + Skin.HasTheme(Spectrum 2)">FFF1F1F1</value>
		<value condition="String.IsEmpty(Skin.String(Textures.GlobalColor)) + Skin.HasTheme(Cobalt)">FF3ea6e8</value>
		<value condition="String.IsEmpty(Skin.String(Textures.GlobalColor)) + Skin.HasTheme(Lava)">FFe95d4e</value>
		<value>FF12B2E7</value>
	</variable>

	<variable name="Text.GlobalColor">
		<value condition="!String.IsEmpty(Skin.String(Text.GlobalColor))">$INFO[Skin.String(Text.GlobalColor)]</value>
		<value condition="String.IsEmpty(Skin.String(Text.GlobalColor)) + Skin.HasTheme(Spectrum)">FFF1F1F1</value>
		<value condition="String.IsEmpty(Skin.String(Text.GlobalColor)) + Skin.HasTheme(Spectrum 2)">FFF1F1F1</value>
		<value condition="String.IsEmpty(Skin.String(Text.GlobalColor)) + Skin.HasTheme(Cobalt)">FF3ea6e8</value>
		<value condition="String.IsEmpty(Skin.String(Text.GlobalColor)) + Skin.HasTheme(Lava)">FFe95d4e</value>
		<value>FF12B2E7</value>
	</variable>	
	
	<variable name="BG.GlobalColor">
		<value condition="!String.IsEmpty(Skin.String(BG.GlobalColor))">$INFO[Skin.String(BG.GlobalColor)]</value>
		<value condition="String.IsEmpty(Skin.String(BG.GlobalColor)) + Skin.HasTheme(Spectrum)">FF000000</value>
		<value condition="String.IsEmpty(Skin.String(BG.GlobalColor)) + Skin.HasTheme(Spectrum 2)">FF000000</value>
		<value condition="String.IsEmpty(Skin.String(BG.GlobalColor)) + Skin.HasTheme(Cobalt)">FF3ea6e8</value>
		<value condition="String.IsEmpty(Skin.String(BG.GlobalColor)) + Skin.HasTheme(Lava)">FFe95d4e</value>
		

		<value>FF1856B4</value>
	</variable>
	
	<variable name="darkpulse">
		<value condition="Skin.HasTheme(Spectrum)">http://notorious-tv.com/buildmedia/Silk/purdy.png</value>
		<value condition="Skin.HasTheme(Spectrum 2)">http://notorious-tv.com/buildmedia/Silk/purdy2.png</value>
		<value condition="Skin.HasTheme(Cobalt)">http://notorious-tv.com/buildmedia/Silk/ElectricBlue.png</value>
		<value condition="Skin.HasTheme(Lava)">http://notorious-tv.com/buildmedia/Silk/Lava.png</value>
		<value>http://notorious-tv.com/buildmedia/Silk/blue_dark_pulse.png</value>
	</variable>	
	
	<variable name="darkpulsediffuse">
		<value condition="Skin.HasTheme(Bello)">DD000000</value>
		<value condition="Skin.HasTheme(Pink)">99000000</value>
		<value condition="Skin.HasTheme(Crimson)">ffff3800</value>

        		
		
	</variable>		
	
	<variable name="lightpulse">
	     <value condition="Skin.HasTheme(Cobalt)">http://notorious-tv.com/buildmedia/Silk/light_pulse_blk.png</value>
		 <value condition="Skin.HasTheme(Spectrum 4)">http://notorious-tv.com/buildmedia/Silk/light_pulse_blk.png</value>
		 <value>http://notorious-tv.com/buildmedia/Silk/light_pulse_blk.png</value>
	</variable>	
	
<!-- ============= -->
<!-- NERO INCLUDES -->
<!-- ============= -->	

	<include name="PULSE">
	<!--- PULSE MOD -->
		<control type="Group" description="Static Pulse">
			<visible>Skin.HasSetting(HomeMenuAnimation)</visible>
			<!-- DARK PULSE -->	
			<top>40</top>	
			<control type="image">
				<height>720</height>
				<width>1280</width>
				<texture>$VAR[darkpulse]</texture>
			</control>	
			<!-- LIGHT PULSE -->						
			<control type="image">
				<height>720</height>
				<width>1280</width>
				<texture>$VAR[lightpulse]</texture>
			</control>
			<!-- DARKSPOT -->		

			<!-- DARKSPOT -- CLASSIC MENU -->
				
		</control>
		<control type="Group" description="Animated Pulse">
			<visible>!Skin.HasSetting(HomeMenuAnimation)</visible>
			<!-- DARK PULSE -->	
			<top>40</top>	
			<control type="image">
				<height>720</height>
				<width>3280</width>
				<texture>$VAR[darkpulse]</texture>
					<animation type="Conditional" condition="true" loop="true" reversible="false">
						<effect type="slide" start="-2000,0" end="0,0" time="25350" />
						<effect type="slide" start="0,0" end="-2000,0" time="25350" delay="25350"/>
					</animation>
			</control>	
			<!-- LIGHT PULSE -->						
			<control type="image">
				<height>720</height>
				<width>3280</width>
				<texture>$VAR[lightpulse]</texture>
					<animation type="Conditional" condition="true" loop="true" reversible="false">
						<effect type="slide" start="0,0" end="-2000,0" time="25350" />
						<effect type="slide" start="0,0" end="2000,0" time="25350" delay="25350"/>
					</animation>
			</control>
			<!-- DARKSPOT -->			

			<!-- DARKSPOT -- CLASSIC MENU -->		
		
		</control>
	</include>
	
		<!-- ============================= -->
		<!-- Classic HomeMenu List Buttons -->
		<!-- ============================= -->		
		
		<include name="HomeMenuWraplistClassic"> 
			<control type="group">
		    <include>VisibleHiddenSlideAnimation</include>
        <animation effect="slide" start="0,0" end="0,50" time="200" tween="sine" easing="out" condition="!Control.HasFocus(23)">Conditional</animation>
    		<control type="image">
			<visible>!Skin.HasSetting(HomeMenuOverlay)</visible><!-- NERO MOD -->
	        <include>FullscreenDimensions</include>
    			<texture background="true">windows/home/menu_overlay.png</texture>
		      <include>HomeMenu_OpenCloseSlideAnimation</include>
    		</control>

			<!-- NERO MOD-->			
			<include>PULSE</include> 	
			<!--include>HomeSlideAnimations</include-->			

				<control type="wraplist" id="20">
				 <description>Home Container</description>
		     <include>HomeMenu_OpenCloseSlideAnimation</include>
				 <include>HomeMenu_Submenu_HiddenAnimation</include>
				 <left>-20</left>
				 <!--left>-200</left-->
				 <top>160</top>
				 <width>1500</width>
				 <height>720</height>
				 <align>center</align>
			   <onup condition="Control.IsVisible(25)">SetFocus(25)</onup>
			   <onup condition="IsEmpty(Container(20).ListItem.Property(widgetPath)) | StringCompare(Container(25).NumItems,0)">SetFocus(21)</onup>
			   <ondown condition="[SubString(Container(20).ListItem.Property(hasSubmenu),True) + IntegerGreaterThan(Container(23).NumItems,0)]">SetFocus(23)</ondown>
				 <onleft>20</onleft>
				 <onright>20</onright>
				 <itemgap>0</itemgap>
				 <orientation>horizontal</orientation>
				 <focusposition>1</focusposition>
		     <!--preloaditems>4</preloaditems-->	 
         <scrolltime tween="quadratic" easing="out">300</scrolltime>
				 <itemlayout width="400">
				  <control type="label">
					  <left>0</left>
						<top>210</top>
						<width>400</width>
				    <scroll>false</scroll>
	          <textcolor>homeinfo</textcolor>
			      <shadowcolor>99000000</shadowcolor>
						<font>FontSize_48</font>
						<align>center</align>
						<label>$INFO[ListItem.Label]</label>
				  </control>
				 </itemlayout>
				 <focusedlayout width="500">
					<control type="label">
					  <left>-15</left>
						<top>200</top>
						<width>530</width>
				    <scroll>false</scroll>
	          <textcolor>white</textcolor>
			      <shadowcolor>99000000</shadowcolor>
						<font>FontSize_80</font>
						<align>center</align>
						<label>$INFO[ListItem.Label]</label>
  		        <animation type="Conditional" condition="!ControlGroup(21).HasFocus">
  		          <effect type="zoom" start="80" end="100" time="200" tween="sine" easing="out" center="auto" />
  		          <effect type="fade" start="35" end="100" time="200" tween="sine" easing="out" />
  		        </animation>
					</control>
				 </focusedlayout>
	       <content>
	        <include>skinshortcuts-mainmenu</include>
	       </content>
			  </control>
			</control>
	  </include>	
	
	  <!-- ================================================ -->
	  <!-- ClassicHomeMenu Extra Info & Submenus Indicators -->
	  <!-- ================================================ -->
	  
		<include name="HomeMenuExtraInfoClassic">
  		<control type="group">
        <!-- Submenus Indicators -->
  			<control type="group">
				  <include>HomeMenu_Submenu_HiddenAnimation</include>
          <animation type="Conditional" condition="ControlGroup(21).HasFocus | Control.HasFocus(23)">
            <effect type="slide" start="0,0" end="0,-50" time="200" tween="sine" easing="in"/>
            <effect type="fade" start="100" end="0" time="150"/>
          </animation>
				  <control type="wraplist" id="31">
			      <left>0</left>
			      <top>0</top>
			      <height>2</height>
			      <width>2</width>
			      <orientation>horizontal</orientation>
			      <focusposition>0</focusposition>
			      <autoscroll time="4000">true</autoscroll>
			      <viewtype>list</viewtype>
			      <itemlayout width="2" height="2"/>
			      <focusedlayout width="2" height="2"/>
			      <content>
		          <item id="1">
	              <label>-</label>
	              <onclick>noop</onclick>
	              <visible>!IsEmpty(Container(20).ListItem.Property(widgetName)) + !Skin.HasSetting(AutoHideHomeWidgets)</visible>
		          </item>
		          <item id="2">
	              <label>-</label>
	              <onclick>noop</onclick>
	    			    <visible>SubString(Container(20).ListItem.Property(hasSubmenu),True)</visible>
		          </item>
						</content>
				  </control>
    			<control type="grouplist">
    			  <centerleft>830</centerleft>
    			  <top>480</top>
    				<width>600</width>
    				<align>center</align>
  				  <itemgap>6</itemgap>
  			    <include>HomeMenu_OpenCloseSlideAnimation</include>
					  <include>HomeMenu_ExtraInfo_ScrollAnimation</include>
	    			<visible>Container(31).HasFocus(1)</visible>
    				<orientation>horizontal</orientation>
    				<control type="image">
    					<width>22</width>
    					<height>22</height>
    					<aspectratio>stretch</aspectratio>
    					<texture background="true" flipy="true">icons/submenu_arrow.png</texture>
    					<colordiffuse>homeinfo</colordiffuse>
	    			  <visible>!IsEmpty(Container(20).ListItem.Property(widgetName))</visible>
    				</control>
    				<control type="label">
    					<width>490</width>
    					<height>21</height>
    					<font>FontSize_16B</font>
    					<label>$INFO[Container(20).ListItem.Property(widgetName),$LOCALIZE[31092]: ]</label>
    					<textcolor>homeinfo</textcolor>
    					<scroll>false</scroll>
    				</control>
    			</control>
				
    			<!-- Home Submenu Arrow -->
    			<control type="grouplist">
    			  <centerleft>830</centerleft>
    			  <top>480</top>
    				<width>600</width>
    				<align>center</align>
  				  <itemgap>6</itemgap>
  			    <include>HomeMenu_OpenCloseSlideAnimation</include>
					  <include>HomeMenu_ExtraInfo_ScrollAnimation</include>
	    			<visible>Container(31).HasFocus(2)</visible>
    				<orientation>horizontal</orientation>
    				<control type="image">
    					<width>22</width>
    					<height>22</height>
    					<aspectratio>stretch</aspectratio>
    					<texture background="true">icons/submenu_arrow.png</texture>
    					<colordiffuse>homeinfo</colordiffuse>
    				</control>
    				<control type="label">
    					<width>490</width>
    					<height>21</height>
    					<font>FontSize_16B</font>
    					<label>$LOCALIZE[1034]</label>
    					<textcolor>homeinfo</textcolor>
    					<scroll>false</scroll>
    				</control>
    			</control>
  			</control>

        <!-- Right Side Extra Info -->
  			<control type="group">
  			  <include>HomeMenu_OpenCloseSlideAnimation</include>
				  <include>HomeMenu_Submenu_HiddenAnimation</include>
				  <visible>!Skin.HasSetting(HideExtraInfo)</visible>
          <animation type="Conditional" condition="ControlGroup(21).HasFocus | Control.HasFocus(23)">
            <effect type="slide" start="0,0" end="0,-50" time="200" tween="sine" easing="in"/>
            <effect type="fade" start="100" end="0" time="150"/>
          </animation>
					<!-- Movies -->
    			<control type="grouplist">
  				  <include>HomeMenu_RightExtraInfo_ScrollAnimation</include>
      			<visible>[StringCompare(Container(20).ListItem.Property(defaultID),movies) + Library.HasContent(Movies)]</visible>
    			  <left>633</left>
    			  <top>480</top>
    				<width>600</width>
    				<height>22</height>
    				<align>right</align>
  				  <itemgap>6</itemgap>
    				<orientation>horizontal</orientation>
    				<control type="label">
    					<width min="10" max="490">auto</width>
    					<height>22</height>
    					<font>FontSize_16B</font>
  		        <label>$INFO[Window(Home).Property(LatestMovie.1.Title),$LOCALIZE[31211]: ]$INFO[Window(Home).Property(LatestMovie.1.Year), (,)]</label>
    					<textcolor>homeinfo</textcolor>
    					<scroll>false</scroll>
    				</control>
    				<control type="image">
    					<width>22</width>
    					<height>22</height>
    					<aspectratio>stretch</aspectratio>
    					<texture background="true">icons/submenu_info.png</texture>
    					<colordiffuse>homeinfo</colordiffuse>
				      <visible>!IsEmpty(Window(Home).Property(LatestMovie.1.Title))</visible>
    				</control>
    			</control>

					<!-- TVShows -->
				  <control type="wraplist" id="32">
			      <left>0</left>
			      <top>0</top>
			      <height>2</height>
			      <width>2</width>
			      <orientation>horizontal</orientation>
			      <focusposition>0</focusposition>
			      <autoscroll time="10000">true</autoscroll>
			      <viewtype>list</viewtype>
			      <itemlayout width="2" height="2"/>
			      <focusedlayout width="2" height="2"/>
			      <content>
		          <item id="1">
	              <label>-</label>
	              <onclick>noop</onclick>
	              <visible>!String.IsEmpty(Window(Home).Property(LatestEpisode.1.EpisodeTitle))</visible>
		          </item>
		          <item id="2">
	              <label>-</label>
	              <onclick>noop</onclick>
	    			    <visible>!Integer.IsEqual(Window(Home).Property(NextAired.TodayTotal),0) + Skin.HasSetting(NextAiredEnabled)</visible>
		          </item>
						</content>
				  </control>
    			<control type="grouplist">
  				  <include>HomeMenu_RightExtraInfo_ScrollAnimation</include>
	    			<visible>Container(32).HasFocus(1) + !String.IsEmpty(Window(Home).Property(LatestEpisode.1.EpisodeTitle))</visible>
      			<visible>[StringCompare(Container(20).ListItem.Property(defaultID),tvshows) + Library.HasContent(TVShows)]</visible>
    			  <left>633</left>
    			  <top>480</top>
    				<width>600</width>
    				<height>22</height>
    				<align>right</align>
  				  <itemgap>6</itemgap>
    				<orientation>horizontal</orientation>
    				<control type="label">
    					<width min="10" max="490">auto</width>
    					<height>22</height>
    					<font>FontSize_16B</font>
  		        <label>$INFO[Window(Home).Property(LatestEpisode.1.ShowTitle),$LOCALIZE[31212]: ,  ]$INFO[Window(Home).Property(LatestEpisode.1.EpisodeSeason)]$INFO[Window(Home).Property(LatestEpisode.1.EpisodeNumber),x,,]</label>
    					<textcolor>homeinfo</textcolor>
    					<scroll>false</scroll>
    				</control>
    				<control type="image">
    					<width>22</width>
    					<height>22</height>
    					<aspectratio>stretch</aspectratio>
    					<texture background="true">icons/submenu_info.png</texture>
    					<colordiffuse>homeinfo</colordiffuse>
    				</control>
    			</control>
    			<control type="grouplist">
  				  <include>HomeMenu_RightExtraInfo_ScrollAnimation</include>
	    			<visible>Container(32).HasFocus(2) + !Integer.IsEqual(Window(Home).Property(NextAired.TodayTotal),0)</visible>
      			<visible>[StringCompare(Container(20).ListItem.Property(defaultID),tvshows) + Library.HasContent(TVShows)]</visible>
    			  <left>633</left>
    			  <top>480</top>
    				<width>600</width>
    				<height>22</height>
    				<align>right</align>
  				  <itemgap>6</itemgap>
    				<orientation>horizontal</orientation>
    				<control type="label">
    					<width min="10" max="490">auto</width>
    					<height>22</height>
    					<font>FontSize_16B</font>
  		        <label>$INFO[Window(Home).Property(NextAired.TodayTotal), $LOCALIZE[31240]: ]</label>
    					<textcolor>homeinfo</textcolor>
    					<scroll>false</scroll>
    				</control>
    				<control type="image">
    					<width>22</width>
    					<height>22</height>
    					<aspectratio>stretch</aspectratio>
    					<texture background="true">icons/submenu_info.png</texture>
    					<colordiffuse>homeinfo</colordiffuse>
    				</control>
    			</control>

					<!-- Music -->
				  <control type="wraplist" id="33">
			      <left>0</left>
			      <top>0</top>
			      <height>2</height>
			      <width>2</width>
			      <orientation>horizontal</orientation>
			      <focusposition>0</focusposition>
			      <autoscroll time="10000">true</autoscroll>
			      <viewtype>list</viewtype>
			      <itemlayout width="2" height="2"/>
			      <focusedlayout width="2" height="2"/>
			      <content>
		          <item id="1">
	              <label>-</label>
	              <onclick>noop</onclick>
	              <visible>!String.IsEmpty(Window(Home).Property(LatestAlbum.1.Title))</visible>
		          </item>
		          <item id="2">
	              <label>-</label>
	              <onclick>noop</onclick>
	    			    <visible>!String.IsEmpty(Window(Home).Property(LatestSong.1.Title))</visible>
		          </item>
						</content>
				  </control>
    			<control type="grouplist">
  				  <include>HomeMenu_RightExtraInfo_ScrollAnimation</include>
	    			<visible>Container(33).HasFocus(1) + !String.IsEmpty(Window(Home).Property(LatestAlbum.1.Title))</visible>
      			<visible>[StringCompare(Container(20).ListItem.Property(defaultID),music) + Library.HasContent(Music)]</visible>
    			  <left>633</left>
    			  <top>480</top>
    				<width>600</width>
    				<align>right</align>
    				<height>22</height>
  				  <itemgap>6</itemgap>
    				<orientation>horizontal</orientation>
    				<control type="label">
    					<width min="10" max="490">auto</width>
    					<height>22</height>
    					<font>FontSize_16B</font>
  		        <label>$INFO[Window(Home).Property(LatestAlbum.1.Title),$LOCALIZE[31213]: ,]$INFO[Window(Home).Property(LatestAlbum.1.Artist), - ]</label>
    					<textcolor>homeinfo</textcolor>
    					<scroll>false</scroll>
    				</control>
    				<control type="image">
    					<width>22</width>
    					<height>22</height>
    					<aspectratio>stretch</aspectratio>
    					<texture background="true">icons/submenu_info.png</texture>
    					<colordiffuse>homeinfo</colordiffuse>
    				</control>
    			</control>
    			<control type="grouplist">
  				  <include>HomeMenu_RightExtraInfo_ScrollAnimation</include>
	    			<visible>Container(33).HasFocus(2) + !String.IsEmpty(Window(Home).Property(LatestSong.1.Title))</visible>
      			<visible>[StringCompare(Container(20).ListItem.Property(defaultID),music) + Library.HasContent(Music)]</visible>
    			  <left>633</left>
    			  <top>480</top>
    				<width>600</width>
    				<align>right</align>
    				<height>22</height>
  				  <itemgap>6</itemgap>
    				<orientation>horizontal</orientation>
    				<control type="label">
    					<width min="10" max="490">auto</width>
    					<height>22</height>
    					<font>FontSize_16B</font>
  		        <label>$INFO[Window(Home).Property(LatestSong.1.Title),$LOCALIZE[31222]: ,]$INFO[Window(Home).Property(LatestSong.1.Artist), - ]</label>
    					<textcolor>homeinfo</textcolor>
    					<scroll>false</scroll>
    				</control>
    				<control type="image">
    					<width>22</width>
    					<height>22</height>
    					<aspectratio>stretch</aspectratio>
    					<texture background="true">icons/submenu_info.png</texture>
    					<colordiffuse>homeinfo</colordiffuse>
    				</control>
    			</control>





					<!-- Live TV -->
				  <control type="wraplist" id="34">
			      <left>0</left>
			      <top>0</top>
			      <height>2</height>
			      <width>2</width>
			      <orientation>horizontal</orientation>
			      <focusposition>0</focusposition>
			      <autoscroll time="10000">true</autoscroll>
			      <viewtype>list</viewtype>
			      <itemlayout width="2" height="2"/>
			      <focusedlayout width="2" height="2"/>
			      <content>
		          <item id="1">
	              <label>-</label>
	              <onclick>noop</onclick>
	              <visible>PVR.IsRecording</visible>
		          </item>
		          <item id="2">
	              <label>-</label>
	              <onclick>noop</onclick>
	    			    <visible>PVR.HasNonRecordingTimer</visible>
		          </item>
						</content>
				  </control>
    			<control type="grouplist">
  				  <include>HomeMenu_RightExtraInfo_ScrollAnimation</include>
	    			<visible>Container(34).HasFocus(1)</visible>
      			<visible>[StringCompare(Container(20).ListItem.Property(defaultID),livetv) + PVR.IsRecording]</visible>
    			  <left>633</left>
    			  <top>480</top>
    				<width>600</width>
    				<align>right</align>
    				<height>22</height>
  				  <itemgap>6</itemgap>
    				<orientation>horizontal</orientation>
    				<control type="label">
    					<width min="10" max="490">auto</width>
    					<height>22</height>
    					<font>FontSize_16B</font>
  		        <label>$LOCALIZE[19158]$INFO[PVR.NowRecordingTitle,: ]</label>
    					<textcolor>homeinfo</textcolor>
    					<scroll>false</scroll>
    				</control>
    				<control type="image">
    					<width>22</width>
    					<height>22</height>
    					<aspectratio>stretch</aspectratio>
    					<texture background="true">icons/submenu_info.png</texture>
    					<colordiffuse>homeinfo</colordiffuse>
				      <visible>!String.IsEmpty(PVR.NowRecordingTitle)</visible>
    				</control>
    			</control>
    			<control type="grouplist">
  				  <include>HomeMenu_RightExtraInfo_ScrollAnimation</include>
	    			<visible>Container(34).HasFocus(2)</visible>
      			<visible>[StringCompare(Container(20).ListItem.Property(defaultID),livetv) + PVR.HasNonRecordingTimer]</visible>
    			  <left>633</left>
    			  <top>480</top>
    				<width>600</width>
    				<align>right</align>
    				<height>22</height>
  				  <itemgap>6</itemgap>
    				<orientation>horizontal</orientation>
    				<control type="label">
    					<width min="10" max="490">auto</width>
    					<height>22</height>
    					<font>FontSize_16B</font>
  		        <label>$LOCALIZE[19157]$INFO[PVR.NextRecordingTitle,: ]</label>
    					<textcolor>homeinfo</textcolor>
    					<scroll>false</scroll>
    				</control>
    				<control type="image">
    					<width>22</width>
    					<height>22</height>
    					<aspectratio>stretch</aspectratio>
    					<texture background="true">icons/submenu_info.png</texture>
    					<colordiffuse>homeinfo</colordiffuse>
				      <visible>!String.IsEmpty(PVR.NextRecordingTitle)</visible>
    				</control>
    			</control>

					<!-- Weather -->
    			<control type="grouplist">
  				  <include>HomeMenu_RightExtraInfo_ScrollAnimation</include>
      			<visible>StringCompare(Container(20).ListItem.Property(defaultID),weather)</visible>
			      <visible>!IsEmpty(Window(Weather).Property(Alerts.RSS)) + !IsEmpty(Window(Weather).Property(Current.Condition))</visible>
    			  <left>633</left>
    			  <top>480</top>
    				<width>600</width>
    				<height>22</height>
    				<align>right</align>
  				  <itemgap>6</itemgap>
    				<orientation>horizontal</orientation>
    				<control type="label">
    					<width min="10" max="490">auto</width>
    					<height>22</height>
    					<font>FontSize_16B</font>
  		        <label>$INFO[Window(Weather).Property(Alerts),$LOCALIZE[33050]: ]</label>
    					<textcolor>homeinfo</textcolor>
    					<scroll>false</scroll>
    				</control>
    				<control type="image">
    					<width>22</width>
    					<height>22</height>
    					<aspectratio>stretch</aspectratio>
    					<texture background="true">icons/submenu_info.png</texture>
    					<colordiffuse>homeinfo</colordiffuse>
    				</control>
    			</control>

					<!-- Addons -->
    			<control type="grouplist">
  				  <include>HomeMenu_RightExtraInfo_ScrollAnimation</include>
      			<visible>[StringCompare(Container(20).ListItem.Property(defaultID),addons) + !IsEmpty(Window(AddonBrowser).Property(Updated))]</visible>
    			  <left>633</left>
    			  <top>480</top>
    				<width>600</width>
    				<height>22</height>
    				<align>right</align>
  				  <itemgap>6</itemgap>
    				<orientation>horizontal</orientation>
    				<control type="label">
    					<width min="10" max="490">auto</width>
    					<height>22</height>
    					<font>FontSize_16B</font>
				      <label>$INFO[Window(AddonBrowser).Property(Updated),$LOCALIZE[31229]: ]</label>
    					<textcolor>homeinfo</textcolor>
    					<scroll>false</scroll>
    				</control>
    				<control type="image">
    					<width>22</width>
    					<height>22</height>
    					<aspectratio>stretch</aspectratio>
    					<texture background="true">icons/submenu_info.png</texture>
    					<colordiffuse>homeinfo</colordiffuse>
    				</control>
    			</control>
  			</control>

        <!-- Videos Totals -->
  			<control type="group">
				  <include>HomeMenu_ExtraInfo_HiddenAnimation</include>
    			<include>HomeMenu_OpenCloseSlideAnimation</include>
				  <visible>[StringCompare(Container(20).ListItem.Property(defaultID),videos) + [Library.HasContent(Movies) | Library.HasContent(TVShows)]] + !Skin.HasSetting(HideExtraInfo) + ![IsEmpty(Window(Home).Property(Movies.Count)) | IsEmpty(Window(Home).Property(TVShows.Count))]</visible>
          <animation type="Conditional" condition="ControlGroup(21).HasFocus">
            <effect type="slide" start="0,0" end="0,-35" time="200" tween="sine" easing="in"/>
            <effect type="fade" start="100" end="0" time="150"/>
          </animation>
    			<control type="grouplist">
	  			  <left>25</left>
	    			<top>564</top>
    				<width>490</width>
  					<height>100</height>
    				<align>left</align>
    				<itemgap>-12</itemgap>
    				<orientation>horizontal</orientation>
	  				<control type="image">
	  					<width>98</width>
	  					<height>100</height>
	  					<aspectratio>stretch</aspectratio>
	  					<texture background="true">DefaultVideo.png</texture>
	  					<colordiffuse>homeinfo</colordiffuse>
	  				</control>
	    			<control type="group">
	  					<width>490</width>
	    				<control type="label">
      			    <top>32</top>
	    					<width>490</width>
	    					<height>15</height>
	    					<font>FontSize_20</font>
								<label>$INFO[Window(Home).Property(Movies.Count),$LOCALIZE[20342]: ]</label>
	    					<textcolor>homeinfo</textcolor>
	    					<scroll>false</scroll>
	    				</control>
	    				<control type="label">
      			    <top>52</top>
	    					<width>490</width>
	    					<height>15</height>
	    					<font>FontSize_20</font>
								<label>$INFO[Window(Home).Property(TVShows.Count),$LOCALIZE[31002]: ]</label>
	    					<textcolor>homeinfo</textcolor>
	    					<scroll>false</scroll>
	    				</control>
		  			</control>
    			</control>
  			</control>

        <!-- Movies Totals -->
  			<control type="group">
				  <include>HomeMenu_ExtraInfo_HiddenAnimation</include>
    			<include>HomeMenu_OpenCloseSlideAnimation</include>
				  <visible>[StringCompare(Container(20).ListItem.Property(defaultID),movies) + Library.HasContent(Movies)] + !Skin.HasSetting(HideExtraInfo) + !IsEmpty(Window(Home).Property(Movies.Count))</visible>
          <animation type="Conditional" condition="ControlGroup(21).HasFocus">
            <effect type="slide" start="0,0" end="0,-35" time="200" tween="sine" easing="in"/>
            <effect type="fade" start="100" end="0" time="150"/>
          </animation>
    			<control type="grouplist">
	  			  <left>22</left>
	    			<top>562</top>
    				<width>490</width>
  					<height>96</height>
    				<align>left</align>
    				<itemgap>-15</itemgap>
    				<orientation>horizontal</orientation>
	  				<control type="image">
	  					<width>96</width>
	  					<height>96</height>
	  					<aspectratio>stretch</aspectratio>
	  					<texture background="true">DefaultMovies.png</texture>
	  					<colordiffuse>homeinfo</colordiffuse>
	  				</control>
	    			<control type="group">
	  					<width>490</width>
	    				<control type="label">
      			    <top>30</top>
	    					<width>490</width>
	    					<height>15</height>
	    					<font>FontSize_20</font>
	  						<label>$INFO[Window(Home).Property(Movies.Count),$LOCALIZE[20161]: ]</label>
	    					<textcolor>homeinfo</textcolor>
	    					<scroll>false</scroll>
	    				</control>
	    				<control type="label">
      			    <top>50</top>
	    					<width>490</width>
	    					<height>15</height>
	    					<font>FontSize_20</font>
	  						<label>$INFO[Window(Home).Property(Movies.UnWatched),$LOCALIZE[16101]: ]</label>
	    					<textcolor>homeinfo</textcolor>
	    					<scroll>false</scroll>
	    				</control>
		  			</control>
    			</control>
  			</control>

        <!-- TVShows Totals -->
  			<control type="group">
				  <include>HomeMenu_ExtraInfo_HiddenAnimation</include>
    			<include>HomeMenu_OpenCloseSlideAnimation</include>
				  <visible>[StringCompare(Container(20).ListItem.Property(defaultID),tvshows) + Library.HasContent(TVShows)] + !Skin.HasSetting(HideExtraInfo) + !IsEmpty(Window(Home).Property(TVShows.Count))</visible>
          <animation type="Conditional" condition="ControlGroup(21).HasFocus">
            <effect type="slide" start="0,0" end="0,-35" time="200" tween="sine" easing="in"/>
            <effect type="fade" start="100" end="0" time="150"/>
          </animation>
    			<control type="grouplist">
	  			  <left>25</left>
	    			<top>562</top>
    				<width>490</width>
  					<height>96</height>
    				<align>left</align>
    				<itemgap>-12</itemgap>
    				<orientation>horizontal</orientation>
	  				<control type="image">
	  					<width>96</width>
	  					<height>96</height>
	  					<aspectratio>stretch</aspectratio>
	  					<texture background="true">DefaultTVShows.png</texture>
	  					<colordiffuse>homeinfo</colordiffuse>
	  				</control>
	    			<control type="group">
	  					<width>490</width>
	    				<control type="label">
      			    <top>32</top>
	    					<width>490</width>
	    					<height>15</height>
	    					<font>FontSize_20</font>
								<label>$INFO[Window(Home).Property(TVShows.Count),$LOCALIZE[20161]: ]</label>
	    					<textcolor>homeinfo</textcolor>
	    					<scroll>false</scroll>
	    				</control>
	    				<control type="label">
      			    <top>52</top>
	    					<width>490</width>
	    					<height>15</height>
	    					<font>FontSize_20</font>
								<label>$INFO[Window(Home).Property(TVShows.UnWatched),$LOCALIZE[16101]: ]</label>
	    					<textcolor>homeinfo</textcolor>
	    					<scroll>false</scroll>
	    				</control>
		  			</control>
    			</control>
  			</control>
  			
        <!-- Music Totals -->
  			<control type="group">
				  <include>HomeMenu_ExtraInfo_HiddenAnimation</include>
    			<include>HomeMenu_OpenCloseSlideAnimation</include>
				  <visible>[StringCompare(Container(20).ListItem.Property(defaultID),music) + Library.HasContent(Music)] + !Skin.HasSetting(HideExtraInfo) + ![IsEmpty(Window(Home).Property(Music.AlbumsCount)) + IsEmpty(Window(Home).Property(Music.SongsCount))]</visible>
          <animation type="Conditional" condition="ControlGroup(21).HasFocus">
            <effect type="slide" start="0,0" end="0,-35" time="200" tween="sine" easing="in"/>
            <effect type="fade" start="100" end="0" time="150"/>
          </animation>
    			<control type="grouplist">
	  			  <left>25</left>
	    			<top>567</top>
    				<width>490</width>
  					<height>88</height>
    				<align>left</align>
    				<itemgap>-12</itemgap>
    				<orientation>horizontal</orientation>
	  				<control type="image">
	  					<width>92</width>
	  					<height>88</height>
	  					<aspectratio>stretch</aspectratio>
	  					<texture background="true">DefaultAlbumCover.png</texture>
	  					<colordiffuse>homeinfo</colordiffuse>
	  				</control>
	    			<control type="group">
	  					<width>490</width>
	    				<control type="label">
      			    <top>26</top>
	    					<width>490</width>
	    					<height>15</height>
	    					<font>FontSize_20</font>
	  						<label>$INFO[Window(Home).Property(Music.AlbumsCount),$LOCALIZE[132]: ]</label>
	    					<textcolor>homeinfo</textcolor>
	    					<scroll>false</scroll>
	    				</control>
	    				<control type="label">
      			    <top>46</top>
	    					<width>490</width>
	    					<height>15</height>
	    					<font>FontSize_20</font>
	  						<label>$INFO[Window(Home).Property(Music.SongsCount),$LOCALIZE[134]: ]</label>
	    					<textcolor>homeinfo</textcolor>
	    					<scroll>false</scroll>
	    				</control>
		  			</control>
    			</control>
  			</control>

        <!-- Addons Info -->
  			<control type="group">
				  <include>HomeMenu_ExtraInfo_HiddenAnimation</include>
    			<include>HomeMenu_OpenCloseSlideAnimation</include>
				  <visible>StringCompare(Container(20).ListItem.Property(defaultID),addons) + !Skin.HasSetting(HideExtraInfo) + ![Window(Home).Property(SkinHelper.TotalAddons) | IsEmpty(Window(Home).Property(SkinHelper.TotalFavourites))]</visible>
          <animation type="Conditional" condition="ControlGroup(21).HasFocus">
            <effect type="slide" start="0,0" end="0,-35" time="200" tween="sine" easing="in"/>
            <effect type="fade" start="100" end="0" time="150"/>
          </animation>
    			<control type="grouplist">
	  			  <left>22</left>
	    			<top>562</top>
    				<width>490</width>
  					<height>96</height>
    				<align>left</align>
    				<itemgap>-12</itemgap>
    				<orientation>horizontal</orientation>
	  				<control type="image">
	  					<width>96</width>
	  					<height>96</height>
	  					<aspectratio>stretch</aspectratio>
	  					<texture background="true">DefaultAddon.png</texture>
	  					<colordiffuse>homeinfo</colordiffuse>
	  				</control>
	    			<control type="group">
	  					<width>490</width>
	    				<control type="label">
      			    <top>31</top>
	    					<width>490</width>
	    					<height>15</height>
	    					<font>FontSize_20</font>
	  						<label>$INFO[Window(Home).Property(SkinHelper.TotalAddons),$LOCALIZE[20161]: ]</label>
	    					<textcolor>homeinfo</textcolor>
	    					<scroll>false</scroll>
	    				</control>
	    				<control type="label">
      			    <top>51</top>
	    					<width>490</width>
	    					<height>15</height>
	    					<font>FontSize_20</font>
	  						<label>$INFO[Window(Home).Property(SkinHelper.TotalFavourites),$LOCALIZE[1036]: ]</label>
	    					<textcolor>homeinfo</textcolor>
	    					<scroll>false</scroll>
	    				</control>
		  			</control>
    			</control>
  			</control>

        <!-- LiveTV Info -->
  			<control type="group">
				  <include>HomeMenu_ExtraInfo_HiddenAnimation</include>
    			<include>HomeMenu_OpenCloseSlideAnimation</include>
				  <visible>StringCompare(Container(20).ListItem.Property(defaultID),livetv) + !Skin.HasSetting(HideExtraInfo)</visible>
          <animation type="Conditional" condition="ControlGroup(21).HasFocus">
            <effect type="slide" start="0,0" end="0,-35" time="200" tween="sine" easing="in"/>
            <effect type="fade" start="100" end="0" time="150"/>
          </animation>
    			<control type="grouplist">
	  			  <left>27</left>
	    			<top>562</top>
    				<width>490</width>
  					<height>96</height>
    				<align>left</align>
    				<itemgap>-10</itemgap>
    				<orientation>horizontal</orientation>
	  				<control type="image">
	  					<width>96</width>
	  					<height>96</height>
	  					<aspectratio>stretch</aspectratio>
	  					<texture background="true">DefaultLiveTV.png</texture>
	  					<colordiffuse>homeinfo</colordiffuse>
	  				</control>
	    			<control type="group">
	  					<width>490</width>
	    				<control type="label">
      			    <top>30</top>
	    					<width>490</width>
	    					<height>15</height>
	    					<font>FontSize_20</font>
								<label>$INFO[PVR.BackendName]</label>
	    					<textcolor>homeinfo</textcolor>
	    					<scroll>false</scroll>
	    				</control>
	    				<control type="label">
      			    <top>50</top>
	    					<width>490</width>
	    					<height>15</height>
	    					<font>FontSize_20</font>
								<label>$INFO[PVR.BackendChannels,$LOCALIZE[19019]: ]</label>
	    					<textcolor>homeinfo</textcolor>
	    					<scroll>false</scroll>
	    				</control>
		  			</control>
    			</control>
  			</control>

        <!-- Weather Info -->
  			<control type="group">
  			  <left>42</left>
    			<top>564</top>
				  <include>HomeMenu_ExtraInfo_HiddenAnimation</include>
    			<include>HomeMenu_OpenCloseSlideAnimation</include>
				  <visible>StringCompare(Container(20).ListItem.Property(defaultID),weather) + !Skin.HasSetting(HideExtraInfo) + !IsEmpty(Window(Weather).Property(Current.Temperature)) + !SubString(Window(Weather).Property(Current.ConditionIcon),na)</visible>
          <animation type="Conditional" condition="ControlGroup(21).HasFocus">
            <effect type="slide" start="0,0" end="0,-35" time="200" tween="sine" easing="in"/>
            <effect type="fade" start="100" end="0" time="150"/>
          </animation>
  				<control type="image">
				    <left>-10</left>
				    <top>5</top>
  					<width>82</width>
  					<height>82</height>
  					<aspectratio>stretch</aspectratio>
			      <texture>$INFO[Window(Weather).Property(Current.FanartCode),resource://resource.images.weathericons.outline/,.png]</texture>
  					<colordiffuse>homeinfo</colordiffuse>
						<animation type="Conditional" condition="true" loop="true" reversible="false">
							<effect type="fade" start="0" end="100" time="300" />
							<effect type="fade" start="100" end="0" delay="20000" time="300" />
							<effect type="slide" end="0" time="21600" />
						</animation>
  				</control>
					<control type="grouplist">
						<left>78</left>
						<top>26</top>
						<width>590</width>
						<height>50</height>
						<itemgap>-2</itemgap>
						<align>left</align>
				    <orientation>horizontal</orientation>
						<animation type="Conditional" condition="true" loop="true" reversible="false">
							<effect type="fade" start="0" end="100" time="300" />
							<effect type="fade" start="100" end="0" delay="20000" time="300" />
							<effect type="slide" end="0" time="21600" />
						</animation>
						<control type="label">
							<height>40</height>
							<width min="10" max="590">auto</width>
							<font>FontSize_55</font>
							<align>left</align>
							<aligny>center</aligny>
							<label>$INFO[Window(Weather).Property(Current.Temperature)]</label>
							<textcolor>homeinfo</textcolor>
						</control>
						<control type="label">
							<height>17</height>
							<width min="10" max="590">auto</width>
							<font>FontSize_10</font>
							<align>left</align>
							<aligny>center</aligny>
							<label>$INFO[System.TemperatureUnits]</label>
							<textcolor>homeinfo</textcolor>
						</control>
					  <control type="group">
	    				<width>590</width>
	    				<control type="label">
						    <top>0</top>
						    <left>15</left>
	    					<width>590</width>
	    					<height>20</height>
							  <align>left</align>
	    					<font>FontSize_20B</font>
	  						<label>$INFO[Window(Weather).Property(Current.Location)]</label>
	    					<textcolor>homeinfo</textcolor>
	    					<scroll>false</scroll>
	    				</control>
	    				<control type="label">
						    <left>15</left>
						    <top>23</top>
	    					<width>590</width>
	    					<height>20</height>
							  <align>left</align>
	    					<font>FontSize_20</font>
				        <label>$INFO[Window(Weather).Property(Current.Condition)]</label>
	    					<textcolor>homeinfo</textcolor>
	    					<scroll>false</scroll>
	    				</control>
					  </control>
					</control>
          <!-- Weather Provider Logo -->
					<control type="image">
						<width>270</width>
						<height>90</height>
  					<colordiffuse>homeinfo</colordiffuse>
						<aspectratio align="center" aligny="center">keep</aspectratio>
						<texture>$INFO[Window(Weather).Property(WeatherProviderLogo)]</texture>
						<animation type="Conditional" condition="true" loop="true" reversible="false">
							<effect type="fade" start="0" end="100" delay="20300" time="300" />
							<effect type="fade" start="100" end="0" delay="21300" time="300" />
						</animation>
					</control>
  			</control>

        <!-- Kodi Info -->
  			<control type="group">
				  <include>HomeMenu_ExtraInfo_HiddenAnimation</include>
    			<include>HomeMenu_OpenCloseSlideAnimation</include>
				  <visible>StringCompare(Container(20).ListItem.Property(defaultID),settings) + !Skin.HasSetting(HideExtraInfo)</visible>
          <animation type="Conditional" condition="ControlGroup(21).HasFocus">
            <effect type="slide" start="0,0" end="0,-35" time="200" tween="sine" easing="in"/>
            <effect type="fade" start="100" end="0" time="150"/>
          </animation>
    			<control type="grouplist">
	  			  <left>22</left>
	    			<top>562</top>
    				<width>490</width>
  					<height>96</height>
    				<align>left</align>
    				<itemgap>-12</itemgap>
    				<orientation>horizontal</orientation>
	  				<control type="image">
	  					<width>96</width>
	  					<height>96</height>
	  					<aspectratio>stretch</aspectratio>
	  					<texture background="true">special://skin/extras/icons/Kodi.png</texture>
	  					<colordiffuse>homeinfo</colordiffuse>
	  				</control>
	    			<control type="group">
	  					<width>490</width>
	    				<control type="label">
      			    <top>30</top>
	    					<width>490</width>
	    					<height>15</height>
	    					<font>FontSize_20</font>
	  						<label>$INFO[System.KernelVersion]</label>
	    					<textcolor>homeinfo</textcolor>
	    					<scroll>false</scroll>
	    				</control>
	    				<control type="label">
      			    <top>50</top>
	    					<width>490</width>
	    					<height>15</height>
	    					<font>FontSize_20</font>
	  						<label>$INFO[System.BuildVersion]</label>
	    					<textcolor>homeinfo</textcolor>
	    					<scroll>false</scroll>
	    				</control>
		  			</control>
    			</control>
  			</control>

  		</control>

      <!-- Profile info -->
			<control type="group">
  			<top>642</top>
		    <include>HomeMenu_OpenCloseSlideAnimation</include>
		    <include>VisibleHiddenSlideAnimation</include>
	      <include>KaiToastSlideAnimations</include>
	      <include>ScanSlideAnimations</include>
		    <visible>!Skin.HasSetting(HideExtraInfo)</visible>
    	  <animation type="Conditional" reversible="true" condition="Player.HasMedia">
          <effect type="fade" start="100" end="0" time="450"/>
    	  </animation>
			  <control type="image">
					<left>1183</left>
					<top>0</top>
					<width>52</width>
					<height>52</height>
					<aspectratio align="center" aligny="center">stretch</aspectratio>
		      <texture background="true" fallback="dialogs/profiles/DefaultUser.png" diffuse="dialogs/profiles/profile_diffuse.png">$INFO[System.ProfileThumb]</texture>
      		<bordersize>3</bordersize>
			  </control>
			  <control type="image">
					<left>1183</left>
					<top>0</top>
					<width>52</width>
					<height>52</height>
					<aspectratio align="center" aligny="center">stretch</aspectratio>
					<colordiffuse>$VAR[Textures.GlobalColor]</colordiffuse>
		      <texture background="true">dialogs/busy/panel_busy.png</texture>
			  </control>
				<control type="label">
					<left>725</left>
					<top>0</top>
					<height>30</height>
					<width>450</width>
					<align>right</align>
					<aligny>center</aligny>
					<font>NotificationsFont</font>
					<textcolor>homeinfo</textcolor>
			    <label>$INFO[System.ProfileName]</label>
				</control>
  			<control type="fadelabel">
  				<left>725</left>
  				<top>0</top>
  				<height>71</height>
  			  <width>450</width>
					<font>NotificationsFont</font>
  				<align>right</align>
  				<aligny>center</aligny>
  				<textcolor>homeinfo</textcolor>
    			<label>$INFO[System.Date(DDD)]$COMMA $INFO[System.Date(DD)] $INFO[System.Date(MMM)] $INFO[System.Date(YYY)]</label>
  		    <label>$INFO[System.Uptime,Logged on ]</label>
          <scroll>false</scroll>
          <scrollout>false</scrollout>
          <scrollspeed>100</scrollspeed>
          <pauseatend>10000</pauseatend>
  			</control>
			</control>
	  </include>

<!-- ===================== -->
<!-- Classic Home SubMenus -->
<!-- ===================== -->

	<!-- NERO MOD -->	
	<include name="HomeSubMenus_ItemLayout_Classic">
		<left>0</left>
		<top>0</top>
		<width>195</width>
		<height>37</height>
		<align>center</align>
		<aligny>center</aligny>
		<font>FontSize_22</font>
		<textcolor>66white</textcolor>
		<shadowcolor>55000000</shadowcolor>
		<label>$INFO[ListItem.label]</label>
	</include>

	<include name="HomeSubMenus_FocusedLayout_Classic">
		<left>0</left>
		<top>0</top>
		<width>250</width>
		<height>30</height>
		<align>center</align>
		<aligny>center</aligny>
		<font>FontSize_34</font>
		<textcolor>white</textcolor>
		<shadowcolor>55000000</shadowcolor>
		<label>$INFO[ListItem.label]</label>
	</include>

	<include name="HomeSubMenus_ListVars_Classic">
		<left>107</left>
		<top>425</top>
		<width>1040</width>
		<height>125</height>
		<onup>20</onup>
		<ondown>20</ondown>
		<onleft>23</onleft>
		<onright>23</onright>
		<onback>20</onback>
	  <focusposition>2</focusposition>
    <preloaditems>4</preloaditems>
		<align>center</align>
		<orientation>horizontal</orientation>
    <scrolltime tween="quadratic" easing="out">250</scrolltime>
		<include>HomeMenu_OpenCloseSlideAnimation</include>
    <include>VisibleHiddenSlideAnimation</include>
		<animation type="Conditional" condition="Control.HasFocus(23)">
      <effect type="slide" start="0,-20" end="0,0" time="200" tween="sine" easing="out"/>
      <effect type="fade" start="0" end="100" time="100"/>
		</animation>
		<animation type="Conditional" condition="!Control.HasFocus(23)">
      <effect type="slide" start="0,0" end="0,-20" time="200" tween="sine" easing="out"/>
      <effect type="fade" start="100" end="0" time="100"/>
		</animation>
		<itemlayout width="197" height="43">
			<control type="label">
				<include>HomeSubMenus_ItemLayout_Classic</include>
			</control>
		</itemlayout>
		<focusedlayout width="250" height="43">
			<control type="label">
				<include>HomeSubMenus_FocusedLayout_Classic</include>
			</control>
		</focusedlayout>
	</include>
	
<!-- =============== -->
<!-- Nero Animations -->
<!-- =============== -->	

	<include name="HomeSlideAnimations">
     <animation type="WindowOpen" reversible="true">
        <effect type="fade" start="0" end="100" time="300" tween="sine" easing="in"  />
        <effect type="slide" start="0,-55" end="0,0" time="350" tween="cubic" easing="out" />
     </animation>
     <animation type="WindowClose" reversible="true">
        <effect type="fade" start="100" end="0" time="300" delay="250" tween="sine" easing="inout" />
        <effect type="slide" start="0,0" end="0,-55" time="350" delay="250" tween="sine" easing="inout" />
     </animation>
     <animation type="Visible" reversible="true">
        <effect type="fade" start="0" end="100" time="300" tween="sine" easing="in"  />
        <effect type="slide" start="0,55" end="0,0" time="350" tween="cubic" easing="out" />
     </animation>
     <animation type="Hidden" reversible="true">
        <effect type="fade" start="100" end="0" time="300" tween="sine" easing="inout" />
        <effect type="slide" start="0,0" end="0,55" time="350" tween="sine" easing="inout" />
     </animation>
	</include>

<!-- ================== -->
<!-- Nero Skin Settings -->
<!-- ================== -->	
	
	  <include name="NeroSkinSettings">
			<control type="radiobutton" id="5300">
				<description>Home Animation</description>
			<include>SettingsRadioButton</include>
				<label>Home Animation</label>
				<onclick>Skin.ToggleSetting(HomeMenuAnimation)</onclick>
				<selected>!Skin.HasSetting(HomeMenuAnimation)</selected>
			</control>
			<control type="radiobutton" id="5301">
				<description>Home Menu Overlay</description>
			<include>SettingsRadioButton</include>
				<label>Home Menu Overlay</label>
				<onclick>Skin.ToggleSetting(HomeMenuOverlay)</onclick>
				<selected>!Skin.HasSetting(HomeMenuOverlay)</selected>
			</control>
			<control type="radiobutton" id="5302">
				<description>Classic Home Menu Layout</description>
			<include>SettingsRadioButton</include>
				<label>Classic Home Menu Layout</label>
				<onclick>Skin.ToggleSetting(ClassicHomeMenu)</onclick>
				<selected>Skin.HasSetting(ClassicHomeMenu)</selected>
			</control>
		</include>
	
</includes>