<?xml version="1.0" encoding="UTF-8"?>
<includes>
    <include name="Defs_Info_MovieCast"><content>plugin://script.skin.helper.service/?action=getcast&amp;movie=$INFO[ListItem.Title]&amp;castaction=extendedinfo</content></include>
    <include name="Defs_Info_TVShowCast"><content>plugin://script.skin.helper.service/?action=getcast&amp;tvshow=$INFO[ListItem.Title]&amp;castaction=extendedinfo</content></include>
    <include name="Defs_Info_EpisodeCast"><content>plugin://script.skin.helper.service/?action=getcast&amp;episode=$INFO[ListItem.Title]&amp;castaction=extendedinfo</content></include>

    <include name="Defs_PVRGuide_Lines">
        <control type="image" id="2">
            <height>1</height>
            <top>0</top>
            <texture colordiffuse="7f000000">common/white.png</texture>
        </control>
        <control type="image" id="2">
            <height>1</height>
            <top>1</top>
            <texture colordiffuse="1fcccccc">common/white.png</texture>
        </control>
    </include>

    <include name="Defs_SettingsOnload">
        <onload>SetProperty(ShowTopbar,1,Home)</onload>
        <onload>SetProperty(LowerBottombar,1,Home)</onload>
        <onload>SetProperty(ShowTopbar_Highlight,1,Home)</onload>
        <onunload>ClearProperty(ShowTopbar_Highlight,Home)</onunload>
        <onload>ClearProperty(ViewType,Home)</onload>
        <onload>SetProperty(FromSettings,1,Home)</onload>
    </include>

    <include name="Defs_SetStartWindow">
        <onload>SetProperty(LowerBottombar,0,Home)</onload>
        <onload>SetProperty(FromSettings,0,Home)</onload>
        <onload>ClearProperty(ViewType,Home)</onload>
    </include>

    <include name="Defs_Shortcuts_SetHub">
        <control type="button" id="$PARAM[buttonid1]" description="Set HUB">
            <width>100%</width>
            <label>31291</label>
            <height>66</height>
            <texturenofocus colordiffuse="dialog_fg_12" border="5">common/box.png</texturenofocus>
            <align>left</align>
            <include>Dialog_Standard_Right_Buttons</include>
            <visible>String.IsEqual(Container(211).ListItem.Property(Path),ActivateWindow($PARAM[hubid]))</visible>
            <onclick>RunScript(script.skinshortcuts,type=manage&amp;group=x$PARAM[hubid])</onclick>
        </control>
    </include>

    <!-- Options Menu -->
    <include name="Defs_Options_Menu">
        <left>8</left>
        <bottom>56</bottom>
        <include>Animation_FadeIn_SlideUp</include>
        <include>Animation_FadeOut</include>
        <width>466</width>
        <height>382</height>
        <include>Defs_Options_Texture</include>
    </include>
    <include name="Defs_Options_Texture">
        <control type="image">
            <description>background image</description>
            <texture border="16" colordiffuse="dialog_bg_100">common/rounded-shadow8.png</texture>
        </control>
        <control type="image">
            <left>64</left>
            <bottom>0</bottom>
            <width>48</width>
            <height>24</height>
            <texture colordiffuse="dialog_bg_100">common/contextboxarrow.png</texture>
        </control>
    </include>
    <include name="Defs_Options_Grouplist">
        <left>8</left>
        <bottom>16</bottom>
        <width>450</width>
        <top>16</top>
        <itemgap>0</itemgap>
        <onback condition="!Window.IsVisible(DialogButtonMenu.xml)">9400</onback>
        <onleft condition="!Window.IsVisible(DialogButtonMenu.xml)">9400</onleft>
        <onright condition="!Window.IsVisible(DialogButtonMenu.xml)">9400</onright>
    </include>

    <include name="Defs_Powermenu_Group">
        <height>592</height>
        <left>8</left>
        <bottom>56</bottom>
        <width>466</width>
    </include>

    <include name="Defs_Options_StandardButtons">
        <control type="button" id="2">
            <description>Viewmode</description>
            <include>Defs_Context_Button</include>
        </control>
        <control type="button" id="6003">
            <description>Sort By</description>
            <label>$INFO[Control.GetLabel(3)]</label>
            <onclick>SendClick(3)</onclick>
            <visible>Control.IsVisible(3)</visible>
            <visible>Control.IsEnabled(3)</visible>
            <include>Defs_Context_Button</include>
        </control>
        <control type="togglebutton" id="4">
            <label>$LOCALIZE[580]: $LOCALIZE[584]</label>
            <altlabel>$LOCALIZE[580]: $LOCALIZE[585]</altlabel>
            <usealttexture>Container.SortDirection(Descending)</usealttexture>
            <include>Defs_Context_Button</include>
        </control>
    </include>

    <!-- Widget Content -->
    <variable name="Defs_Widget_Content">
        <value condition="[String.IsEqual(Container(300).ListItem.Property(widget),weather) + [Control.HasFocus(300) | String.IsEmpty(Container(302).ListItem.Property(widget))] | [String.IsEqual(Container(302).ListItem.Property(widget),weather) + !Control.HasFocus(300)]]">noop</value>
        <value condition="!String.IsEmpty(Container(300).ListItem.Property(widgetPath))">$INFO[Container(300).ListItem.Property(widgetPath)]</value>
        
        <value condition="!String.IsEmpty(Container(300).ListItem.Property(Background))">noop</value>
        <value condition="!String.IsEmpty(Skin.String(home.slideshowpath)) + String.IsEmpty(Container(300).ListItem.Property(widget))">noop</value>
        <value condition="!String.IsEmpty(Skin.String(home.fallbackwidget))">$INFO[Skin.String(home.fallbackwidget)]</value>
        <value>special://skin/extras/playlists/RandomMovies.xsp</value>
    </variable>

    <variable name="Defs_Widget_Target">
        <value condition="!String.IsEmpty(Skin.String(home.fallbackwidget.target))">$INFO[Skin.String(home.fallbackwidget.target)]</value>
        <value>videos</value>
    </variable>

    <!-- Keyboard and Numeric Keys -->
    <include name="Defs_Keyboard_Button">
        <width>85</width>
        <height>75</height>
        <texturenofocus border="5" colordiffuse="dialog_fg_12">common/box.png</texturenofocus>
        <texturefocus border="5" colordiffuse="$VAR[ColorHighlight]">common/box.png</texturefocus>
        <textoffsetx>0</textoffsetx>
        <textcolor>dialog_fg_70</textcolor>
        <focusedcolor>Selected</focusedcolor>
        <radioposx>320</radioposx>
        <radioposy>22</radioposy>
    </include>

    <!-- Context Button -->
    <include name="Defs_Context_Button">
        <radioposx>400</radioposx>
        <width>450</width>
        <height>70</height>
        <font>Tiny</font>
        <textcolor>dialog_fg_70</textcolor>
        <textureradiofocus colordiffuse="dialog_fg_70">buttons/radio-on.png</textureradiofocus>
        <textureradionofocus colordiffuse="dialog_fg_30">buttons/radio-off.png</textureradionofocus>
        <focusedcolor>Selected</focusedcolor>
        <alttexturefocus colordiffuse="$VAR[ColorHighlight]" border="16">common/white.png</alttexturefocus>
        <texturefocus colordiffuse="$VAR[ColorHighlight]" border="16">common/white.png</texturefocus>
    </include>

    <!-- Settings Buttons -->
    <include name="Defs_Settings_Button">
        <align>left</align>
        <font>Small</font>
        <radioposx>1395</radioposx>
        <textcolor>panel_fg_100</textcolor>
        <disabledcolor>panel_fg_12</disabledcolor>
        <height>70</height>
        <textoffsetx>50</textoffsetx>
        <textureup flipy="true" colordiffuse="panel_fg_30">buttons/spin-down.png</textureup>
        <texturedown colordiffuse="panel_fg_30">buttons/spin-down.png</texturedown>
        <textureupfocus flipy="true" colordiffuse="panel_fg_100">buttons/spin-down.png</textureupfocus>
        <texturedownfocus colordiffuse="panel_fg_100">buttons/spin-down.png</texturedownfocus>
        <textureradiofocus colordiffuse="panel_fg_70">buttons/radio-on.png</textureradiofocus>
        <textureradionofocus colordiffuse="panel_fg_12">buttons/radio-off.png</textureradionofocus>
        <texturefocus colordiffuse="$VAR[Defs_Settings_ColorHighlight]">common/white.png</texturefocus>
        <alttexturefocus colordiffuse="$VAR[Defs_Settings_ColorHighlight]">common/white.png</alttexturefocus>
    </include>
    <variable name="Defs_Settings_ColorHighlight">
        <value condition="Control.HasFocus(300) | Control.HasFocus(302) | Control.HasFocus(20)">00ffffff</value>
        <value>$VAR[ColorHighlight]</value>
    </variable>

    <!-- Grouplist 9000 -->
    <include name="Defs_9000_Grouplist">
        <visible allowhiddenfocus="true">ControlGroup(9000).HasFocus()</visible>
        <onleft>50</onleft>
        <onright>50</onright>
        <onback>50</onback>
        <left>8</left>
        <top>16</top>
        <width>510</width>
        <height>350</height>
        <itemgap>0</itemgap>
    </include>

    <!-- Context Type Menu Background -->
    <include name="Defs_9000_Background">
        <visible allowhiddenfocus="true">ControlGroup(9000).HasFocus()</visible>
        <include>Animation_ZoomIn</include>
        <include>Animation_FadeOut</include>
        <top>184</top>
        <centerleft>50%</centerleft>
        <height>382</height>
        <width>466</width>

        <control type="image">
            <description>background image</description>
            <left>0</left>
            <top>0</top>
            <width>466</width>
            <height>100%</height>
            <texture border="16" colordiffuse="dialog_bg_100">common/rounded-shadow8.png</texture>
        </control>
    </include>

    <!-- Shadows -->
    <include name="Defs_DarkShadow">
        <left>-24</left>
        <right>-24</right>
        <top>-24</top>
        <bottom>-24</bottom>
        <bordersize>24</bordersize>
        <bordertexture border="24">common/dark-shadow-24.png</bordertexture>
    </include>
    <include name="Defs_Shadow">
        <left>-24</left>
        <right>-24</right>
        <top>-24</top>
        <bottom>-24</bottom>
        <bordersize>24</bordersize>
        <bordertexture border="32" colordiffuse="dialog_fg_12">common/shadow-24.png</bordertexture>
    </include>
    <include name="Defs_Shadow_Opaque">
        <left>-24</left>
        <right>-24</right>
        <top>-24</top>
        <bottom>-24</bottom>
        <bordersize>24</bordersize>
        <bordertexture border="32" colordiffuse="PosterBack">common/shadow-24.png</bordertexture>
    </include>

    <!-- Busy Spinner -->
    <include name="Defs_BusySpinner">
        <param name="label" default="$LOCALIZE[20186]..." />
        <definition>
            <control type="group">
                <height>170</height>
                <width>720</width>
                <centerleft>50%</centerleft>
                <centertop>50%</centertop>
                <control type="image">
                    <description>Busy animation</description>
                    <centerleft>50%</centerleft>
                    <top>0</top>
                    <width>100</width>
                    <height>100</height>
                    <texture>dialog/loading-back.png</texture>
                    <aspectratio>keep</aspectratio>
                </control>
                <control type="image">
                    <description>Busy animation</description>
                    <centerleft>50%</centerleft>
                    <top>0</top>
                    <width>100</width>
                    <height>100</height>
                    <animation effect="rotate" condition="true" start="0" end="360" pulse="true" loop="true" time="1000" center="auto">Conditional</animation>
                    <texture colordiffuse="$VAR[ColorHighlight]">dialog/loading-spinner.png</texture>
                    <aspectratio>keep</aspectratio>
                </control>
                <!-- <control type="multiimage">
                    <description>Top busy</description>
                    <centerleft>50%</centerleft>
                    <top>0</top>
                    <width>96</width>
                    <height>96</height>
                    <imagepath colordiffuse="bfffffff">busy/left/</imagepath>
                    <timeperimage>75</timeperimage>
                    <fadetime>25</fadetime>
                    <aspectratio>keep</aspectratio>
                </control>
                <control type="multiimage">
                    <description>Top busy</description>
                    <centerleft>50%</centerleft>
                    <top>0</top>
                    <width>96</width>
                    <height>96</height>
                    <imagepath colordiffuse="bfffffff">busy/top/</imagepath>
                    <timeperimage>75</timeperimage>
                    <fadetime>25</fadetime>
                    <aspectratio>keep</aspectratio>
                </control>
                <control type="multiimage">
                    <description>Top busy</description>
                    <centerleft>50%</centerleft>
                    <top>0</top>
                    <width>96</width>
                    <height>96</height>
                    <imagepath colordiffuse="bfffffff">busy/right/</imagepath>
                    <timeperimage>75</timeperimage>
                    <fadetime>25</fadetime>
                    <aspectratio>keep</aspectratio>
                </control>
                <control type="multiimage">
                    <description>Top busy</description>
                    <centerleft>50%</centerleft>
                    <top>0</top>
                    <width>96</width>
                    <height>96</height>
                    <imagepath colordiffuse="bfffffff">busy/bottom/</imagepath>
                    <timeperimage>75</timeperimage>
                    <fadetime>25</fadetime>
                    <aspectratio>keep</aspectratio>
                </control> -->
                <control type="label">
                    <description>Busy label</description>
                    <centerleft>50%</centerleft>
                    <bottom>0</bottom>
                    <width>720</width>
                    <height>100</height>
                    <aligny>center</aligny>
                    <align>center</align>
                    <label>$PARAM[label]</label>
                    <textcolor>ffededed</textcolor>
                </control>
            </control>
        </definition>
    </include>

</includes>
