<?xml version="1.0" encoding="UTF-8"?>
<window  id="146">
	<defaultcontrol always="true">9000</defaultcontrol>
	<onload>ClearProperty(addoninfo)</onload>
	<controls>
	
		<control type="group">
			<visible>!Window.IsActive(AddonSettings)
				     + !Window.IsActive(TextViewer)
				     + !Window.IsActive(ContextMenu)
				     + !Window.IsActive(okdialog)
				     + !Window.IsActive(yesnodialog)
			       + !Window.IsActive(SelectDialog)
				     + !Window.IsActive(DialogSelect.xml)</visible>
	    <include>InfoDialogs_OpenCloseAnimation</include>
			<control type="group">
				<left>45</left>
				<top>160</top>
				<control type="image">
					<width>386</width>
					<height>386</height>
					<aspectratio align="center" aligny="center" scalediffuse="false">scale</aspectratio>
					<texture background="true" fallback="thumbs/fallback_square.png" diffuse="views/wall/square_diffuse.png">$INFO[ListItem.Thumb]</texture>
				</control>
				<control type="image">
					<width>386</width>
					<height>386</height>
					<aspectratio align="center" aligny="center">stretch</aspectratio>
					<texture background="true">views/wall/square_overlay.png</texture>
				</control>
			</control>

			<control type="group">
				<left>455</left>
				<top>170</top>
				<control type="label">
					<description>Title</description>
					<left>0</left>
					<top>0</top>
					<width>775</width>
					<height>30</height>
					<font>FontSize_40</font>
					<label>$INFO[ListItem.AddonName]</label>
					<align>left</align>
					<aligny>center</aligny>
					<textcolor>white</textcolor>
					<shadowcolor>99000000</shadowcolor>
				</control>
				<control type="label">
					<description>Under Title</description>
					<left>0</left>
					<top>32</top>
					<width>775</width>
					<height>30</height>
					<font>FontSize_22</font>
					<label>$VAR[DialogsInfoSubTitle]</label>
					<align>left</align>
					<aligny>center</aligny>
					<textcolor>99white</textcolor>
					<shadowcolor>99000000</shadowcolor>
				</control>
			</control>
			<control type="group">
				<left>455</left>
				<top>170</top>
			  <include>VisibleFadeEffect2</include>
			  <visible>!String.IsEqual(Window.Property(addoninfo),1)</visible>
				<!-- ID label -->
				<control type="grouplist">
					<left>0</left>
					<top>70</top>
					<width>775</width>
	        <height>30</height>
				  <orientation>horizontal</orientation>
					<control type="label">
						<textcolor>white</textcolor>
						<shadowcolor>99000000</shadowcolor>
						<font>FontSize_22</font>
						<width min="10" max="675">auto</width>
						<label>$LOCALIZE[24000] $LOCALIZE[560]:</label>
					</control>
					<control type="label">
						<textcolor>99white</textcolor>
						<shadowcolor>99000000</shadowcolor>
						<font>FontSize_22</font>
						<width min="10" max="675">auto</width>
						<height>30</height>
						<label fallback="195">$INFO[ListItem.Property(Addon.ID)]</label>
					</control>
				</control>
				<!-- Creator label -->
				<control type="grouplist">
					<left>0</left>
					<top>95</top>
					<width>775</width>
	        <height>30</height>
				  <orientation>horizontal</orientation>
					<control type="label">
						<textcolor>white</textcolor>
						<shadowcolor>99000000</shadowcolor>
						<font>FontSize_22</font>
						<width min="10" max="705">auto</width>
						<height>30</height>
						<label>$LOCALIZE[21863]:</label>
					</control>
					<control type="label">
						<textcolor>99white</textcolor>
						<shadowcolor>99000000</shadowcolor>
						<font>FontSize_22</font>
						<width min="10" max="705">auto</width>
						<height>30</height>
						<label fallback="195">$INFO[ListItem.AddonCreator]</label>
					</control>
				</control>
				<!-- Version label -->
				<control type="grouplist">
					<left>0</left>
					<top>120</top>
					<width>775</width>
	        <height>30</height>
				  <orientation>horizontal</orientation>
					<control type="label">
						<textcolor>white</textcolor>
						<shadowcolor>99000000</shadowcolor>
						<font>FontSize_22</font>
						<width min="10" max="705">auto</width>
						<height>30</height>
						<label>$LOCALIZE[24051]</label>
					</control>
					<control type="label">
						<textcolor>99white</textcolor>
						<shadowcolor>99000000</shadowcolor>
						<font>FontSize_22</font>
						<width min="10" max="705">auto</width>
						<height>30</height>
						<label fallback="195">$INFO[ListItem.AddonVersion]</label>
					</control>
				</control>
				<!-- Disclaimer label -->
				<control type="grouplist">
					<left>0</left>
					<top>150</top>
					<width>775</width>
	        <height>30</height>
				  <orientation>horizontal</orientation>
					<control type="label">
						<textcolor>white</textcolor>
						<shadowcolor>99000000</shadowcolor>
						<font>FontSize_22</font>
						<width min="10" max="675">auto</width>
						<height>30</height>
						<label>$LOCALIZE[24052]:</label>
					</control>
					<control type="label">
						<textcolor>99white</textcolor>
						<shadowcolor>99000000</shadowcolor>
						<font>FontSize_22</font>
						<width min="10" max="675">auto</width>
						<height>30</height>
						<label fallback="195">$INFO[ListItem.AddonDisclaimer]</label>
					</control>
				</control>
			</control>

			<control type="group">
				<left>455</left>
				<top>170</top>
			  <include>VisibleFadeEffect2</include>
			  <visible>!String.IsEqual(Window.Property(addoninfo),1)</visible>
				<control type="textbox">
					<description>Description Value</description>
					<left>0</left>
					<top>185</top>
					<width>775</width>
					<height>185</height>
					<font>FontSize_22</font>
					<align>justify</align>
					<textcolor>99white</textcolor>
					<shadowcolor>99000000</shadowcolor>
					<label fallback="195">$VAR[DialogsInfoPlotDescription]</label>
					<autoscroll time="3000" delay="5000" repeat="5000">Skin.HasSetting(AutoScroll)</autoscroll>
					<visible>IsEmpty(ListItem.AddonBroken) + IsEmpty(ListItem.Property(Addon.Status))</visible>
				</control>
				<control type="textbox">
					<description>Description Value</description>
					<left>0</left>
					<top>185</top>
					<width>775</width>
					<height>155</height>
					<font>FontSize_22</font>
					<align>justify</align>
					<textcolor>99white</textcolor>
					<shadowcolor>99000000</shadowcolor>
					<label fallback="195">$VAR[DialogsInfoPlotDescription]</label>
					<autoscroll time="3000" delay="5000" repeat="5000">Skin.HasSetting(AutoScroll)</autoscroll>
					<visible>!IsEmpty(ListItem.Property(Addon.Status)) + IsEmpty(ListItem.AddonBroken)</visible>
				</control>
				<control type="textbox">
					<description>Description Value</description>
					<left>0</left>
					<top>185</top>
					<width>775</width>
					<height>155</height>
					<font>FontSize_22</font>
					<align>justify</align>
					<textcolor>99white</textcolor>
					<shadowcolor>99000000</shadowcolor>
					<label fallback="195">$VAR[DialogsInfoPlotDescription]</label>
					<autoscroll time="3000" delay="5000" repeat="5000">Skin.HasSetting(AutoScroll)</autoscroll>
					<visible>!IsEmpty(ListItem.AddonBroken)</visible>
				</control>
				<control type="label">
					<description>Status</description>
					<left>0</left>
					<top>340</top>
					<width>775</width>
					<height>30</height>
					<font>FontSize_22</font>
					<label>$INFO[ListItem.Property(Addon.Status),* ]</label>
					<align>left</align>
					<aligny>center</aligny>
					<textcolor>$VAR[Text.GlobalColor]</textcolor>
					<shadowcolor>99000000</shadowcolor>
					<visible>IsEmpty(ListItem.AddonBroken)</visible>
				</control>
				<!-- Broken Message -->
				<control type="grouplist">
					<left>0</left>
					<top>340</top>
					<width>775</width>
	        <height>50</height>
				  <orientation>horizontal</orientation>
					<visible>!IsEmpty(ListItem.AddonBroken)</visible>
					<control type="image">
						<description>little pic</description>
						<width>34</width>
						<height>34</height>
						<aspectratio>stretch</aspectratio>
					  <texture>icons/notification_error_alt.png</texture>
						<align>left</align>
						<aligny>center</aligny>
						<colordiffuse>red</colordiffuse>
					</control>
					<control type="label">
						<textcolor>red</textcolor>
						<shadowcolor>99000000</shadowcolor>
						<font>FontSize_22</font>
						<width min="10" max="730">auto</width>
						<height>32</height>
					  <label fallback="195">$INFO[ListItem.AddonBroken]</label>
		      </control>
				</control>
			</control>


  		<!-- Preview -->
  		<control type="group">
				<left>450</left>
				<top>305</top>
			  <width>870</width>
				<height>300</height>
			  <include>VisibleFadeEffect2</include>
			  <visible>String.IsEqual(Window.Property(addoninfo),1)</visible>
				<control type="button">
					<left>5</left>
					<top>-15</top>
					<width>775</width>
					<font>FontSize_20B</font>
					<textcolor>99white</textcolor>
					<shadowcolor>77000000</shadowcolor>
					<include>HiddenItem</include>
					<label>$LOCALIZE[1000]</label>
					<label2>$INFO[Container(50).CurrentItem,Item ]$INFO[Container(50).NumItems, of ]</label2>
				</control>
				<control type="panel" id="50">
					<left>0</left>
					<top>0</top>
					<width>870</width>
					<height>250</height>
					<onleft>9000</onleft>
					<onright>noop</onright>
					<onup>9000</onup>
					<ondown>50</ondown>
					<orientation>vertical</orientation>
				  <scrolltime tween="sine" easing="out">250</scrolltime>
					<itemlayout width="200" height="125">
						<control type="image">
							<left>0</left>
							<top>0</top>
							<width>185</width>
							<height>110</height>
							<aspectratio align="center" aligny="center">stretch</aspectratio>
							<texture background="true" border="1" diffuse="thumbs/square_diffuse_small.png">thumbs/thumb_back.png</texture>
						</control>
						<control type="image">
							<left>0</left>
							<top>0</top>
							<width>185</width>
							<height>110</height>
							<aspectratio align="center" aligny="center" scalediffuse="false">scale</aspectratio>
							<texture background="true" border="1" fallback="thumbs/fallback_episode_tp.png" diffuse="thumbs/landscape_diffuse.png">$INFO[ListItem.Icon]</texture>
						</control>
						<control type="image">
							<left>0</left>
							<top>0</top>
							<width>185</width>
							<height>110</height>
							<aspectratio align="center" aligny="center">stretch</aspectratio>
							<texture background="true" border="1">thumbs/landscape_overlay.png</texture>
						</control>
					</itemlayout>
					<focusedlayout width="200" height="125">
						<control type="image">
							<left>0</left>
							<top>0</top>
							<width>185</width>
							<height>105</height>
						  <aspectratio align="center" aligny="center">stretch</aspectratio>
						  <texture background="true" border="1" diffuse="thumbs/square_diffuse_small.png">thumbs/thumb_back.png</texture>
						</control>
						<control type="image">
							<left>0</left>
							<top>0</top>
							<width>185</width>
							<height>110</height>
							<aspectratio align="center" aligny="center" scalediffuse="false">scale</aspectratio>
							<texture background="true" border="1" fallback="thumbs/fallback_episode_tp.png" diffuse="thumbs/landscape_diffuse.png">$INFO[ListItem.Icon]</texture>
						</control>
						<control type="image">
							<left>0</left>
							<top>0</top>
							<width>185</width>
							<height>110</height>
						  <aspectratio align="center" aligny="center">scale</aspectratio>
						  <texture background="true" border="1">thumbs/thumb_play.png</texture>
							<animation reversible="false" effect="fade" start="0" end="100" time="200">Focus</animation>
							<animation reversible="false" effect="fade" start="100" end="0" time="200">UnFocus</animation>
						</control>
						<control type="image">
							<left>0</left>
							<top>0</top>
							<width>185</width>
							<height>110</height>
							<aspectratio align="center" aligny="center">stretch</aspectratio>
							<texture background="true" border="1">thumbs/landscape_overlay.png</texture>
						</control>
					</focusedlayout>
				</control>
			</control>



			<!-- Path label -->
			<control type="grouplist">
			  <left>45</left>
			  <top>560</top>
				<width>1188</width>
				<align>left</align>
			  <itemgap>6</itemgap>
				<orientation>horizontal</orientation>
				<visible>!IsEmpty(ListItem.Property(Addon.Path))</visible>
				<control type="image">
					<width>20</width>
					<height>20</height>
					<colordiffuse>55white</colordiffuse>
					<texture background="true">icons/submenu_info.png</texture>
				</control>
				<control type="label">
					<width>1165</width>
					<height>18</height>
					<font>FontSize_16B</font>
					<label>$INFO[ListItem.Property(Addon.Path)]</label>
					<textcolor>55white</textcolor>
				  <shadowcolor>99000000</shadowcolor>
          <haspath>true</haspath>
					<scroll>false</scroll>
				</control>
			</control>

		</control>


    <!-- ================= -->
    <!-- == Top Buttons == -->
    <!-- ================= -->
	  <control type="group">
			<left>45</left>
			<top>25</top>
			<visible>!Window.IsActive(contextmenu) + !Window.IsActive(script-NextAired-TVGuide.xml)</visible>
	    <include>InfoDialogs_OpenCloseAnimation</include>
			<!-- NumberRating -->
			<control type="grouplist">
				<left>0</left>
				<top>10</top>
				<height>0</height>
				<width>1190</width>
				<itemgap>5</itemgap>
				<align>right</align>
				<orientation>horizontal</orientation>
			  <include>VolumeBarSlideAnimations</include>
			  <visible>!String.IsEmpty(ListItem.UserRating)</visible>
				<control type="image">
					<width>38</width>
					<height>36</height>
	        <aspectratio>keep</aspectratio>
					<texture>rating/star_full.png</texture>
				</control>
				<control type="label">
					<height>35</height>
					<width min="10" max="1280">auto</width>
					<font>FontSize_40</font>
					<textcolor>white</textcolor>
					<shadowcolor>99000000</shadowcolor>
			    <align>left</align>
			    <aligny>center</aligny>
					<scroll>false</scroll>
				  <label>$INFO[ListItem.UserRating]</label>
				</control>
			</control>
      <!-- Buttons -->
			<control type="grouplist" id="9000">
	      <animation type="Visible" reversible="false">
          <effect type="fade" start="0" end="100" time="300" tween="sine" easing="out"  />
          <effect type="slide" start="0,35" end="0,0" time="350" tween="sine" easing="out" />
	      </animation>
	      <animation type="Hidden" reversible="false">
          <effect type="fade" start="100" end="0" time="300" tween="sine" easing="out" />
          <effect type="slide" start="0,0" end="0,35" time="350" tween="sine" easing="out" />
	      </animation>
        <animation type="Conditional" condition="!stringcompare(System.Language,English (US)) + !stringcompare(System.Language,English)">
          <effect type="fade" start="0" end="100" tween="sine" easing="in" time="250" />
          <effect type="zoom" end="0,0,1590,70" tween="cubic" easing="out" time="300" />
        </animation>
				<left>0</left>
				<top>0</top>
				<height>0</height>
				<width>1190</width>
				<itemgap>15</itemgap>
				<orientation>horizontal</orientation>
				<onleft>9000</onleft>
				<onright>9000</onright>
				<ondown>50</ondown>
				<control type="label" id="999">
				  <include>TopBigLabel</include>
				  <label>$LOCALIZE[24000] $LOCALIZE[31023]</label>
				</control>
				<control type="button" id="9">
					<description>Configure</description>
				  <include>TopMenuButton</include>
					<label>24020</label>
				</control>
				<control type="button" id="8">
					<description>Update</description>
				  <include>TopMenuButton</include>
					<label>24069</label>
				</control>
				<control type="button" id="6">
					<description>Install/UnInstall</description>
				  <include>TopMenuButton</include>
					<label>-</label>
				</control>
				<!--
				<control type="togglebutton" id="130">
					<description>Auto-Update</description>
					<label>$INFO[Control.GetLabel(13)]: $LOCALIZE[31012]</label>
					<altlabel>$INFO[Control.GetLabel(13)]: $LOCALIZE[31011]</altlabel>
				  <include>TopMenuButton</include>
				</control>
				-->
				<control type="button" id="7">
					<description>Enable/Disable</description>
				  <include>TopMenuButton</include>
					<label>-</label>
				</control>
				<control type="button" id="12">
					<description>Use</description>
				  <include>TopMenuButton</include>
					<label>518</label>
				</control>
				<control type="button" id="10">
					<description>What's New</description>
				  <include>TopMenuButton</include>
				  <onclick>RunScript(script.skin.helper.service,action=textviewer,header=$LOCALIZE[24054],message='"$INFO[ListItem.AddonNews]"')</onclick>
					<label>24054</label>
					<visible>!String.IsEmpty(ListItem.AddonNews)</visible>
				</control>
				<control type="togglebutton" id="86">
					<description>Preview</description>
				  <include>TopMenuButton</include>
					<label>$LOCALIZE[1000]</label>
					<altlabel>$LOCALIZE[29915]</altlabel>
					<onclick>SetProperty(addoninfo,1)</onclick>
					<altclick>ClearProperty(addoninfo)</altclick>
					<usealttexture>!String.IsEmpty(Window.Property(addoninfo))</usealttexture>
					<visible>Integer.IsGreater(Container(50).NumItems,0)</visible>
				</control>
			</control>

      <!-- Top Content Info -->
			<control type="label">
  			<left>2</left>
  			<top>45</top>
				<width>300</width>
				<height>20</height>
				<font>FontSize_18</font>
				<textcolor>$VAR[Text.GlobalColor]</textcolor>
				<scroll>false</scroll>
				<align>left</align>
				<aligny>center</aligny>
				<label>$INFO[Container.Property(AddonCategory)]</label>
			</control>
			<control type="label">
  			<left>2</left>
  			<top>45</top>
				<width>300</width>
				<height>20</height>
				<font>FontSize_18</font>
				<textcolor>$VAR[Text.GlobalColor]</textcolor>
				<scroll>false</scroll>
				<align>left</align>
				<aligny>center</aligny>
			  <label>$VAR[MediaInfoContentInfoLabels]</label>
			</control>
		</control>

		<control type="button" id="13">
			<description>Auto-Update</description>
  		<visible>false</visible>
		</control>
	</controls>
</window>