<?xml version="1.0" encoding="UTF-8"?>
<window  type="dialog">
	<defaultcontrol>-</defaultcontrol>
	<controls>
		<control type="list" id="100">
			<left>-10</left>
			<top>-10</top>
			<width>1</width>
			<height>1</height>
			<visible>false</visible>
			<itemlayout width="1" height="1"/>
			<focusedlayout width="1" height="1"/>
		</control>
		
		<control type="group">
			<include>ShutdownMenuAnimation</include>
			<include>InfoDialogs_OpenCloseAnimation</include>
			<visible>!Window.IsActive(PlayerControls) + !Window.IsActive(Favourites)</visible>

			<!-- ============= -->
			<!--  Thumbs Code  -->
			<!-- ============= -->	
			<control type="group">
				<left>45</left>
				<top>140</top>
				<!-- Movies, TVShows, Episodes, Music Videos -->
				<control type="image">
					<width>308</width>
					<height>453</height>
					<aspectratio align="center" aligny="center" scalediffuse="false">scale</aspectratio>
					<texture background="true" fallback="thumbs/fallback_poster_big.png" diffuse="views/wall/poster_diffuse.png">$INFO[Container(100).ListItem.Icon]</texture>
				  <visible>Control.IsVisible(110) | Control.IsVisible(120) | Control.IsVisible(140) | Control.IsVisible(150)</visible>
				</control>
				<control type="image">
					<width>308</width>
					<height>453</height>
					<aspectratio align="center" aligny="center">stretch</aspectratio>
					<texture background="true">views/wall/poster_overlay.png</texture>
				  <visible>Control.IsVisible(110) | Control.IsVisible(120) | Control.IsVisible(140)</visible>
				</control>
		  </control>
			<control type="group">
				<left>45</left>
				<top>160</top>
			  <!-- Artists, Albums & Songs -->
				<control type="image">
					<width>386</width>
					<height>386</height>
					<aspectratio align="center" aligny="center" scalediffuse="false">scale</aspectratio>
					<texture background="true" fallback="thumbs/fallback_square.png" diffuse="views/wall/square_diffuse.png">$INFO[Container(100).ListItem.Icon]</texture>
					<visible>Control.IsVisible(160) | Control.IsVisible(170) | Control.IsVisible(180)</visible>
				</control>
				<control type="image">
					<width>386</width>
					<height>386</height>
					<aspectratio align="center" aligny="center">stretch</aspectratio>
					<texture background="true">views/wall/square_overlay.png</texture>
					<visible>Control.IsVisible(160) | Control.IsVisible(170) | Control.IsVisible(180)</visible>
				</control>
		  </control>



			<!-- ================= -->
			<!--  Main Lists Code  -->
			<!-- ================= -->
			<control type="group" id="101">

				<!-- Movies -->
				<control type="group"  id="110">
					<left>375</left>
					<top>150</top>
					<!-- Title label -->
	  			<control type="label">
	  				<description>Title</description>
						<left>-1</left>
	  			  <top>-3</top>
	  				<width>855</width>
	  				<font>FontSize_40</font>
	  				<label>$INFO[Container(100).Listitem.Label]$INFO[Container(100).ListItem.Property(Year), (,) ]</label>
	  				<align>left</align>
	  				<aligny>center</aligny>
	  				<textcolor>white</textcolor>
	  				<shadowcolor>99000000</shadowcolor>
	  			</control>
	  			<control type="image">
	  				<left>-1</left>
	  				<top>37</top>
	  				<width>60</width>
	  				<height>25</height>
	  				<align>left</align>
	  				<aligny>center</aligny>
	  		    <colordiffuse>mediaflags</colordiffuse>
	  				<texture fallback="flags/mpaa/film/us/rating-nr.png">$VAR[MPAAFilmRatingGlobalSearch]</texture>
	  			</control>
					<!-- Genre label -->
					<control type="label">
	  				<left>68</left>
	  				<top>37</top>
	  				<width>795</width>
	  				<height>25</height>
						<label>$INFO[Container(100).ListItem.Property(Genre)]</label>
						<font>FontSize_22</font>
					  <textcolor>99white</textcolor>
					  <shadowcolor>99000000</shadowcolor>
					</control>
					<control type="group">
						<left>0</left>
						<top>75</top>
						<!-- Director label -->
						<control type="grouplist">
							<top>0</top>
							<width>850</width>
							<height>30</height>
						  <orientation>horizontal</orientation>
							<control type="label">
	              <include>VideoInfoDialogLabel</include>
								<label>$LOCALIZE[20339]:</label>
							</control>
							<control type="label">
	              <include>VideoInfoDialogLabelValue</include>
								<label fallback="195">$INFO[Container(100).ListItem.Property(Director)]</label>
							</control>
						</control>
						<!-- Writer label -->
						<control type="grouplist">
							<top>25</top>
							<width>850</width>
							<height>30</height>
						  <orientation>horizontal</orientation>
							<control type="label">
	              <include>VideoInfoDialogLabel</include>
								<label>$LOCALIZE[20417]:</label>
							</control>
							<control type="label">
	              <include>VideoInfoDialogLabelValue</include>
								<label fallback="195">$INFO[Container(100).ListItem.Property(Writer)]</label>
							</control>
						</control>
	  				<!-- Studio label -->
	  				<control type="grouplist">
	  					<left>0</left>
	  					<top>50</top>
							<width>850</width>
							<height>30</height>
	  				  <orientation>horizontal</orientation>
	  					<control type="label">
	              <include>VideoInfoDialogLabel</include>
	  						<label>$LOCALIZE[572]:</label>
	  					</control>
	  					<control type="label">
	              <include>VideoInfoDialogLabelValue</include>
	  						<label fallback="195">$INFO[Container(100).ListItem.Property(Studio)]</label>
	  					</control>
	  				</control>
			      <!-- Runtime Label -->
						<control type="grouplist">
							<left>0</left>
							<top>75</top>
							<width>850</width>
							<height>30</height>
						  <orientation>horizontal</orientation>
	  					<control type="label">
	              <include>VideoInfoDialogLabel</include>
	  						<label>$LOCALIZE[2050]:</label>
	  					</control>
	  					<control type="label">
	              <include>VideoInfoDialogLabelValue</include>
	              <label>$VAR[ListItemDurationGlobalSearch]</label>
	  		      </control>
						</control>
				  </control>
				</control>

				<!-- TV Shows -->
				<control type="group"  id="120">
					<left>375</left>
					<top>150</top>
					<!-- Title label -->
	  			<control type="label">
						<left>-1</left>
	  			  <top>-3</top>
	  				<description>Title</description>
	  				<width>855</width>
	  				<font>FontSize_40</font>
	  				<label>$INFO[Container(100).Listitem.Label]</label>
	  				<align>left</align>
	  				<aligny>center</aligny>
	  				<textcolor>white</textcolor>
	  				<shadowcolor>99000000</shadowcolor>
	  			</control>
	  			<control type="image">
	  				<left>-1</left>
	  				<top>37</top>
	  				<width>60</width>
	  				<height>25</height>
	  				<align>left</align>
	  				<aligny>center</aligny>
		        <aspectratio>keep</aspectratio>
	  		    <colordiffuse>mediaflags</colordiffuse>
	  				<texture fallback="flags/mpaa/tv/tv-na.png">$INFO[Container(100).ListItem.Property(MPAA),flags/mpaa/tv/,.png]</texture>
	  			</control>
					<!-- Genre label -->
					<control type="label">
	  				<left>68</left>
	  				<top>37</top>
	  				<width>795</width>
	  				<height>25</height>
	  				<font>FontSize_22</font>
						<label>$INFO[Container(100).ListItem.Property(Genre)]</label>
	  				<align>left</align>
	  				<aligny>center</aligny>
	  				<textcolor>99white</textcolor>
	  				<shadowcolor>99000000</shadowcolor>
					</control>
					<control type="group">
						<left>0</left>
						<top>75</top>
			      <!-- Episodes Label -->
						<control type="grouplist">
							<left>0</left>
							<top>0</top>
							<width>850</width>
			        <height>30</height>
						  <orientation>horizontal</orientation>
							<control type="label">
	              <include>VideoInfoDialogLabel</include>
								<label>$LOCALIZE[20360]:</label>
							</control>
							<control type="label">
	              <include>VideoInfoDialogLabelValue</include>
								<label fallback="195">$INFO[Container(100).ListItem.Property(Episode)]</label>
							</control>
						</control>
						<!-- Premiered label -->
						<control type="grouplist">
							<left>0</left>
							<top>25</top>
							<width>850</width>
			        <height>30</height>
						  <orientation>horizontal</orientation>
							<control type="label">
	              <include>VideoInfoDialogLabel</include>
								<label>$LOCALIZE[31004]:</label>
							</control>
							<control type="label">
	              <include>VideoInfoDialogLabelValue</include>
								<label fallback="195">$INFO[Container(100).ListItem.Property(Premiered)]</label>
							</control>
						</control>
						<!-- Studio label -->
						<control type="grouplist">
							<left>0</left>
							<top>50</top>
							<width>850</width>
			        <height>30</height>
						  <orientation>horizontal</orientation>
							<control type="label">
	              <include>VideoInfoDialogLabel</include>
								<label>$LOCALIZE[572]:</label>
							</control>
							<control type="label">
	              <include>VideoInfoDialogLabelValue</include>
								<label fallback="195">$INFO[Container(100).ListItem.Property(Studio)]</label>
							</control>
						</control>
						<!-- Status label -->
						<control type="grouplist">
							<left>0</left>
							<top>75</top>
							<width>850</width>
			        <height>30</height>
						  <orientation>horizontal</orientation>
							<control type="label">
	              <include>VideoInfoDialogLabel</include>
								<label>$LOCALIZE[126]:</label>
							</control>
							<control type="label">
	              <include>VideoInfoDialogLabelValue</include>
  			        <label fallback="195">$INFO[Window(Home).Property(NextAired.Status)]</label>
							</control>
						</control>
				  </control>
				</control>

				<!-- Seasons (Disabled) -->
				<control type="group" id="130"></control>

				<!-- Episodes -->
				<control type="group"  id="140">
					<left>375</left>
					<top>150</top>
					<!-- Title label -->
	  			<control type="label">
						<left>-1</left>
	  			  <top>-3</top>
	  				<description>Title</description>
	  				<width>855</width>
	  				<font>FontSize_40</font>
	  				<label>$INFO[Container(100).Listitem.Label]</label>
	  				<align>left</align>
	  				<aligny>center</aligny>
	  				<textcolor>white</textcolor>
	  				<shadowcolor>99000000</shadowcolor>
	  			</control>
					<!-- TVShow label -->
	  			<control type="label">
	  				<left>0</left>
	  				<top>37</top>
	  				<width>795</width>
	  				<height>25</height>
	  				<font>FontSize_22</font>
            <label>$INFO[Container(100).ListItem.Property(TVShowTitle)]</label>
	  				<align>left</align>
	  				<aligny>center</aligny>
	  				<textcolor>99white</textcolor>
	  				<shadowcolor>99000000</shadowcolor>
	  			</control>
					 <control type="group">
						<left>0</left>
						<top>75</top>
						<!-- Episode label -->
						<control type="grouplist">
							<left>0</left>
							<top>0</top>
							<width>850</width>
			        <height>30</height>
						  <orientation>horizontal</orientation>
							<control type="label">
	              <include>VideoInfoDialogLabel</include>
								<label>$LOCALIZE[20359]:</label>
							</control>
							<control type="label">
	              <include>VideoInfoDialogLabelValue</include>
								<label>$INFO[Container(100).ListItem.Property(Season),$LOCALIZE[20373] ,]$INFO[Container(100).ListItem.Property(Episode),$COMMA $LOCALIZE[20359] ,]</label>
							</control>
						</control>
						<!-- Aired label -->
						<control type="grouplist">
							<left>0</left>
							<top>25</top>
							<width>850</width>
			        <height>30</height>
						  <orientation>horizontal</orientation>
							<control type="label">
	              <include>VideoInfoDialogLabel</include>
								<label>$LOCALIZE[31003]:</label>
							</control>
							<control type="label">
	              <include>VideoInfoDialogLabelValue</include>
								<label fallback="195">$INFO[Container(100).ListItem.Property(Premiered)]</label>
							</control>
						</control>
			      <!-- Runtime Label -->
						<control type="grouplist">
							<left>0</left>
							<top>50</top>
							<width>850</width>
							<height>30</height>
						  <orientation>horizontal</orientation>
	  					<control type="label">
	              <include>VideoInfoDialogLabel</include>
	  						<label>$LOCALIZE[2050]:</label>
	  					</control>
	  					<control type="label">
	              <include>VideoInfoDialogLabelValue</include>
	              <label>$VAR[ListItemDurationGlobalSearch]</label>
	  		      </control>
						</control>
						<!-- Director label -->
						<control type="grouplist">
							<left>0</left>
							<top>75</top>
							<width>850</width>
			        <height>30</height>
						  <orientation>horizontal</orientation>
							<control type="label">
	              <include>VideoInfoDialogLabel</include>
								<label>$LOCALIZE[20339]:</label>
							</control>
							<control type="label">
	              <include>VideoInfoDialogLabelValue</include>
								<label fallback="195">$INFO[Container(100).ListItem.Property(Director)]</label>
							</control>
						</control>
				   </control>
				</control>
				
				<!-- Music Videos -->
				<control type="group"  id="150">
					<left>375</left>
					<top>150</top>
					<!-- Title label -->
	  			<control type="label">
	  				<description>Title</description>
						<left>-1</left>
	  			  <top>-3</top>
	  				<width>855</width>
	  				<font>FontSize_40</font>
	  				<label>$INFO[Container(100).Listitem.Label]$INFO[Container(100).ListItem.Property(Year), (,) ]</label>
	  				<align>left</align>
	  				<aligny>center</aligny>
	  				<textcolor>white</textcolor>
	  				<shadowcolor>99000000</shadowcolor>
	  			</control>
					<!-- Genre label -->
					<control type="label">
	  				<left>-1</left>
	  				<top>37</top>
	  				<width>795</width>
	  				<height>25</height>
						<label>$INFO[Container(100).ListItem.Property(Genre)]</label>
						<font>FontSize_22</font>
					  <textcolor>99white</textcolor>
					  <shadowcolor>99000000</shadowcolor>
					</control>
					<control type="group">
						<left>0</left>
						<top>75</top>
						<!-- Director label -->
						<control type="grouplist">
							<top>0</top>
							<width>850</width>
							<height>30</height>
						  <orientation>horizontal</orientation>
							<control type="label">
	              <include>VideoInfoDialogLabel</include>
								<label>$LOCALIZE[20339]:</label>
							</control>
							<control type="label">
	              <include>VideoInfoDialogLabelValue</include>
								<label fallback="195">$INFO[Container(100).ListItem.Property(Director)]</label>
							</control>
						</control>
						<!-- Artist label -->
						<control type="grouplist">
							<top>25</top>
							<width>850</width>
							<height>30</height>
						  <orientation>horizontal</orientation>
							<control type="label">
	              <include>VideoInfoDialogLabel</include>
								<label>$LOCALIZE[557]:</label>
							</control>
							<control type="label">
	              <include>VideoInfoDialogLabelValue</include>
								<label fallback="195">$INFO[Container(100).ListItem.Property(Artist)]</label>
							</control>
						</control>
	  				<!-- Album label -->
	  				<control type="grouplist">
	  					<left>0</left>
	  					<top>50</top>
							<width>850</width>
							<height>30</height>
	  				  <orientation>horizontal</orientation>
	  					<control type="label">
	              <include>VideoInfoDialogLabel</include>
	  						<label>$LOCALIZE[558]:</label>
	  					</control>
	  					<control type="label">
	              <include>VideoInfoDialogLabelValue</include>
	  						<label fallback="195">$INFO[Container(100).ListItem.Property(Album)]</label>
	  					</control>
	  				</control>
			      <!-- Runtime Label -->
						<control type="grouplist">
							<left>0</left>
							<top>75</top>
							<width>850</width>
							<height>30</height>
						  <orientation>horizontal</orientation>
	  					<control type="label">
	              <include>VideoInfoDialogLabel</include>
	  						<label>$LOCALIZE[2050]:</label>
	  					</control>
	  					<control type="label">
	              <include>VideoInfoDialogLabelValue</include>
	              <label>$VAR[ListItemDurationGlobalSearch]</label>
	  		      </control>
						</control>
				  </control>
				</control>

				<!-- Artists -->
				<control type="group" id="160">
					<left>455</left>
					<top>170</top>
					<!-- Title label -->
					<control type="label">
						<description>Title</description>
						<left>-1</left>
						<top>0</top>
						<width>775</width>
						<height>30</height>
						<font>FontSize_40</font>
						<label>$INFO[Container(100).ListItem.Label]</label>
						<align>left</align>
						<aligny>center</aligny>
						<textcolor>white</textcolor>
						<shadowcolor>99000000</shadowcolor>
					</control>
					<!-- Genre label -->
					<control type="label">
						<description>Under Title</description>
						<left>0</left>
						<top>32</top>
						<width>775</width>
						<height>30</height>
						<font>FontSize_22</font>
					  <label>$INFO[Container(100).ListItem.Property(Artist_Genre)]</label>
						<align>left</align>
						<aligny>center</aligny>
						<textcolor>99white</textcolor>
						<shadowcolor>99000000</shadowcolor>
					</control>
					<control type="group">
						<left>0</left>
						<top>72</top>
						<!-- Artist Formed label -->
						<control type="grouplist">
							<top>0</top>
							<width>775</width>
			        <height>30</height>
						  <orientation>horizontal</orientation>
							<control type="label">
	              <include>MusicInfoDialogLabel</include>
								<label>$LOCALIZE[21894]:</label>
							</control>
							<control type="label">
	              <include>MusicInfoDialogLabelValue</include>
								<label fallback="195">$INFO[Container(100).ListItem.Property(Artist_Formed)]</label>
							</control>
						</control>
				    <!-- Years Active label -->
						<control type="grouplist">
							<left>0</left>
							<top>25</top>
							<width>775</width>
			        <height>30</height>
						  <orientation>horizontal</orientation>
							<control type="label">
	              <include>MusicInfoDialogLabel</include>
								<label>$LOCALIZE[21898]:</label>
							</control>
							<control type="label">
	              <include>MusicInfoDialogLabelValue</include>
								<label fallback="195">$INFO[Container(100).ListItem.Property(Artist_YearsActive)]</label>
						    <visible>IsEmpty(Container(100).ListItem.Property(Artist_Disbanded))</visible>
							</control>
							<control type="label">
	              <include>MusicInfoDialogLabelValue</include>
								<label fallback="195">$INFO[Container(100).ListItem.Property(Artist_YearsActive),, ($LOCALIZE[21896])]</label>
						    <visible>!IsEmpty(Container(100).ListItem.Property(Artist_Disbanded))</visible>
							</control>
						</control>
						<!-- Moods label -->
						<control type="grouplist">
							<left>0</left>
							<top>50</top>
							<width>775</width>
			        <height>30</height>
						  <orientation>horizontal</orientation>
							<control type="label">
	              <include>MusicInfoDialogLabel</include>
								<label>$LOCALIZE[175]:</label>
							</control>
							<control type="label">
	              <include>MusicInfoDialogLabelValue</include>
								<label fallback="195">$INFO[Container(100).ListItem.Property(Artist_Mood)]</label>
							</control>
						</control>
						<!-- Styles label -->
						<control type="grouplist">
							<left>0</left>
							<top>75</top>
							<width>775</width>
			        <height>30</height>
						  <orientation>horizontal</orientation>
							<control type="label">
	              <include>MusicInfoDialogLabel</include>
								<label>$LOCALIZE[176]:</label>
							</control>
							<control type="label">
	              <include>MusicInfoDialogLabelValue</include>
								<label fallback="195">$INFO[Container(100).ListItem.Property(Artist_Style)]</label>
							</control>
						</control>
				  </control>
				</control>

				<!-- Albums -->
				<control type="group" id="170">
					<left>455</left>
					<top>170</top>
					<!-- Title label -->
					<control type="label">
						<description>Title</description>
						<left>-1</left>
						<top>0</top>
						<width>775</width>
						<height>30</height>
						<font>FontSize_40</font>
						<label>$INFO[Container(100).ListItem.Label]</label>
						<align>left</align>
						<aligny>center</aligny>
						<textcolor>white</textcolor>
						<shadowcolor>99000000</shadowcolor>
					</control>
					<!-- Genre label -->
					<control type="label">
						<description>Under Title</description>
						<left>0</left>
						<top>32</top>
						<width>775</width>
						<height>30</height>
						<font>FontSize_22</font>
						<label>$INFO[Container(100).ListItem.Property(Artist)]</label>
						<align>left</align>
						<aligny>center</aligny>
						<textcolor>99white</textcolor>
						<shadowcolor>99000000</shadowcolor>
					</control>
					<control type="group">
						<left>0</left>
						<top>72</top>
						<!-- Genre label -->
						<control type="grouplist">
							<left>0</left>
							<top>0</top>
							<width>775</width>
			        <height>30</height>
						  <orientation>horizontal</orientation>
							<control type="label">
	              <include>MusicInfoDialogLabel</include>
								<label>$LOCALIZE[515]:</label>
							</control>
							<control type="label">
	              <include>MusicInfoDialogLabelValue</include>
								<label fallback="195">$INFO[Container(100).ListItem.Property(Genre)]</label>
							</control>
						</control>
						<!-- Year label -->
						<control type="grouplist">
							<left>0</left>
							<top>25</top>
							<width>775</width>
			        <height>30</height>
						  <orientation>horizontal</orientation>
							<control type="label">
	              <include>MusicInfoDialogLabel</include>
								<label>$LOCALIZE[345]:</label>
							</control>
							<control type="label">
	              <include>MusicInfoDialogLabelValue</include>
								<label fallback="195">$INFO[Container(100).ListItem.Property(Year)]</label>
							</control>
						</control>
						<!-- Type label -->
						<control type="grouplist">
							<left>0</left>
							<top>50</top>
							<width>775</width>
			        <height>30</height>
						  <orientation>horizontal</orientation>
							<control type="label">
	              <include>MusicInfoDialogLabel</include>
								<label>$LOCALIZE[146]</label>
							</control>
							<control type="label">
	              <include>MusicInfoDialogLabelValue</include>
								<label fallback="195">$INFO[Container(100).ListItem.Property(Album_Type)]</label>
							</control>
						</control>					
						<!-- RecordLabel label -->
						<control type="grouplist">
							<left>0</left>
							<top>75</top>
							<width>775</width>
			        <height>30</height>
						  <orientation>horizontal</orientation>
							<control type="label">
	              <include>MusicInfoDialogLabel</include>
								<label>$LOCALIZE[21899]:</label>
							</control>
							<control type="label">
	              <include>MusicInfoDialogLabelValue</include>
								<label fallback="195">$INFO[Container(100).ListItem.Property(Album_label)]</label>
							</control>
						</control>
				  </control>
				</control>

				<!-- Songs -->
				<control type="group" id="180">
					<left>455</left>
					<top>170</top>
					<!-- Title label -->
					<control type="label">
						<description>Title</description>
						<left>-1</left>
						<top>0</top>
						<width>775</width>
						<height>30</height>
						<font>FontSize_40</font>
						<label>$INFO[Container(100).ListItem.Label]</label>
						<align>left</align>
						<aligny>center</aligny>
						<textcolor>white</textcolor>
						<shadowcolor>99000000</shadowcolor>
					</control>
					<!-- Album-Artist label -->
					<control type="label">
						<description>Under Title</description>
						<left>0</left>
						<top>32</top>
						<width>775</width>
						<height>30</height>
						<font>FontSize_22</font>
						<label>$INFO[Container(100).ListItem.Property(Album)]$INFO[Container(100).ListItem.Property(Artist), - ]</label>
						<align>left</align>
						<aligny>center</aligny>
						<textcolor>99white</textcolor>
						<shadowcolor>99000000</shadowcolor>
					</control>
					 <control type="group">
						<left>0</left>
						<top>72</top>
						<!-- Genre label -->
						<control type="grouplist">
							<left>0</left>
							<top>0</top>
							<width>775</width>
			        <height>30</height>
						  <orientation>horizontal</orientation>
							<control type="label">
	              <include>MusicInfoDialogLabel</include>
								<label>$LOCALIZE[515]:</label>
							</control>
							<control type="label">
	              <include>MusicInfoDialogLabelValue</include>
								<label fallback="195">$INFO[Container(100).ListItem.Property(Genre)]</label>
							</control>
						</control>
						<!-- Year label -->
						<control type="grouplist">
							<left>0</left>
							<top>25</top>
							<width>775</width>
			        <height>30</height>
						  <orientation>horizontal</orientation>
							<control type="label">
	              <include>MusicInfoDialogLabel</include>
								<label>$LOCALIZE[562]:</label>
							</control>
							<control type="label">
	              <include>MusicInfoDialogLabelValue</include>
								<label fallback="195">$INFO[Container(100).ListItem.Property(Year)]</label>
							</control>
						</control>				
						<!-- Track Number label -->
						<control type="grouplist">
							<left>0</left>
							<top>50</top>
							<width>775</width>
			        <height>30</height>
						  <orientation>horizontal</orientation>
							<control type="label">
	              <include>MusicInfoDialogLabel</include>
								<label>$LOCALIZE[554]:</label>
							</control>
							<control type="label">
	              <include>MusicInfoDialogLabelValue</include>
								<label>$INFO[Container(100).ListItem.Property(Track),#]</label>
							  <visible>IntegerGreaterThan(Container(100).ListItem.Property(Track),9)</visible>
							</control>
							<control type="label">
	              <include>MusicInfoDialogLabelValue</include>
								<label>$INFO[Container(100).ListItem.Property(Track),#0]</label>
							  <visible>!IntegerGreaterThan(Container(100).ListItem.Property(Track),9)</visible>
							</control>
						</control>
						<!-- Duration label -->
						<control type="grouplist">
							<top>75</top>
							<width>775</width>
			        <height>30</height>
						  <orientation>horizontal</orientation>
							<control type="label">
	              <include>MusicInfoDialogLabel</include>
								<label>$LOCALIZE[2050]:</label>
							</control>
							<control type="label">
	              <include>MusicInfoDialogLabelValue</include>
                <label>$INFO[Container(100).ListItem.Property(Duration)]</label>
							</control>
						</control>
				   </control>
				</control>
			</control>

	    <!-- Media Flags -->
			<control type="grouplist">
				<left>375</left>
				<top>340</top>
        <width>865</width>
				<height>40</height>
				<align>left</align>
				<aligny>center</aligny>
				<itemgap>7</itemgap>
				<orientation>horizontal</orientation>
				<!-- Video Resolution -->
				<control type="group">
	        <width>80</width>
	        <visible>!IsEmpty(Container(100).ListItem.Property(VideoResolution))</visible>
					<control type="image">
						<include>FlagsLayout</include>
						<texture>$INFO[Container(100).ListItem.Property(VideoResolution),flags/res/,.png]</texture>
					</control>
				</control>
				<!-- Aspect Ratio -->
				<control type="group">
	        <width>80</width>
	        <visible>!IsEmpty(Container(100).ListItem.Property(VideoAspect))</visible>
					<control type="image">
						<include>FlagsLayout</include>
						<texture>$INFO[Container(100).ListItem.Property(VideoAspect),flags/aspect/,.png]</texture>
					</control>
				</control>
				<!-- Video Codec -->
				<control type="group">
	        <width>80</width>
	        <visible>!IsEmpty(Container(100).ListItem.Property(VideoCodec))</visible>
					<control type="image">
						<include>FlagsLayout</include>
						<texture>$INFO[Container(100).ListItem.Property(VideoCodec),flags/video/,.png]</texture>
					</control>
				</control>
				<!-- Audio Channels -->
				<control type="group">
	        <width>49</width>
	        <visible>!IsEmpty(Container(100).ListItem.Property(AudioChannels))</visible>
					<control type="image">
						<include>FlagsLayoutAudioChannels</include>
						<texture>$INFO[Container(100).ListItem.Property(AudioChannels),flags/channels/,.png]</texture>
					</control>
				</control>
				<!-- Audio Codec -->
				<control type="group">
	        <width>80</width>
	        <visible>!IsEmpty(Container(100).ListItem.Property(AudioCodec))</visible>
					<control type="image">
						<include>FlagsLayout</include>
						<texture>$INFO[Container(100).ListItem.Property(AudioCodec),flags/audio/,.png]</texture>
					</control>
				</control>
			</control>

			<!-- Plot Movies, TVShows, Music Videos -->
			<control type="textbox">
					<left>375</left>
					<top>375</top>
					<width>855</width>
					<height>215</height>
					<font>FontSize_22</font>
					<align>justify</align>
					<textcolor>99white</textcolor>
					<shadowcolor>99000000</shadowcolor>
	        <label fallback="195">$INFO[Container(100).ListItem.Property(Plot)]</label>
					<autoscroll time="3000" delay="5000" repeat="5000">Skin.HasSetting(AutoScroll)</autoscroll>
				  <visible>Control.IsVisible(110) | Control.IsVisible(140) | Control.IsVisible(150)</visible>
			</control>
			<!-- Plot Episodes -->
			<control type="textbox">
					<left>375</left>
					<top>345</top>
					<width>850</width>
					<height>245</height>
					<font>FontSize_22</font>
					<align>justify</align>
					<textcolor>99white</textcolor>
					<shadowcolor>99000000</shadowcolor>
	        <label fallback="195">$INFO[Container(100).ListItem.Property(Plot)]</label>
					<autoscroll time="3000" delay="5000" repeat="5000">Skin.HasSetting(AutoScroll)</autoscroll>
				  <visible>Control.IsVisible(120)</visible>
			</control>
			<!-- Artist Description -->
			<control type="textbox">
					<left>455</left>
					<top>360</top>
					<width>775</width>
					<height>185</height>
					<font>FontSize_22</font>
					<align>justify</align>
					<textcolor>99white</textcolor>
					<shadowcolor>99000000</shadowcolor>
	        <label fallback="195">$INFO[Container(100).ListItem.Property(Artist_Description)]</label>
					<autoscroll time="3000" delay="5000" repeat="5000">Skin.HasSetting(AutoScroll)</autoscroll>
				  <visible>Control.IsVisible(160)</visible>
			</control>
			<!-- Album Description -->
			<control type="textbox">
					<left>455</left>
					<top>360</top>
					<width>775</width>
					<height>185</height>
					<font>FontSize_22</font>
					<align>justify</align>
					<textcolor>99white</textcolor>
					<shadowcolor>99000000</shadowcolor>
	        <label fallback="195">$INFO[Container(100).ListItem.Property(Album_Description)]</label>
					<autoscroll time="3000" delay="5000" repeat="5000">Skin.HasSetting(AutoScroll)</autoscroll>
				  <visible>Control.IsVisible(170)</visible>
			</control>
			<!-- Song Comments -->
			<control type="textbox">
					<left>455</left>
					<top>360</top>
					<width>775</width>
					<height>185</height>
					<font>FontSize_22</font>
					<align>justify</align>
					<textcolor>99white</textcolor>
					<shadowcolor>99000000</shadowcolor>
	        <label fallback="195">$INFO[Container(100).ListItem.Property(Comment)]</label>
					<autoscroll time="3000" delay="5000" repeat="5000">Skin.HasSetting(AutoScroll)</autoscroll>
			    <visible>Control.IsVisible(180)</visible>
			</control>

			<!-- Path label -->
			<control type="grouplist">
			  <left>45</left>
			  <top>605</top>
				<width>1188</width>
				<align>left</align>
			  <itemgap>6</itemgap>
				<orientation>horizontal</orientation>
				<animation effect="slide" start="0,0" end="0,-47" condition="Control.IsVisible(160) | Control.IsVisible(170) | Control.IsVisible(180)">Conditional</animation>
				<control type="image">
					<width>20</width>
					<height>20</height>
					<colordiffuse>55white</colordiffuse>
					<texture background="true">icons/submenu_info.png</texture>
				</control>
				<control type="label">
					<width>1165</width>
					<height>18</height>
					<font>FontSize_16B</font>
					<label>$INFO[Container(100).ListItem.Property(Path)]</label>
					<textcolor>55white</textcolor>
			    <shadowcolor>99000000</shadowcolor>
          <haspath>true</haspath>
					<scroll>false</scroll>
				</control>
			</control>
		</control>	

    <include>CommonDialogsFadeOutBG</include>

    <!-- ================= -->
    <!-- == Top Buttons == -->
    <!-- ================= -->
	  <control type="group">
			<left>45</left>
			<top>25</top>
			<include>ShutdownMenuAnimation</include>
			<include>InfoDialogs_OpenCloseAnimation</include>
			<visible>!Window.IsActive(PlayerControls) + !Window.IsActive(Favourites)</visible>
			<!-- NumberRating -->
			<control type="grouplist">
				<left>0</left>
				<top>10</top>
				<height>0</height>
				<width>1190</width>
				<itemgap>5</itemgap>
				<align>right</align>
				<orientation>horizontal</orientation>
				<visible>Control.IsVisible(110) | Control.IsVisible(120) | Control.IsVisible(140)</visible>
			  <include>VolumeBarSlideAnimations</include>
				<control type="image">
					<width>38</width>
					<height>36</height>
	        <aspectratio>keep</aspectratio>
					<texture>$VAR[InfoDialogsStarRating]</texture>
				</control>
				<control type="label">
					<height>35</height>
					<width min="10" max="1280">auto</width>
					<font>FontSize_40</font>
					<textcolor>white</textcolor>
					<shadowcolor>99000000</shadowcolor>
			    <align>left</align>
			    <aligny>center</aligny>
					<scroll>false</scroll>
				  <label fallback="12310">$INFO[Container(100).ListItem.Property(Rating)]</label>
				</control>
			</control>	    
			<!-- StarRating -->
			<control type="image">
				<left>1050</left>
				<top>12</top>
				<width>140</width>
				<height>30</height>
        <aspectratio>keep</aspectratio>
				<visible>![Control.IsVisible(110) | Control.IsVisible(120) | Control.IsVisible(140)]</visible>
				<texture fallback="rating/rating0.png">$INFO[Container(100).ListItem.Property(StarRating),rating/,]</texture>
			  <include>VolumeBarSlideAnimations</include>
			</control>
      <!-- Buttons -->
			<control type="grouplist" id="9000">
				<left>0</left>
				<top>0</top>
				<height>0</height>
				<width>1190</width>
				<itemgap>15</itemgap>
				<orientation>horizontal</orientation>
				<onleft>9000</onleft>
				<onright>9000</onright>
				<onup>195</onup>
				<ondown>101</ondown>
				<control type="label" id="999">
				  <include>TopBigLabel</include>
				  <label>$LOCALIZE[544]</label>
				</control>
				<control type="button" id="192">
					<label>-</label>
				  <include>TopMenuButton</include>
				</control>
				<control type="button" id="193">
					<label>-</label>
				  <include>TopMenuButton</include>
				</control>
			</control>

      <!-- Top Content Info -->
			<control type="label">
  			<left>2</left>
  			<top>45</top>
				<width>300</width>
				<height>20</height>
				<font>FontSize_18</font>
				<textcolor>$VAR[Text.GlobalColor]</textcolor>
				<scroll>false</scroll>
				<align>left</align>
				<aligny>center</aligny>
				<label>$VAR[MediaInfoContentInfoLabels]</label>
			</control>

		</control>

	</controls>
</window>
