<?xml version="1.0" encoding="UTF-8"?>
<window>
  <backgroundcolor>bgcolor</backgroundcolor>
	<onload condition="stringcompare(System.Date(DDD),$LOCALIZE[11]) + !SubString(Window(Home).Property(NextAired.TodayTotal),0)">SetProperty(tvguide,monday,Home)</onload>
	<onload condition="stringcompare(System.Date(DDD),$LOCALIZE[12]) + !SubString(Window(Home).Property(NextAired.TodayTotal),0)">SetProperty(tvguide,tuesday,Home)</onload>
	<onload condition="stringcompare(System.Date(DDD),$LOCALIZE[13]) + !SubString(Window(Home).Property(NextAired.TodayTotal),0)">SetProperty(tvguide,wednesday,Home)</onload>
	<onload condition="stringcompare(System.Date(DDD),$LOCALIZE[14]) + !SubString(Window(Home).Property(NextAired.TodayTotal),0)">SetProperty(tvguide,thursday,Home)</onload>
	<onload condition="stringcompare(System.Date(DDD),$LOCALIZE[15]) + !SubString(Window(Home).Property(NextAired.TodayTotal),0)">SetProperty(tvguide,friday,Home)</onload>
	<onload condition="stringcompare(System.Date(DDD),$LOCALIZE[16]) + !SubString(Window(Home).Property(NextAired.TodayTotal),0)">SetProperty(tvguide,saturday,Home)</onload>
	<onload condition="stringcompare(System.Date(DDD),$LOCALIZE[17]) + !SubString(Window(Home).Property(NextAired.TodayTotal),0)">SetProperty(tvguide,sunday,Home)</onload>
	<onunload>ClearProperty(tvguide,Home)</onunload>
	<onload condition="IsEmpty(Skin.String(PreviewThumb))">Skin.SetString(PreviewThumb,1)</onload>
	<controls>
	<include>BackgroundItems</include>

	 <control type="group">
		<top>110</top>
	  <include>OpenCloseSlideAnimationTwo</include>
    <include>InfoDialogsVisible_ZoomAnimation</include>
    <animation type="Conditional" reversible="false" condition="![ControlGroup(400).HasFocus | ControlGroup(9000).HasFocus] + Skin.HasSetting(BannersView)">
      <effect type="slide" start="150" end="0" time="700" delay="0" tween="cubic" easing="out"/>
    </animation>
    <animation type="Conditional" reversible="false" condition="[ControlGroup(400).HasFocus | ControlGroup(9000).HasFocus | StringCompare(Window(Home).Property(tvguide),)] + Skin.HasSetting(BannersView)">
      <effect type="slide" start="0" end="150" time="700" delay="0" tween="cubic" easing="out"/>
    </animation>
		<!-- Left -->
		<control type="image">
			<left>45</left>
			<top>125</top>
			<width>270</width>
			<height>368</height>
		  <texture border="39">views/other/panel2.png</texture>
		</control>
		
		<control type="group">
      <left>55</left>
			<top>135</top>
      <animation effect="slide" end="0,50" time="0" condition="stringcompare(System.Date(DDD),$LOCALIZE[12])">Conditional</animation>
      <animation effect="slide" end="0,100" time="0" condition="stringcompare(System.Date(DDD),$LOCALIZE[13])">Conditional</animation>
      <animation effect="slide" end="0,150" time="0" condition="stringcompare(System.Date(DDD),$LOCALIZE[14])">Conditional</animation>
      <animation effect="slide" end="0,200" time="0" condition="stringcompare(System.Date(DDD),$LOCALIZE[15])">Conditional</animation>
      <animation effect="slide" end="0,250" time="0" condition="stringcompare(System.Date(DDD),$LOCALIZE[16])">Conditional</animation>
      <animation effect="slide" end="0,300" time="0" condition="stringcompare(System.Date(DDD),$LOCALIZE[17])">Conditional</animation>
			<control type="image">
				<width>250</width>
				<height>48</height>
				<texture>dialogs/selectdialog/selected.png</texture>
			</control>
    </control>
		<control type="grouplist" id="400">
			<left>55</left>
			<top>135</top>
			<width>250</width>
			<height>348</height>
			<itemgap>2</itemgap>
			<control type="group">
				<height>48</height>
				<control type="button" id="401">
					<include>WeekDayButton</include>
					<label>$LOCALIZE[11]</label>
					<label2>$INFO[Container(200).NumItems,, ]</label2>
					<onfocus>SetProperty(tvguide,monday,Home)</onfocus>
					<onright>SetFocus(200)</onright>
					<onup>407</onup>
					<ondown>402</ondown>
					<enable>IntegerGreaterThan(Container(200).NumItems,0)</enable>
				</control>
				<include content="WeekDayButtonNoFocus">
					<param name="DayProperty" value="monday"/>
				</include>
			</control>
			<control type="group">
				<height>48</height>
				<control type="button" id="402">
					<include>WeekDayButton</include>
					<label>$LOCALIZE[12]</label>
					<label2>$INFO[Container(201).NumItems,, ]</label2>
					<onfocus>SetProperty(tvguide,tuesday,Home)</onfocus>
					<onright>SetFocus(201)</onright>
					<onup>401</onup>
					<ondown>403</ondown>
					<enable>IntegerGreaterThan(Container(201).NumItems,0)</enable>
				</control>
				<include content="WeekDayButtonNoFocus">
					<param name="DayProperty" value="tuesday"/>
				</include>
			</control>
			<control type="group">
				<height>48</height>
				<control type="button" id="403">
					<include>WeekDayButton</include>
					<label>$LOCALIZE[13]</label>
					<label2>$INFO[Container(202).NumItems,, ]</label2>
					<onfocus>SetProperty(tvguide,wednesday,Home)</onfocus>
					<onright>SetFocus(202)</onright>
					<onup>402</onup>
					<ondown>404</ondown>
					<enable>IntegerGreaterThan(Container(202).NumItems,0)</enable>
				</control>
				<include content="WeekDayButtonNoFocus">
					<param name="DayProperty" value="wednesday"/>
				</include>
			</control>
			<control type="group">
				<height>48</height>
				<control type="button" id="404">
					<include>WeekDayButton</include>
					<label>$LOCALIZE[14]</label>
					<label2>$INFO[Container(203).NumItems,, ]</label2>
					<onfocus>SetProperty(tvguide,thursday,Home)</onfocus>
					<onright>SetFocus(203)</onright>
					<onup>403</onup>
					<ondown>405</ondown>
					<enable>IntegerGreaterThan(Container(203).NumItems,0)</enable>
				</control>
				<include content="WeekDayButtonNoFocus">
					<param name="DayProperty" value="thursday"/>
				</include>
			</control>
			<control type="group">
				<height>48</height>
				<control type="button" id="405">
					<include>WeekDayButton</include>
					<label>$LOCALIZE[15]</label>
					<label2>$INFO[Container(204).NumItems,, ]</label2>
					<onfocus>SetProperty(tvguide,friday,Home)</onfocus>
					<onright>SetFocus(204)</onright>
					<onup>404</onup>
					<ondown>406</ondown>
					<enable>IntegerGreaterThan(Container(204).NumItems,0)</enable>
				</control>
				<include content="WeekDayButtonNoFocus">
					<param name="DayProperty" value="friday"/>
				</include>
			</control>
			<control type="group">
				<height>48</height>
				<control type="button" id="406">
					<include>WeekDayButton</include>
					<label>$LOCALIZE[16]</label>
					<label2>$INFO[Container(205).NumItems,, ]</label2>
					<onfocus>SetProperty(tvguide,saturday,Home)</onfocus>
					<onright>SetFocus(205)</onright>
					<onup>405</onup>
					<ondown>407</ondown>
					<enable>IntegerGreaterThan(Container(205).NumItems,0)</enable>
				</control>
				<include content="WeekDayButtonNoFocus">
					<param name="DayProperty" value="saturday"/>
				</include>
			</control>
			<control type="group">
				<height>48</height>
				<control type="button" id="407">
					<include>WeekDayButton</include>
					<label>$LOCALIZE[17]</label>
					<label2>$INFO[Container(206).NumItems,, ]</label2>
					<onfocus>SetProperty(tvguide,sunday,Home)</onfocus>
					<onright>SetFocus(206)</onright>
					<onup>406</onup>
					<ondown>401</ondown>
					<enable>IntegerGreaterThan(Container(206).NumItems,0)</enable>
				</control>
				<include content="WeekDayButtonNoFocus">
					<param name="DayProperty" value="sunday"/>
				</include>
			</control>
		</control>

		<!-- Center -->
		<control type="group" id="500">
			<left>330</left>
			<top>135</top>
			<control type="label">
				<left>-5</left>
				<top>-40</top>
				<width>544</width>
				<font>FontSize_24B</font>
				<textcolor>bbwhite</textcolor>
				<shadowcolor>99000000</shadowcolor>
				<!-- <label>$INFO[Window(Home).Property(tvguide)] - $INFO[Window(Home).Property(NextAired.TodayTotal)]</label> -->
				<label>$VAR[TVGuideDates]</label>
			</control>
			<control type="image">
				<left>-10</left>
				<top>-10</top>
				<width>913</width>
				<height>368</height>
			  <texture border="69">views/other/panel2.png</texture>
			  <visible>!Skin.HasSetting(BannersView)</visible>
			</control>
			<control type="image">
				<left>-330</left>
				<top>-133</top>
				<include>FullscreenDimensions</include>

			  <visible>!Skin.HasSetting(BannersView) + !IsEmpty(Window(Home).Property(tvguide))</visible>
			</control>
			<control type="image">
				<left>-10</left>
				<top>-10</top>
				<width>562</width>
				<height>368</height>
			  <texture border="39">views/other/panel2.png</texture>
			  <visible>Skin.HasSetting(BannersView) + IsEmpty(Window(Home).Property(tvguide))</visible>
			</control>
			<control type="label">
				<top>-15</top>
	      <include condition="Skin.HasSetting(BannersView)">PanelBannersDimensions</include>
	      <include condition="!Skin.HasSetting(BannersView)">PanelListDimensions</include>
				<font>FontSize_24B</font>
				<textcolor>bbwhite</textcolor>
				<shadowcolor>99000000</shadowcolor>
				<align>center</align>
				<aligny>center</aligny>
				<label>$LOCALIZE[31238]</label>
			  <visible>IsEmpty(Window(Home).Property(tvguide))</visible>
			</control>
			<!-- 200 Monday -->
			<control type="group">
				<include>VisibleFadeEffect</include>
				<visible>StringCompare(Window(Home).Property(tvguide),monday) + IntegerGreaterThan(Container(200).NumItems,0)</visible>
				<include content="TVGuideDayList">
					<param name="ListID" value="200"/>
					<param name="OnLeft" value="401"/>
					<param name="DayProperty" value="monday"/>
				</include>
			</control>
			<!-- 201 Tuesday -->
			<control type="group">
				<include>VisibleFadeEffect</include>
				<visible>StringCompare(Window(Home).Property(tvguide),tuesday) + IntegerGreaterThan(Container(201).NumItems,0)</visible>
				<include content="TVGuideDayList">
					<param name="ListID" value="201"/>
					<param name="OnLeft" value="402"/>
					<param name="DayProperty" value="tuesday"/>
				</include>
			</control>
			<!-- 202 Wednesday -->
			<control type="group">
				<include>VisibleFadeEffect</include>
				<visible>StringCompare(Window(Home).Property(tvguide),wednesday) + IntegerGreaterThan(Container(202).NumItems,0)</visible>
				<include content="TVGuideDayList">
					<param name="ListID" value="202"/>
					<param name="OnLeft" value="403"/>
					<param name="DayProperty" value="wednesday"/>
				</include>
			</control>
			<!-- 203 Thursday -->
			<control type="group">
				<include>VisibleFadeEffect</include>
				<visible>StringCompare(Window(Home).Property(tvguide),thursday) + IntegerGreaterThan(Container(203).NumItems,0)</visible>
				<include content="TVGuideDayList">
					<param name="ListID" value="203"/>
					<param name="OnLeft" value="404"/>
					<param name="DayProperty" value="thursday"/>
				</include>
			</control>
			<!-- 204 Friday -->
			<control type="group">
				<include>VisibleFadeEffect</include>
				<visible>StringCompare(Window(Home).Property(tvguide),friday) + IntegerGreaterThan(Container(204).NumItems,0)</visible>
				<include content="TVGuideDayList">
					<param name="ListID" value="204"/>
					<param name="OnLeft" value="405"/>
					<param name="DayProperty" value="friday"/>
				</include>
			</control>
			<!-- 205 Saturday -->
			<control type="group">
				<include>VisibleFadeEffect</include>
				<visible>StringCompare(Window(Home).Property(tvguide),saturday) + IntegerGreaterThan(Container(205).NumItems,0)</visible>
				<include content="TVGuideDayList">
					<param name="ListID" value="205"/>
					<param name="OnLeft" value="406"/>
					<param name="DayProperty" value="saturday"/>
				</include>
			</control>
			<!-- 206 Sunday -->
			<control type="group">
				<include>VisibleFadeEffect</include>
				<visible>StringCompare(Window(Home).Property(tvguide),sunday) + IntegerGreaterThan(Container(206).NumItems,0)</visible>
				<include content="TVGuideDayList">
					<param name="ListID" value="206"/>
					<param name="OnLeft" value="407"/>
					<param name="DayProperty" value="sunday"/>
				</include>
			</control>
		</control>

		<!-- Right -->
		<control type="group">
			<left>891</left>
			<top>129</top>
			<visible>Skin.HasSetting(BannersView) + !IsEmpty(Window(Home).Property(tvguide))</visible>
      <animation effect="fade" start="100" end="0" time="200" delay="0" condition="!ControlGroup(500).HasFocus | IsEmpty(Window(Home).Property(tvguide))">Conditional</animation>
			<control type="image">
				<left>-4</left>
				<top>-4</top>
				<width>348</width>
				<height>368</height>
			  <texture border="39">views/other/panel.png</texture>
			</control>
			<control type="image">
				<left>-3</left>
				<top>144</top>
				<width>346</width>
				<height>82</height>
				<texture border="1">views/other/title_overlay.png</texture>
			</control>
			<control type="image">
				<left>0</left>
				<top>0</top>
				<width>340</width>
				<height>191</height>
			  <texture border="49">thumbs/thumb_border.png</texture>
			</control>
			<control type="image">
				<description>Landscape Preview Thumb</description>
				<left>0</left>
				<top>0</top>
				<width>340</width>
				<height>191</height>
        <fadetime>100</fadetime>
				<aspectratio aligny="center" align="center">stretch</aspectratio>
				<texture background="true" fallback="thumbs/fallback_fanart_tp.png">$VAR[TVGuideLandscape]</texture>
				<bordersize>6</bordersize>
				<visible>Stringcompare(Skin.String(PreviewThumb),1)</visible>
			</control>
			<control type="image">
				<description>ClearLogo Preview Thumb</description>
				<left>0</left>
				<top>0</top>
				<width>340</width>
				<height>191</height>
        <fadetime>100</fadetime>
				<aspectratio aligny="center" align="center">keep</aspectratio>
				<texture background="true" fallback="thumbs/fallback_fanart_tp.png">$VAR[TVGuideLogo]</texture>
				<bordersize>20</bordersize>
				<visible>Stringcompare(Skin.String(PreviewThumb),2)</visible>
			</control>
			<control type="image">
				<description>Fanart Preview Thumb</description>
				<left>0</left>
				<top>0</top>
				<width>340</width>
				<height>191</height>
        <fadetime>100</fadetime>
				<aspectratio aligny="center" align="center">stretch</aspectratio>
				<texture background="true" fallback="thumbs/fallback_fanart_tp.png">$VAR[TVGuideFanart]</texture>
				<bordersize>6</bordersize>
				<visible>Stringcompare(Skin.String(PreviewThumb),3)</visible>
			</control>

			<control type="group">
				<left>7</left>
				<top>200</top>
				<control type="label">
					<left>0</left>
					<top>0</top>
					<width>320</width>
					<height>40</height>
					<label>$VAR[NextAiredLabel]</label>
					<align>left</align>
					<aligny>center</aligny>
					<font>FontSize_24B</font>
					<textcolor>bbwhite</textcolor>
				</control>
				<control type="label">
					<left>0</left>
					<top>25</top>
					<width>320</width>
					<height>35</height>
					<label>$VAR[NextAiredGenre]</label>
					<align>left</align>
					<aligny>center</aligny>
					<font>FontSize_20</font>
					<textcolor>77white</textcolor>
				</control>
				<control type="label">
					<left>0</left>
					<top>60</top>
					<width>320</width>
					<height>35</height>
					<label>$VAR[NextAiredNumber,[B]$LOCALIZE[20359]: [/B],. ]$VAR[NextAiredTitle]</label>
					<align>left</align>
					<aligny>center</aligny>
					<font>FontSize_18</font>
					<textcolor>77white</textcolor>
				</control>
				<control type="label">
					<left>0</left>
					<top>82</top>
					<width>320</width>
					<height>35</height>
				  <label>$VAR[NextAiredDay,[B]$LOCALIZE[31214]: [/B]]$VAR[NextAiredDate,$COMMA ]$VAR[NextAiredShortTime, at ]</label>
					<align>left</align>
					<aligny>center</aligny>
					<font>FontSize_18</font>
					<textcolor>77white</textcolor>
				</control>
				<control type="label">
					<left>0</left>
					<top>104</top>
					<width>320</width>
					<height>35</height>
				  <label>$VAR[NextAiredRunTime,[B]$LOCALIZE[2050]: [/B]]</label>
					<align>left</align>
					<aligny>center</aligny>
					<font>FontSize_18</font>
					<textcolor>77white</textcolor>
				</control>
				<control type="label">
					<left>0</left>
					<top>126</top>
					<width>320</width>
					<height>35</height>
				  <label>$VAR[NextAiredStudio,[B]$LOCALIZE[705]: [/B]]</label>
					<align>left</align>
					<aligny>center</aligny>
					<font>FontSize_18</font>
					<textcolor>77white</textcolor>
				</control>
			</control>
    </control>
	 </control>

	 <include>CommonItems</include>

    <!-- ================ -->
    <!-- Top Options Menu -->
    <!-- ================ -->
	 <control type="group"  id="9000">
			<left>30</left>
			<top>25</top>
      <include>ShutdownMenuAnimation</include>
      <include>OptionsTopMenuAnimation</include>
      <!-- Head Labels -->
			<control type="grouplist">
				<left>75</left>
				<top>0</top>
				<height>70</height>
				<width>1000</width>
				<align>left</align>
				<aligny>center</aligny>
				<itemgap>20</itemgap>
				<orientation>horizontal</orientation>
        <include>OptionsTopMenuHeader</include>
				<control type="label">
				  <include>TopSmallLabel</include>
			    <label>$LOCALIZE[4]</label>
				</control>
			</control>
      <!-- Options -->
			<control type="grouplist" id="9111">
  			<onleft>400</onleft>
  			<onright>400</onright>
  			<onup>9111</onup>
  			<ondown>9111</ondown>
        <include>OptionsTopMenuVars</include>
				<control type="togglebutton" id="9">
					<description>View Toggle</description>
				  <include>TopLeftMenusButton</include>
					<label>$LOCALIZE[31234]: $LOCALIZE[535]</label>
					<altlabel>$LOCALIZE[31234]: Banners</altlabel>
			    <onclick>ActivateWindow(Home)</onclick>
					<onclick>Skin.ToggleSetting(BannersView)</onclick>
					<usealttexture>Skin.HasSetting(BannersView)</usealttexture>
				</control>
				<control type="button" id="10">
					<description>Preview Thumb</description>
	        <label>$LOCALIZE[31217]: $VAR[TVGuidePreviewThumbsLabels]</label>
			    <onclick condition="Stringcompare(Skin.String(PreviewThumb),3)">Skin.SetString(PreviewThumb,1)</onclick>
			    <onclick condition="Stringcompare(Skin.String(PreviewThumb),2)">Skin.SetString(PreviewThumb,3)</onclick>
			    <onclick condition="Stringcompare(Skin.String(PreviewThumb),1)">Skin.SetString(PreviewThumb,2)</onclick>
			    <onclick condition="Stringcompare(Skin.String(PreviewThumb),3)">Skin.SetString(PreviewThumb,1)</onclick>
				  <include>TopLeftMenusButton</include>
		      <visible>Skin.HasSetting(BannersView)</visible>
				</control>
				<control type="togglebutton" id="11">
					<description>Fanart Toggle</description>
				  <include>TopLeftMenusButton</include>
					<label>$LOCALIZE[20445]: $LOCALIZE[31011]</label>
					<altlabel>$LOCALIZE[20445]: $LOCALIZE[31012]</altlabel>
					<onclick>Skin.ToggleSetting(HideTVGuideFanart)</onclick>
					<usealttexture>Skin.HasSetting(HideTVGuideFanart)</usealttexture>
					<enable>!Skin.HasSetting(HideBGFanart)</enable>
				</control>
				<control type="button" id="8">
					<description>Settings</description>
					<onclick>SetFocus(2000)</onclick>
				  <label>$LOCALIZE[5]</label>
				  <include>TopLeftMenusButton</include>
				</control>
  			<include>OptionsTopMenuEnd</include>
			</control>
	 </control>

	 <include>CommonWeatherAndClock</include>

   <!-- ================ -->
   <!-- Top Content Info -->
   <!-- ================ -->
   <control type="group">
		<left>45</left>
		<top>25</top>
		<include>ShutdownMenuAnimation</include>
    <include>InfoDialogs_ContentInfoAnimation</include>
    <include>VisibleHiddenSlideAnimation</include>
		<include>OpenCloseSlideAnimationTwo</include>
	  <visible>!ControlGroup(9000).HasFocus</visible>
		<control type="grouplist">
			<left>0</left>
			<top>0</top>
			<height>70</height>
			<width>1000</width>
			<align>left</align>
			<itemgap>15</itemgap>
			<orientation>horizontal</orientation>
	    <include>LogoBig</include>
			<control type="label">
			  <include>TopBigLabel</include>
				<label>$LOCALIZE[31001]</label>
			</control>
	    <control type="fadelabel">
			  <description>Totals</description>
			  <include>TopSmallLabel</include>
		    <label>$INFO[Window(Home).Property(NextAired.Total),$LOCALIZE[31239]: ]</label>
		    <!-- <label>$INFO[Window(Home).Property(NextAired.TodayTotal),$LOCALIZE[31240]: ]</label> -->
	      <scroll>false</scroll>
	      <scrollout>false</scrollout>
	      <scrollspeed>100</scrollspeed>
	      <pauseatend>7000</pauseatend>
			</control>
		</control>
		<control type="label">
			<left>65</left>
			<top>45</top>
			<width>1000</width>
			<height>20</height>
			<font>FontSize_18</font>
			<textcolor>$VAR[Text.GlobalColor]</textcolor>
			<scroll>false</scroll>
			<align>left</align>
			<aligny>center</aligny>
			<label>$VAR[TVGuideNumItems]</label>
			<include>VisibleFadeEffect</include>
	    <visible>!ControlGroup(400).HasFocus() + !IsEmpty(Window(Home).Property(tvguide))</visible>
		</control>
		<control type="label">
			<left>67</left>
			<top>45</top>
			<width>1000</width>
			<height>20</height>
			<font>FontSize_18</font>
			<textcolor>$VAR[Text.GlobalColor]</textcolor>
			<scroll>false</scroll>
			<align>left</align>
			<aligny>center</aligny>
			<label>$INFO[System.Date(DDD)]$COMMA $INFO[System.Date(DD)] $INFO[System.Date(mmm)]$INFO[Window(Home).Property(NextAired.TodayTotal), • $LOCALIZE[31240]: ]</label>
			<include>VisibleFadeEffect</include>
	    <visible>IsEmpty(Window(Home).Property(tvguide))</visible>
		</control>
		<control type="label">
			<left>67</left>
			<top>45</top>
			<width>1000</width>
			<height>20</height>
			<font>FontSize_18</font>
			<textcolor>$VAR[Text.GlobalColor]</textcolor>
			<scroll>false</scroll>
			<align>left</align>
			<aligny>center</aligny>
			<label>$VAR[TVGuideDates]</label>
			<include>VisibleFadeEffect</include>
	    <visible>ControlGroup(400).HasFocus()</visible>
		</control>
   </control>
	</controls>
</window>
