<?xml version="1.0" encoding="UTF-8"?>
<includes>
    <include name="Animation_FadeInOut_Conditional">
        <animation effect="fade" end="0" start="100" time="100" condition="[Window.Next(SettingsCategory.xml) | Window.Next(Settings.xml) | Window.Next(AddonBrowser.xml) | Window.Next(SkinSettings.xml) | Window.Next(MyWeather.xml) | Window.Next(SettingsSystemInfo.xml) | Window.Next(SettingsProfile.xml) | Window.Next(SettingsScreenCalibration.xml) | Window.Next(FileManager.xml) | Window.Next(VideoFullScreen.xml) | Window.Next(Startup.xml) | Window.Next(MusicVisualisation.xml)] + !Window.IsVisible(DialogVideoInfo.xml) + !Window.IsVisible(DialogMusicInfo.xml) + !Window.IsVisible(DialogAddonInfo.xml)">WindowClose</animation>
        <animation effect="fade" start="0" end="100" time="100" condition="[Window.Previous(SettingsCategory.xml) | Window.Previous(Settings.xml) | Window.Previous(AddonBrowser.xml) | Window.Previous(SkinSettings.xml) | Window.Previous(MyWeather.xml) | Window.Previous(SettingsSystemInfo.xml) | Window.Previous(SettingsProfile.xml) | Window.Previous(SettingsScreenCalibration.xml) | Window.Previous(FileManager.xml) | Window.Previous(VideoFullScreen.xml) | Window.Previous(Startup.xml) | Window.Previous(MusicVisualisation.xml)] + !Window.IsVisible(DialogVideoInfo.xml) + !Window.IsVisible(DialogMusicInfo.xml) + !Window.IsVisible(DialogAddonInfo.xml)">WindowOpen</animation>
    </include>
    <include name="Animation_Notification_Follow">
        <animation effect="slide" end="0,-120" start="0" tween="quadratic" easing="out" time="100" reversible="false" condition="!Integer.IsEqual(Window(Home).Property(ShowTopbar),1) + !Skin.HasSetting(ShowTopbar)">Conditional</animation>
        <animation effect="slide" start="0,-120" end="0" tween="quadratic" easing="out" time="100" reversible="false" condition="Integer.IsEqual(Window(Home).Property(ShowTopbar),1) | Skin.HasSetting(ShowTopbar)">Conditional</animation>
    </include>

    <include name="Animation_Bottombar_Right">
        <animation type="WindowOpen" reversible="false" condition="[Window.Previous(MusicVisualisation.xml) | Window.Previous(VideoFullScreen.xml) | Window.Previous(Startup.xml)]">
            <effect type="slide" start="534" end="0" time="100" delay="0" tween="quadratic" easing="out" />
            <effect type="fade" start="0" end="100" time="50" delay="0" />
        </animation>
        <animation effect="fade" start="0" end="100" time="150" tween="cubic" easing="inout">VisibleChange</animation>
        <animation effect="fade" end="0" start="100" time="50" tween="cubic" easing="inout" condition="Window.Next(MusicVisualisation.xml) | Window.Next(VideoFullScreen.xml) | Window.Next(Startup.xml)">WindowClose</animation>
    </include>

    <include name="Animation_Bottombar_Left">
        <animation type="WindowOpen" reversible="false" condition="[Window.Previous(MusicVisualisation.xml) | Window.Previous(VideoFullScreen.xml) | Window.Previous(Startup.xml)]">
            <effect type="slide" start="-534" end="0" time="100" delay="0" tween="quadratic" easing="out" />
            <effect type="fade" start="0" end="100" time="50" delay="0" />
        </animation>
        <animation effect="fade" start="0" end="100" time="150" tween="cubic" easing="inout">VisibleChange</animation>
        <animation effect="fade" end="0" start="100" time="50" tween="cubic" easing="inout" condition="Window.Next(MusicVisualisation.xml) | Window.Next(VideoFullScreen.xml) | Window.Next(Startup.xml)">WindowClose</animation>
    </include>

    <include name="Animation_Bottombar_Text">
        <animation effect="fade" start="0" end="100" time="150" delay="250" tween="cubic" easing="inout" condition="Window.Previous(MusicVisualisation.xml) | Window.Previous(VideoFullScreen.xml) | Window.Previous(Startup.xml) | Window.Previous(MyWeather.xml)">WindowOpen</animation>
        <animation effect="fade" end="0" start="100" time="50" tween="cubic" easing="inout" condition="Window.Next(MusicVisualisation.xml) | Window.Next(VideoFullScreen.xml) | Window.Next(Startup.xml) | Window.Next(MyWeather.xml)">WindowClose</animation>
    </include>


    <include name="Animation_FadeIn">
        <animation effect="fade" start="0" end="100" time="125" tween="cubic" easing="inout">Visible</animation>
        <animation effect="fade" start="0" end="100" time="125" tween="cubic" easing="inout">WindowOpen</animation>
    </include>
    <include name="Animation_FadeIn_Delay">
        <animation effect="fade" start="0" end="100" time="125" delay="0" tween="cubic" easing="inout">Visible</animation>
        <animation effect="fade" start="0" end="100" time="125" delay="0" tween="cubic" easing="inout">WindowOpen</animation>
    </include>
    <include name="Animation_ZoomIn">
        <animation type="WindowOpen" reversible="false">
            <effect type="fade" start="0" end="100" time="100" tween="sine" easing="in" />
            <effect type="zoom" start="80" end="100" time="100" center="auto" tween="quadratic" easing="out" />
        </animation>
        <animation type="Visible" reversible="false">
            <effect type="fade" start="0" end="100" time="100" tween="sine" easing="in" />
            <effect type="zoom" start="80" end="100" time="100" center="auto" tween="quadratic" easing="out" />
        </animation>
    </include>

    <include name="Animation_FadeIn_Slide">
        <animation type="Visible" reversible="false">
            <effect type="fade" start="0" end="100" time="100" delay="0"/>
            <effect type="slide" start="0,-48" end="0" center="auto" tween="back" easing="out" time="160" delay="75"/>
        </animation>
        <animation type="WindowOpen" reversible="false">
            <effect type="fade" start="0" end="100" time="100" delay="0"/>
            <effect type="slide" start="0,-48" end="0" center="auto" tween="back" easing="out" time="160" delay="75"/>
        </animation>
    </include>
    <include name="Animation_FadeIn_SlideUp">
        <animation type="Visible" reversible="false">
            <effect type="fade" start="0" end="100" time="100" delay="0"/>
            <effect type="slide" start="0,48" end="0" center="auto" tween="back" easing="out" time="160" delay="75"/>
        </animation>
        <animation type="WindowOpen" reversible="false">
            <effect type="fade" start="0" end="100" time="100" delay="0"/>
            <effect type="slide" start="0,48" end="0" center="auto" tween="back" easing="out" time="160" delay="75"/>
        </animation>
    </include>

    <include name="Animation_FadeOut">
        <animation effect="fade" end="0" start="100" time="75">Hidden</animation>
        <animation effect="fade" end="0" start="100" time="75">WindowClose</animation>
    </include>

    <include name="Animation_Topbar">
        <animation effect="slide" start="0,-120" end="0" time="100" tween="quadratic" easing="out" reversible="false" condition="Window.Previous(MusicVisualisation.xml) | Window.Previous(VideoFullScreen.xml) | Window.Previous(Startup.xml)">WindowOpen</animation>
        <animation effect="slide" end="0,-120" start="0" time="100" tween="quadratic" easing="out" reversible="false" condition="Window.Next(MusicVisualisation.xml) | Window.Next(VideoFullScreen.xml) | Window.Next(Startup.xml)">WindowClose</animation>
        <animation effect="slide" start="0,-120" end="0" time="100" tween="quadratic" easing="out" reversible="false" condition="!String.IsEqual(Window(Home).Property(FromSettings),1) + !Window.Previous(Settings.xml) + !Window.Previous(SkinSettings.xml) + !Window.Previous(SettingsCategory.xml) + !Window.Previous(SettingsSystemInfo.xml) + !Window.Previous(SettingsProfile.xml) + !Window.Previous(FileManager.xml) + !Window.IsVisible(Settings.xml) + !Window.IsVisible(SkinSettings.xml) + !Window.IsVisible(SettingsCategory.xml) + !Window.IsVisible(SettingsSystemInfo.xml) + !Window.IsVisible(SettingsProfile.xml) + !Window.IsVisible(FileManager.xml) + !Skin.HasSetting(ShowTopbar)">WindowOpen</animation>
        <animation effect="slide" end="0,-120" start="0" time="100" tween="quadratic" easing="out" reversible="false" condition="!String.IsEqual(Window(Home).Property(FromSettings),1) + !Window.Next(Settings.xml) + !Window.Next(SkinSettings.xml) + !Window.Next(SettingsCategory.xml) + !Window.Next(SettingsSystemInfo.xml) + !Window.Next(SettingsProfile.xml) + !Window.Next(FileManager.xml) + !Skin.HasSetting(ShowTopbar)">WindowClose</animation>
        <animation effect="slide" start="0,-120" end="0" time="100" tween="quadratic" easing="out" reversible="true">Visible</animation>
        <animation effect="slide" end="0,-120" start="0" time="100" tween="quadratic" easing="out" reversible="true">Hidden</animation>
    </include>

    <include name="Animation_Bottombar_Infobar">
        <animation effect="slide" start="0" end="0,-160" time="100" delay="0" tween="quadratic" easing="out" reversible="false" condition="[[$EXP[Expression_InfoSlide_Home] + $EXP[Expression_ShowBigPosterHome] + Window.IsVisible(Home) + !$EXP[Expression_ShowWeatherWidget] + !$EXP[Expression_ShowSystemInfoWidget] + !Window.IsVisible(script-script.extendedinfo-DialogVideoInfo.xml) + !Window.IsVisible(script-script.extendedinfo-DialogInfo.xml) + !Window.IsVisible(script-script.extendedinfo-VideoList.xml) + !Window.IsVisible(DialogVideoInfo.xml)] | [[!Window.IsVisible(Home) | Window.IsVisible(script-script.extendedinfo-DialogVideoInfo.xml) | Window.IsVisible(script-script.extendedinfo-DialogInfo.xml) | Window.IsVisible(script-script.extendedinfo-VideoList.xml) | Window.IsVisible(DialogVideoInfo.xml)] + $EXP[Expression_InfoSlide]]]">Conditional</animation>
        <animation effect="slide" end="0" start="0,-160" time="100" delay="0" tween="quadratic" easing="out" reversible="false" condition="[![$EXP[Expression_InfoSlide_Home] + $EXP[Expression_ShowBigPosterHome]] + Window.IsVisible(Home) + !Window.IsVisible(script-script.extendedinfo-DialogVideoInfo.xml) + !Window.IsVisible(script-script.extendedinfo-DialogInfo.xml) + !Window.IsVisible(script-script.extendedinfo-VideoList.xml) + !Window.IsVisible(DialogVideoInfo.xml)] | [[!Window.IsVisible(Home) | Window.IsVisible(script-script.extendedinfo-DialogVideoInfo.xml) | Window.IsVisible(script-script.extendedinfo-DialogInfo.xml) | Window.IsVisible(script-script.extendedinfo-VideoList.xml) | Window.IsVisible(DialogVideoInfo.xml)] + !$EXP[Expression_InfoSlide]]">Conditional</animation>
    </include>

    <include name="Animation_Bottombar_Infobar_Plot">
        <animation effect="fade" start="0" end="100" time="300" delay="0" reversible="false" condition="[[$EXP[Expression_InfoSlide_Home] + $EXP[Expression_ShowBigPosterHome] + Window.IsVisible(Home) + !Window.IsVisible(script-script.extendedinfo-DialogVideoInfo.xml) + !Window.IsVisible(script-script.extendedinfo-DialogInfo.xml) + !Window.IsVisible(script-script.extendedinfo-VideoList.xml) + !Window.IsVisible(DialogVideoInfo.xml)] | [[!Window.IsVisible(Home) | Window.IsVisible(script-script.extendedinfo-DialogVideoInfo.xml) | Window.IsVisible(script-script.extendedinfo-DialogInfo.xml) | Window.IsVisible(script-script.extendedinfo-VideoList.xml) | Window.IsVisible(DialogVideoInfo.xml)] + $EXP[Expression_InfoSlide]]]">Conditional</animation>
        <animation effect="fade" end="0" start="100" time="100" delay="0" reversible="false" condition="[![$EXP[Expression_InfoSlide_Home] + $EXP[Expression_ShowBigPosterHome]] + Window.IsVisible(Home) + !Window.IsVisible(script-script.extendedinfo-DialogVideoInfo.xml) + !Window.IsVisible(script-script.extendedinfo-DialogInfo.xml) + !Window.IsVisible(script-script.extendedinfo-VideoList.xml) + !Window.IsVisible(DialogVideoInfo.xml)] | [[!Window.IsVisible(Home) | Window.IsVisible(script-script.extendedinfo-DialogVideoInfo.xml) | Window.IsVisible(script-script.extendedinfo-DialogInfo.xml) | Window.IsVisible(script-script.extendedinfo-VideoList.xml) | Window.IsVisible(DialogVideoInfo.xml)] + !$EXP[Expression_InfoSlide]]">Conditional</animation>
    </include>

    <include name="Animation_Bottombar">
        <animation type="Conditional" reversible="true" condition="$EXP[Expression_LowerBottomBar] | !String.IsEmpty(Window(Home).Property(HideBottomBar))">
            <effect type="slide" start="0" end="0,800" time="400" delay="0" tween="sine" easing="inout" />
        </animation>
    </include>

</includes>
