<?xml version="1.0" encoding="UTF-8"?>
<!--suppress ALL -->
<addon id="plugin.video.salts" version="9999999999.999999197R" name="Salts Mod .197R" provider-name="k3l3vra, Ryski Mod">
    <requires>
        <import addon="xbmc.python" version="2.19.0"/>
        <import addon="script.module.urlresolver" version="3.0.0"/>
        <import addon="script.module.myconnpy" version="1.1.6" />
        <import addon="script.module.tknorris.shared" version="0.0.19"/>
        <import addon="script.module.six"/>
        <import addon="script.module.dateutil"/>
        <import addon="script.module.image_cache" version="0.0.1" optional="true"/>
    </requires>
    <extension point="xbmc.python.pluginsource" library="default.py">
        <provides>video</provides>
    </extension>
     <extension point="xbmc.service" library="service.py" start="startup"/>
    <extension point="xbmc.addon.metadata">
        <summary>Stream video from many difference sources</summary>
        <description>This is not a fork or a continuation of SALTS, Massive respect to TK Norris and k313vra for the code... ive modified it slightly to allow playback from Metalliq and Super favs and repaired the api keys to fix broken artwork.

***I will rename the addon once we know TVA dont want it back please contact me[/COLOR]***        
        </description>
        <platform>all</platform>
        <website></website>
		<forum></forum>
		<assets>
		  <icon>icon.png</icon>
		  <fanart>fanart.jpg</fanart>
		  <screenshot>resources/screenshots/screenshot1.png</screenshot>
          <screenshot>resources/screenshots/screenshot2.png</screenshot>
          <screenshot>resources/screenshots/screenshot3.png</screenshot>
          <screenshot>resources/screenshots/screenshot4.png</screenshot>
          <screenshot>resources/screenshots/screenshot5.png</screenshot>
		</assets>
	</extension>
</addon>
