<?xml version="1.0" encoding="UTF-8"?>
<window type="dialog" id="1114">
	<defaultcontrol always="true">10</defaultcontrol>
	<animation effect="fade" start="0" end="100" time="750" tween="quadratic">WindowOpen</animation>
	<animation effect="fade" start="100" end="0" time="1000" tween="quadratic">WindowClose</animation>
	<controls>
		<control type="image">
			<include>FullscreenDimensions</include>
			<colordiffuse>$VAR[BG.GlobalColor]</colordiffuse>
			<texture background="true">special://skin/extras/backgrounds/SKINDEFAULT.jpg</texture>
		</control>
		<control type="image">
			<include>FullscreenDimensions</include>
			<texture background="true">windows/bg/bg_vignette.png</texture>
		</control>
		<control type="image">
		  <left>540</left>
		  <top>150</top>
			<width>200</width>
			<height>200</height>
			<aspectratio align="center" aligny="center">scale</aspectratio>
		  <texture background="true">special://skin/extras/icons/Skin.png</texture>
		</control>
		<control type="label">
		  <centerleft>50%</centerleft>
		  <centertop>50%</centertop>
		  <width>100%</width>
		  <height>100%</height>
		  <textcolor>orange</textcolor>
		  <font>FontSize_50</font>
		  <align>center</align>
		  <label>$VAR[Custom_ExitBigLabels]</label>
		</control>
		<control type="button" id="10">
		  <centerleft>50%</centerleft>
		  <centertop>57%</centertop>
		  <width>100%</width>
		  <height>100%</height>
		  <focusedcolor>99white</focusedcolor>
		  <font>FontSize_40</font>
		  <align>center</align>
		  <texturefocus>-</texturefocus>
		  <label>$LOCALIZE[31044]...</label>
		  <onfocus>AlarmClock(Close,Dialog.Close(1114),00:04,silent)</onfocus>
		  <onfocus>AlarmClock(Starting,ReplaceWindow($INFO[System.StartupWindow]),00:05,silent)</onfocus>
		  <visible>!String.IsEmpty(Window(Home).Property(SmoothStart))</visible>
		</control>
		<control type="button" id="10">
		  <centerleft>50%</centerleft>
		  <centertop>57%</centertop>
		  <width>100%</width>
		  <height>100%</height>
		  <focusedcolor>99white</focusedcolor>
		  <font>FontSize_40</font>
		  <align>center</align>
		  <texturefocus>-</texturefocus>
		  <label>$VAR[Custom_ExitSubLabels]...</label>
		  <onfocus>$VAR[Custom_ExitActions]</onfocus>
			<onfocus condition="String.Contains(Window(Home).Property(SmoothExit),Logingoff)">AlarmClock(CloseDialogs,Dialog.Close(all),00:03,silent)</onfocus>
			<visible>!String.IsEmpty(Window(Home).Property(SmoothExit))</visible>
		</control>
		<!--
		<control type="image">
		  <left>92%</left>
		  <top>620</top>
			<width>96</width>
			<height>96</height>
			<aspectratio>stretch</aspectratio>
			<texture background="true">special://skin/extras/icons/Kodi.png</texture>
		</control>
		-->
	</controls>
</window>