<?xml version="1.0" encoding="UTF-8"?>
<includes> 

	<include name="BackgroundWeather">
		<control type="multiimage">
			<aspectratio>scale</aspectratio>
			<include>FullscreenDimensions</include>
			<include>FanartFade</include>
			<imagepath background="true">$INFO[Skin.String(WeatherFanart.path)]$INFO[Window(Weather).Property(Current.FanartCode)]$VAR[WeatherFanartType]</imagepath>
			<timeperimage>30000</timeperimage>
		  <fadetime>500</fadetime>
		  <randomize>true</randomize>
		  <loop>yes</loop>
			<visible>[Window.IsVisible(weather) | String.IsEqual(Container(20).ListItem.Property(defaultID),weather) | String.IsEqual(Container(20).ListItem.Property(background),BackgroundWeather)] + !IsEmpty(Skin.String(WeatherFanart.path))</visible>
      <include>QuickNavFadeEffect</include>
		</control>
	</include>
	
	<include name="BackgroundContent">
  	<control type="group">
  	  <animation effect="fade" start="0" end="50" time="500">Visible</animation>
  	  <animation effect="fade" start="50" end="0" time="500">Hidden</animation>
  		<visible>![Player.HasVideo + !Skin.HasSetting(HideBGVideo)]</visible>
  		<visible>![Player.HasAudio + [[Skin.HasSetting(Vis-Fanart) + !IsEmpty(Player.Art(fanart))] | Skin.HasSetting(Vis-MusicSlideshow) | Skin.HasSetting(Vis-ArtistSlideshow)]]</visible>
  		<control type="image">
  			<description>Default Background</description>
  			<include>FullscreenDimensions</include>
				<colordiffuse>$VAR[BG.GlobalColor]</colordiffuse>
  			<texture background="true">special://skin/extras/backgrounds/SKINDEFAULT.jpg</texture>
  			<include>QuickNavFadeEffect</include>
  		</control>
      <control type="group">
        <visible>![[String.IsEqual(Container(20).ListItem.Property(defaultID),weather) | Window.IsVisible(weather)] + !IsEmpty(Skin.String(WeatherFanart.path))]</visible>
       <include>QuickNavFadeEffect</include>
    		<control type="image">
    			<description>HomeMenu Single-Background</description>
		      <aspectratio>scale</aspectratio>
    			<include>FullscreenDimensions</include>
    	    <include>FanartFade</include>
    			<texture background="true">$INFO[Container(20).ListItem.Property(Background)]</texture>
    			<fadetime>500</fadetime>
          <visible>![String.EndsWith(Container(20).ListItem.Property(Background),\) | String.EndsWith(Container(20).ListItem.Property(Background),/)]</visible>
    		</control>
    		<control type="multiimage">
    			<description>HomeMenu Multi-Background</description>
		      <aspectratio>scale</aspectratio>
    			<include>FullscreenDimensions</include>
    	    <include>FanartFade</include>
    			<imagepath background="true">$INFO[Container(20).ListItem.Property(Background)]</imagepath>
    			<timeperimage>10000</timeperimage>
    			<randomize>true</randomize>
          <loop>yes</loop>
    			<fadetime>600</fadetime>
          <visible>String.EndsWith(Container(20).ListItem.Property(Background),\) | String.EndsWith(Container(20).ListItem.Property(Background),/)</visible>
    		</control>
    		<control type="group">
          <include>FanartFade</include>
          <include>3DWallBG_Movies_Posters</include>
    			<visible>String.IsEqual(Container(20).ListItem.Property(Background),3DWallBG_Movies_Posters)</visible>
    		</control>
    		<control type="group">
          <include>FanartFade</include>
          <include>3DWallBG_Movies_Logo</include>
    		  <visible>String.IsEqual(Container(20).ListItem.Property(Background),3DWallBG_Movies_Logo)</visible>
    		</control>
    		<control type="group">
          <include>FanartFade</include>
          <include>3DWallBG_Movies_DiscArt</include>
    		  <visible>String.IsEqual(Container(20).ListItem.Property(Background),3DWallBG_Movies_DiscArt)</visible>
    		</control>
    		<control type="group">
          <include>FanartFade</include>
          <include>3DWallBG_TVShows_Posters</include>
    			<visible>String.IsEqual(Container(20).ListItem.Property(Background),3DWallBG_TVShows_Posters)</visible>
    		</control> 		
    		<control type="group">
          <include>FanartFade</include>
          <include>3DWallBG_TVShows_Logo</include>
    		  <visible>String.IsEqual(Container(20).ListItem.Property(Background),3DWallBG_TVShows_Logo)</visible>
    		</control>
    		<control type="group">
          <include>FanartFade</include>
          <include>3DWallBG_TVShows_Landscape</include>
    		  <visible>String.IsEqual(Container(20).ListItem.Property(Background),3DWallBG_TVShows_Landscape)</visible>
    		</control>
    		<control type="group">
          <include>FanartFade</include>
          <include>3DWallBG_Albums</include>
    			<visible>String.IsEqual(Container(20).ListItem.Property(Background),3DWallBG_Albums)</visible>
    		</control>
    		<control type="group">
          <include>FanartFade</include>
          <include>3DWallBG_Artists</include>
    			<visible>String.IsEqual(Container(20).ListItem.Property(Background),3DWallBG_Artists)</visible>
    		</control>
  		</control>
  	</control>
		<control type="videowindow">
			<description>Video</description>
			<include>FullscreenDimensions</include>
		  <visible>Player.HasVideo + !Skin.HasSetting(HideBGVideo)</visible>
		</control>
		<control type="visualisation">
			<left>0</left>
			<top>0</top>
			<width>1280</width>
			<height>720</height>
		  <visible>Player.HasAudio + !Skin.HasSetting(Vis-Visualization) + !String.Contains(Window(Videos).Property(PlayingBackgroundMedia))</visible>
		</control>
		<control type="multiimage">
			<aspectratio>scale</aspectratio>
	    <include>FullscreenDimensions</include>
			<timeperimage>10000</timeperimage>
			<randomize>true</randomize>
      <loop>yes</loop>
			<fadetime>1000</fadetime>
	    <imagepath background="true">$VAR[Vis-Background]</imagepath>
	    <animation effect="fade" start="50" end="25" time="0" condition="true">Conditional</animation>
		  <animation effect="fade" start="0" end="50" time="500">Visible</animation>
		  <animation effect="fade" start="50" end="0" time="500">Hidden</animation>
		  <include condition="Skin.HasSetting(Vis-Animation)">VizBackAnimation</include>
	    <visible>Player.HasAudio</visible>
		</control>
	  <include condition="!IsEmpty(Skin.String(WeatherFanart.path))">BackgroundWeather</include>
	</include>

	<include name="GlobalFanart">
		<control type="image">
			<description>Global Fanart</description>
			<aspectratio>scale</aspectratio>
			<include>FullscreenDimensions</include>
      <texture background="true">$INFO[ListItem.Art(fanart)]</texture>
			<include>FanartFade</include>
			<fadetime>FanartCrossfadeTime</fadetime>
		  <visible>!Skin.HasSetting(HideBGFanart)</visible>
		  <visible>![[Control.IsVisible(55) | [Control.IsVisible(59) + Window.IsVisible(MyVideoNav.xml)]] + ![Window.IsActive(movieinformation) | Window.IsActive(favourites) | Window.IsActive(playercontrols)] + IsEmpty(Window(Home).Property(infodialogs.active))] + !Control.IsVisible(580)</visible>
      <include>QuickNavFadeEffect</include>
		</control>
  	 <control type="image">
			<include>FullscreenDimensions</include>
      <texture background="true">windows/bg/black.png</texture>
			<include>FanartFade</include>
		  <visible>!Skin.HasSetting(HideBGFanart)</visible>
		  <visible>[[Control.IsVisible(59) + Window.IsVisible(MyVideoNav.xml)] + ![Window.IsActive(playercontrols) | Window.IsActive(movieinformation) | Window.IsActive(script-script.extendedinfo-DialogInfo.xml) | Window.IsActive(script-script.extendedinfo-DialogVideoInfo.xml) | Window.IsActive(script-script.extendedinfo-VideoList.xml) | Window.IsActive(script-script.extendedinfo-YoutubeList.xml)] + IsEmpty(Window(Home).Property(infodialogs.active))]</visible>
  		<visible>!ListItem.IsParentFolder</visible>
      <include>QuickNavFadeEffect</include>
  	 </control>
		<control type="image">
			<description>NetFilx Fanart</description>
  		<left>380</left>
  		<top>0</top>
  		<width>900</width>
  		<height>510</height>
  		<aspectratio>scale</aspectratio>
      <texture background="true" diffuse="views/netflix/fanart_diffuse.png">$INFO[ListItem.Art(fanart)]</texture>
			<include>FanartFade</include>
			<fadetime>FanartCrossfadeTime</fadetime>
		  <visible>!Skin.HasSetting(HideBGFanart)</visible>
		  <visible>[[Control.IsVisible(59) + Window.IsVisible(MyVideoNav.xml)] + ![Window.IsActive(playercontrols) | Window.IsActive(movieinformation) | Window.IsActive(script-script.extendedinfo-DialogInfo.xml) | Window.IsActive(script-script.extendedinfo-DialogVideoInfo.xml) | Window.IsActive(script-script.extendedinfo-VideoList.xml) | Window.IsActive(script-script.extendedinfo-YoutubeList.xml)] + IsEmpty(Window(Home).Property(infodialogs.active))]</visible>
      <include>QuickNavFadeEffect</include>
		</control>
		<control type="image">
			<description>Pictures Fanart</description>
		  <aspectratio align="center" aligny="top">scale</aspectratio>
			<include>FullscreenDimensions</include>
      <texture background="true">$INFO[ListItem.FileNameAndPath]</texture>
			<include>FanartFade</include>
			<fadetime>FanartCrossfadeTime</fadetime>
			<visible>Window.IsVisible(Pictures) + Container.HasFiles</visible>
		  <visible>!Skin.HasSetting(HideBGFanart)</visible>
      <include>QuickNavFadeEffect</include>
		</control>
		<control type="image">
			<description>TVGuide Fanart</description>
			<aspectratio>scale</aspectratio>
			<include>FullscreenDimensions</include>
			<include>FanartFade</include>
			<fadetime>FanartCrossfadeTime</fadetime>
			<texture background="true">$VAR[TVGuideFanart]</texture>
		  <visible>![Skin.HasSetting(HideTVGuideFanart) | Skin.HasSetting(HideBGFanart)]</visible>
      <include>QuickNavFadeEffect</include>
		</control>
		<control type="image">
			<aspectratio>scale</aspectratio>
			<include>FullscreenDimensions</include>
			<fadetime>FanartCrossfadeTime</fadetime>
			<include>FanartFade</include>			
			<texture background="true">$INFO[Container(500).ListItem.Property(Fanart_small)]</texture>
      <visible>[Window.IsActive(script-script.extendedinfo-VideoList.xml) | Window.IsActive(script-script.extendedinfo-DialogInfo.xml) | Window.IsActive(script-script.extendedinfo-DialogVideoInfo.xml) | Window.IsActive(script-script.extendedinfo-YoutubeList.xml)] + !Skin.HasSetting(HideBGFanart)</visible>
      <include>QuickNavFadeEffect</include>
<!--
			<animation effect="fade" time="AnimationsFadeTime">Visible</animation>
			<animation effect="fade" time="AnimationsFadeTime">Hidden</animation>
-->
		</control>
	</include>

	<include name="VideoWallFanartVideos">
		<itemlayout height="720" width="1280">
			<control type="image">
				<aspectratio>scale</aspectratio>
				<include>FullscreenDimensions</include>
				<texture background="true">$INFO[ListItem.Art(fanart)]</texture>
			</control>
		</itemlayout>
		<focusedlayout height="720" width="1280">
			<control type="image">
				<aspectratio>scale</aspectratio>
				<include>FullscreenDimensions</include>
				<texture background="true">$INFO[ListItem.Art(fanart)]</texture>
			</control>
		</focusedlayout>
		<include>QuickNavFadeEffect</include>
	</include>

	<include name="QuickNavFanart">
		<control type="image">
			<description>QuickNav Fanart</description>
			<aspectratio>scale</aspectratio>
	    <include>FullscreenDimensions</include>
		  <texture background="true" diffuse="windows/bg/fanart_diffuse.png">$VAR[QuickNavWidgetsFanart]</texture>
			<fadetime>FanartCrossfadeTime</fadetime>
			<animation effect="fade" time="125" tween="sine" easing="out" reversible="false">WindowOpen</animation>
			<animation effect="fade" time="125" tween="sine" easing="in" reversible="false">WindowClose</animation>
			<visible>!Skin.HasSetting(HideBGFanart)</visible>
		</control>
	</include>

	<include name="HomeWidgets_Fanart">
		<control type="group">
      <include>QuickNavFadeEffect</include>
      <visible>!Skin.HasSetting(HideBGFanart)</visible>
  	  <control type="image">
				<aspectratio>scale</aspectratio>
  			<include>FullscreenDimensions</include>
  			<texture background="true">$INFO[Container(25).ListItem.Art(fanart)]</texture>
  			<fadetime>FanartCrossfadeTime</fadetime>
				<animation effect="fade" time="275" tween="sine" easing="out" reversible="false">WindowOpen</animation>
				<animation effect="fade" time="275" tween="sine" easing="in" reversible="false">WindowClose</animation>
	  		<animation effect="fade" time="150" tween="sine" easing="out" reversible="false">Visible</animation>
	  		<animation effect="fade" time="140" tween="sine" easing="in" reversible="false">Hidden</animation>
        <visible>ControlGroup(22).HasFocus</visible>
  		</control>
		</control>
	</include>

	<include name="BackgroundVignette">
		<control type="image">
		  <description>Vignette</description>
			<include>FullscreenDimensions</include>
			<texture background="true">windows/bg/bg_vignette.png</texture>
<!--	<colordiffuse>FFCDCDCD</colordiffuse>
      <colordiffuse>D5FFFFFF</colordiffuse> -->
		</control>
		<control type="image">
			<include>FullscreenDimensions</include>
			<texture background="true">windows/bg/bg_overlay.png</texture>
			<include>FanartFade</include>
			<visible>![[Window.IsActive(MyPVRChannels.xml) | Window.IsActive(MyPVRRecordings.xml) | Window.IsActive(MyPVRGuide.xml) | Window.IsActive(MyPVRTimers.xml) | Window.IsActive(MyPVRSearch.xml)] + !Player.HasMedia]</visible>
			<visible>[Control.IsVisible(50) + !Window.IsVisible(musicplaylisteditor) + !Window.IsVisible(profiles)]
			       | Control.IsVisible(51)
			       | [Control.IsVisible(52) + !Window.IsVisible(systeminfo)]
			       | Control.IsVisible(53)
			       | Control.IsVisible(54)
			       | Control.IsVisible(55)
			       | Control.IsVisible(56)
			       | [Control.IsVisible(57) + !Window.IsVisible(profiles)]
			       | Control.IsVisible(58)
			       | [Control.IsVisible(59) + Skin.HasSetting(HideBGFanart)]
			       | Control.IsVisible(560)
			       | Control.IsVisible(561)
			       | Control.IsVisible(562)
			       | Control.IsVisible(64)
			       | Window.IsActive(1120)
			       | [Window.IsActive(PlayerControls) + Player.HasMedia]
			       | Window.IsActive(movieinformation)
			       | Window.IsActive(musicinformation)
			       | Window.IsActive(songinformation)
			       | Window.IsActive(addoninformation)
						 | Window.IsActive(AddonSettings)
						 | Window.IsActive(Favourites)
			       | Window.IsActive(musicplaylisteditor)
			       | [Window.IsActive(script-NextAired-TVGuide.xml) + ![Skin.HasSetting(HideBGFanart) | Skin.HasSetting(HideTVGuideFanart)]]
			       | [Window.IsActive(script-NextAired-TVGuide2.xml) + ![Skin.HasSetting(HideBGFanart) | Skin.HasSetting(HideTVGuideFanart)]]
			       | !IsEmpty(Window(Home).Property(infodialogs.active))
			</visible>
	  </control>
	</include>

</includes>