<?xml version="1.0" encoding="UTF-8"?>
<includes>
    <include name="NextAired_Group">
        <param name="visible" default="true" />
        <definition>
            <control type="group" id="$PARAM[groupid]">
                <width>320</width>
                <visible>$PARAM[visible]</visible>
                <control type="panel" id="$PARAM[listid]">
                    <left>0</left>
                    <width>320</width>
                    <top>170</top>
                    <bottom>50</bottom>
                    <onleft>$PARAM[onleft]</onleft>
                    <onright>$PARAM[onright]</onright>
                    <ondown>9400</ondown>
                    <onup>$PARAM[togglebuttonid]</onup>
                    <itemlayout width="320" height="425">
                        <control type="image">
                            <left>60</left>
                            <right>60</right>
                            <top>10</top>
                            <height>300</height>
                            <texture background="true">$INFO[ListItem.Thumb]</texture>
                        </control>
                        <control type="group">
                            <left>10</left>
                            <right>10</right>
                            <bottom>10</bottom>
                            <height>95</height>
                            <control type="label">
                                <align>center</align>
                                <aligny>top</aligny>
                                <textcolor>panel_fg_70</textcolor>
                                <font>font_castlist_label2</font>
                                <label>$INFO[ListItem.Label]</label>
                            </control>
                            <control type="label">
                                <top>30</top>
                                <align>center</align>
                                <aligny>top</aligny>
                                <textcolor>panel_fg_30</textcolor>
                                <font>font_castlist_label2</font>
                                <label>$INFO[ListItem.Property(NextDay)]$INFO[ListItem.Property(ShortTime), @ ,]</label>
                            </control>
                            <control type="label">
                                <top>60</top>
                                <align>center</align>
                                <aligny>top</aligny>
                                <textcolor>panel_fg_30</textcolor>
                                <font>font_castlist_label2</font>
                                <label>$INFO[ListItem.Property(NextNumber),, • ]$INFO[ListItem.Property(Runtime),, $LOCALIZE[12391]]</label>
                            </control>
                        </control>
                    </itemlayout>
                    <focusedlayout width="320" height="425">
                        <control type="image">
                            <left>60</left>
                            <right>60</right>
                            <top>10</top>
                            <height>300</height>
                            <texture background="true">$INFO[ListItem.Thumb]</texture>
                        </control>
                        <control type="image">
                            <left>53</left>
                            <top>3</top>
                            <right>53</right>
                            <height>314</height>
                            <texture colordiffuse="$VAR[ColorHighlight]" border="20">common/selectbox.png</texture>
                        </control>
                        <control type="group">
                            <left>10</left>
                            <right>10</right>
                            <bottom>10</bottom>
                            <height>95</height>
                            <control type="label">
                                <align>center</align>
                                <aligny>top</aligny>
                                <textcolor>panel_fg_100</textcolor>
                                <font>font_castlist_label2</font>
                                <label>$INFO[ListItem.Label]</label>
                            </control>
                            <control type="label">
                                <top>30</top>
                                <align>center</align>
                                <aligny>top</aligny>
                                <textcolor>panel_fg_70</textcolor>
                                <font>font_castlist_label2</font>
                                <label>$INFO[ListItem.Property(NextDay)]$INFO[ListItem.Property(ShortTime), @ ,]</label>
                            </control>
                            <control type="label">
                                <top>60</top>
                                <align>center</align>
                                <aligny>top</aligny>
                                <textcolor>panel_fg_70</textcolor>
                                <font>font_castlist_label2</font>
                                <label>$INFO[ListItem.Property(NextNumber),, • ]$INFO[ListItem.Property(Runtime),, $LOCALIZE[12391]]</label>
                            </control>
                        </control>
                    </focusedlayout>
                </control>
                <control type="group">
                    <visible>Control.HasFocus($PARAM[listid]) | Control.HasFocus($PARAM[togglebuttonid])</visible>
                    <control type="image">
                        <centerleft>50%</centerleft>
                        <top>148</top>
                        <width>16</width>
                        <height>16</height>
                        <texture flipy="true" colordiffuse="panel_fg_70">common/arrow-small.png</texture>
                        <visible>Container($PARAM[listid]).HasPrevious</visible>
                    </control>
                    <control type="image">
                        <centerleft>50%</centerleft>
                        <top>1010</top>
                        <width>16</width>
                        <height>16</height>
                        <texture flipy="false" colordiffuse="panel_fg_70">common/arrow-small.png</texture>
                        <visible>Container($PARAM[listid]).HasNext</visible>
                    </control>
                </control>
                <control type="togglebutton" id="$PARAM[togglebuttonid]">
                    <left>0</left>
                    <right>0</right>
                    <height>80</height>
                    <label>$PARAM[label]</label>
                    <altlabel>[COLOR=$VAR[ColorHighlight]]$PARAM[label][/COLOR]</altlabel>
                    <aligny>center</aligny>
                    <align>center</align>
                    <font>font_mainmenu</font>
                    <textcolor>main_fg_70</textcolor>
                    <focusedcolor>Selected</focusedcolor>
                    <texturefocus colordiffuse="$VAR[ColorHighlight]">common/gradient-diffuse.png</texturefocus>
                    <texturenofocus colordiffuse="00ffffff">noop</texturenofocus>
                    <alttexturefocus colordiffuse="00ffffff">noop</alttexturefocus>
                    <alttexturenofocus colordiffuse="00ffffff">noop</alttexturenofocus>
                    <usealttexture>Control.HasFocus($PARAM[listid])</usealttexture>
                    <onleft>$PARAM[onleft]</onleft>
                    <onright>$PARAM[onright]</onright>
                    <ondown>$PARAM[listid]</ondown>
                </control>
                <control type="label">
                    <font>font_submenu</font>
                    <label>$INFO[Window(Home).Property(NextAired.$PARAM[listid].Date)]</label>
                    <left>10</left>
                    <right>10</right>
                    <height>40</height>
                    <top>80</top>
                    <aligny>center</aligny>
                    <align>center</align>
                    <textcolor>panel_fg_30</textcolor>
                </control>
                <control type="image">
                    <right>0</right>
                    <top>180</top>
                    <bottom>70</bottom>
                    <width>1</width>
                    <texture colordiffuse="dialog_fg_12">common/white.png</texture>
                </control>
            </control>
        </definition>
    </include>
    <include name="NextAired_OptionsButton">
        <control type="button" id="8">
            <onleft>9500</onleft>
            <onright>9500</onright>
            <onup>9500</onup>
            <ondown>9500</ondown>
            <onback>9500</onback>
            <label>$LOCALIZE[33063]</label>
            <texturenofocus colordiffuse="main_fg_70" border="42,0,8,0">buttons/options.png</texturenofocus>
            <texturefocus colordiffuse="$VAR[ColorHighlight]" border="42,0,8,0">buttons/options.png</texturefocus>
            <include>Statusbar_Menubar_Button</include>
        </control>
    </include>
</includes>