<?xml version="1.0" encoding="utf-8"?>
<window>
    <defaultcontrol always="true">500</defaultcontrol>
    <views>500</views>
    <onload>SetFocus(500)</onload>
    <include>Defs_SetStartWindow</include>
    <controls>

        <include>Global_Background</include>
        <include>Bottombar</include>
        <include>Object_BigPoster</include>
        <control type="group">
            <bottom>0</bottom>
            <left>0</left>
            <right>0</right>
            <height>48</height>
            <include>Bottombar_Texture</include>
            <include>Statusbar_DateTime</include>
            <include>Statusbar_ItemCount</include>
            <control type="button" id="9400">
                <left>12</left>
                <label>33063</label>
                <onup>60</onup>
                <onright>500</onright>
                <onleft>500</onleft>
                <texturenofocus colordiffuse="main_fg_70" border="42,0,8,0">buttons/options.png</texturenofocus>
                <texturefocus colordiffuse="$VAR[ColorHighlight]" border="42,0,8,0">buttons/options.png</texturefocus>
                <include>Statusbar_Menubar_Button</include>
                <onclick>SetFocus(9000)</onclick>
            </control>
        </control>
        

        <!-- Menu -->
        <control type="group">
            <include>Global_Overlay</include>
            <visible allowhiddenfocus="true">ControlGroup(9000).HasFocus()</visible>
            <control type="group">
                <height>942</height>
                <include>Defs_Options_Menu</include>
                <control type="grouplist" id="9000">
                    <onback>500</onback>
                    <left>8</left>
                    <bottom>16</bottom>
                    <width>450</width>
                    <top>16</top>
                    <itemgap>0</itemgap>
                    <onleft>500</onleft>
                    <onright>500</onright>
                    <include>Defs_Options_Grouplist</include>
                    <control type="button" id="6000">
                        <align>left</align>
                        <include>Defs_Context_Button</include>
                        <label>19140</label>
                    </control>
                    <control type="button" id="7000">
                        <align>left</align>
                        <include>Defs_Context_Button</include>
                        <label>$ADDON[script.extendedinfo 32024]</label>
                    </control>
                    <control type="button" id="5007">
                        <align>left</align>
                        <include>Defs_Context_Button</include>
                        <label>$LOCALIZE[467]:</label>
                        <label2>$INFO[Window.Property(Type)]</label2>
                    </control>
                    <control type="button" id="5001">
                        <align>left</align>
                        <include>Defs_Context_Button</include>
                        <label>$ADDON[script.extendedinfo 32104]</label>
                        <label2>$INFO[Window.Property(Sort_Label)]</label2>
                    </control>
                    <control type="button" id="5004">
                        <align>left</align>
                        <include>Defs_Context_Button</include>
                        <label>$ADDON[script.extendedinfo 32128]</label>
                        <label2>$INFO[Window.Property(Order_Label)]</label2>
                    </control>
                    <control type="label" id="5333">
                        <textoffsetx>30</textoffsetx>
                        <font>Font-ListInfo-Small-Bold</font>
                        <align>left</align>
                        <include>Defs_Context_Button</include>
                        <label>$ADDON[script.extendedinfo 32023]</label>
                        <visible>false</visible>
                    </control>
                    <control type="button" id="5002">
                        <align>left</align>
                        <include>Defs_Context_Button</include>
                        <label>$LOCALIZE[515]</label>
                    </control>
                    <control type="button" id="5003">
                        <label>$LOCALIZE[172]</label>
                        <align>left</align>
                        <include>Defs_Context_Button</include>
                    </control>
                    <control type="button" id="5006">
                        <label>$ADDON[script.extendedinfo 32127]</label>
                        <align>left</align>
                        <include>Defs_Context_Button</include>
                    </control>
                    <control type="button" id="5008">
                        <label>$ADDON[script.extendedinfo 32126]</label>
                        <align>left</align>
                        <include>Defs_Context_Button</include>
                    </control>
                    <control type="button" id="5009">
                        <label>$ADDON[script.extendedinfo 32114]</label>
                        <align>left</align>
                        <include>Defs_Context_Button</include>
                    </control>
                    <control type="button" id="5010">
                        <label>$LOCALIZE[572]</label>
                        <align>left</align>
                        <include>Defs_Context_Button</include>
                    </control>
                    <control type="button" id="5012">
                        <label>$ADDON[script.extendedinfo 32111]</label>
                        <align>left</align>
                        <include>Defs_Context_Button</include>
                    </control>
                    <control type="button" id="5005">
                        <label>$ADDON[script.extendedinfo 32022]</label>
                        <align>left</align>
                        <include>Defs_Context_Button</include>
                    </control>
                </control>
            </control>
        </control>

        <!-- NEXT PREVIOUS PAGE CONTROLS -->
        <control type="button" id="600">
            <onfocus>SetFocus(500)</onfocus>
            <width>1</width>
            <height>1</height>
            <posx>-1000</posx>
        </control>
        <control type="button" id="700">
            <onfocus>SetFocus(500)</onfocus>
            <width>1</width>
            <height>1</height>
            <posx>-1000</posx>
        </control>

    </controls>
</window>
