<?xml version="1.0" encoding="UTF-8"?>
<!-- Foundation -->
<window id="146">
    <defaultcontrol always="true">8000</defaultcontrol>
    <controls>
        <include>View_Info_Poster</include>
        <control type="group">
            <height>topbar_height</height>
            <include>Topbar_TextDetails</include>
        </control>
        <control type="group">
            <visible>!Window.IsVisible(script-script.extendedinfo-DialogVideoInfo.xml) + !Window.IsVisible(script-script.extendedinfo-DialogInfo.xml)</visible>
    
            <control type="group">
                <include>Animation_Right_Delay</include>
                <top>view_top</top>
                <include>Animation_Home_Textbar_Slideover_Library</include>
                <!-- Info and Albums -->
                <control type="grouplist">
                    <left>info_left</left>
                    <top>20</top>
                    <right>70</right>
                    <bottom>20</bottom>
                    <orientation>vertical</orientation>
                    <usecontrolcoords>true</usecontrolcoords>
                    <itemgap>0</itemgap>
                    <control type="grouplist">
                        <visible>!String.IsEmpty(ListItem.AddonDisclaimer)</visible>
                        <top>20</top>
                        <height>42</height>
                        <left>0</left>
                        <align>left</align>
                        <itemgap>12</itemgap>
                        <usecontrolcoords>true</usecontrolcoords>
                        <orientation>horizontal</orientation>
                        <include>Object_DownArrows</include>
                        <control type="label">
                            <font>font_small</font>
                            <textcolor>main_fg_100</textcolor>
                            <aligny>center</aligny>
                            <width>auto</width>
                            <height>100%</height>
                            <label>$LOCALIZE[24052]</label>
                        </control>
                    </control>
                    <control type="textbox">
                        <visible>!String.IsEmpty(ListItem.AddonDisclaimer)</visible>
                        <top>8</top>
                        <height max="130">auto</height>
                        <font>font_plotbox</font>
                        <textcolor>main_fg_70</textcolor>
                        <label fallback="19055">$INFO[ListItem.AddonDisclaimer]</label>
                    </control>
                    <control type="group">
                        <height>25</height>
                        <visible>!String.IsEmpty(ListItem.AddonDisclaimer)</visible>
                    </control>
                    <control type="grouplist">
                        <visible>!String.IsEmpty(ListItem.AddonDescription)</visible>
                        <top>20</top>
                        <height>42</height>
                        <left>0</left>
                        <align>left</align>
                        <itemgap>12</itemgap>
                        <usecontrolcoords>true</usecontrolcoords>
                        <orientation>horizontal</orientation>
                        <include>Object_DownArrows</include>
                        <control type="label">
                            <font>font_small</font>
                            <textcolor>main_fg_100</textcolor>
                            <aligny>center</aligny>
                            <width>auto</width>
                            <height>100%</height>
                            <label>$LOCALIZE[21821]</label>
                        </control>
                    </control>
                    <control type="textbox">
                        <visible>!String.IsEmpty(ListItem.AddonDescription)</visible>
                        <top>8</top>
                        <height max="425">auto</height>
                        <font>font_plotbox</font>
                        <textcolor>main_fg_70</textcolor>
                        <label fallback="19055">$INFO[ListItem.AddonDescription]</label>
                    </control>
                    <control type="group">
                        <height>25</height>
                        <visible>!String.IsEmpty(ListItem.AddonDescription) + !String.IsEmpty(ListItem.AddonNews)</visible>
                    </control>
                    <control type="grouplist">
                        <visible>!String.IsEmpty(ListItem.AddonNews)</visible>
                        <top>20</top>
                        <height>42</height>
                        <left>0</left>
                        <align>left</align>
                        <itemgap>12</itemgap>
                        <usecontrolcoords>true</usecontrolcoords>
                        <orientation>horizontal</orientation>
                        <include>Object_DownArrows</include>
                        <control type="label">
                            <font>font_small</font>
                            <textcolor>main_fg_100</textcolor>
                            <aligny>center</aligny>
                            <width>auto</width>
                            <height>100%</height>
                            <label>$LOCALIZE[31303]</label>
                        </control>
                    </control>
                    <control type="textbox">
                        <visible>!String.IsEmpty(ListItem.AddonNews)</visible>
                        <top>8</top>
                        <height>auto</height>
                        <font>font_plotbox</font>
                        <textcolor>main_fg_70</textcolor>
                        <label fallback="19055">$INFO[ListItem.AddonNews]</label>
                    </control>
                </control>
            </control>

            
            <control type="group">
                <left>70</left>
                <width>320</width>
                <include>Animation_Home_Textbar_Slideover</include>
                <include>Home_Textbar_Texture</include>
                <include>Home_Textbar_Items</include>
            </control>
            <control type="group">
                <left>0</left>
                <width>74</width>
                <include>Home_Iconbar_Texture</include>
                <include>Home_Iconbar_Logo</include>
                <control type="group">
                    <control type="list" id="300">
                        <onright>9000</onright>
                        <onleft>9000</onleft>
                        <include>Home_OnFocus</include>
                        <include>Home_VideoInfo_Layout</include>
                        <include>Home_MainMenu_InfoItems_Addons</include>
                    </control>
                    <control type="group" id="9000">
                        <top>view_top</top>
                        <height>74</height>
                        <control type="group">
                            <left>74</left>
                            <width>6</width>     
                            <visible>Control.HasFocus(8)</visible>
                            <control type="image">
                                <texture colordiffuse="$VAR[ColorHighlight]">common/white.png</texture>
                            </control>
                            <control type="group">
                                <include>Home_Separator</include>
                            </control>
                            <control type="group">
                                <top>74</top>
                                <include>Home_Separator</include>
                            </control>
                        </control>
                        
                        <control type="button" id="8000">
                            <width>1</width>
                            <height>1</height>
                            <font/>
                            <onclick>SetFocus(300,0)</onclick>
                            <onright>9601</onright>
                            <onleft>SetFocus(300,0)</onleft>
                            <onup>SetFocus(300,0)</onup>
                            <ondown>SetFocus(300,0)</ondown>
                            
                            <animation effect="fade" end="0" condition="true">Conditional</animation>
                        </control>
                    </control>
                    <control type="group">
                        <top>view_top</top>
                        <include>Home_Separator</include>
                    </control>
                </control>
            </control>

            <include>Object_PlotOverlay</include>
        </control>
        <control type="button" id ="6">
            <include>Defs_Hidden_Button</include>
            <visible>Control.IsEnabled(6)</visible>
        </control>
        <control type="button" id ="7">
            <include>Defs_Hidden_Button</include>
            <visible>Control.IsEnabled(7)</visible>
        </control>
        <control type="button" id="8">
            <description>Play button</description>
            <label>24069</label>
            <include>Defs_Hidden_Button</include>
            <visible>Control.IsEnabled(8)</visible>
        </control>
        <control type="button" id ="9">
            <label>5</label>
            <include>Defs_Hidden_Button</include>
            <visible>Control.IsEnabled(9)</visible>
        </control>
        <control type="button" id ="12">
            <include>Defs_Hidden_Button</include>
            <visible>Control.IsEnabled(12)</visible>
        </control>
        <control type="radiobutton" id ="13">
            <radioposx>200</radioposx>
            <align>left</align>
            <width>250</width>
            <visible>Control.IsEnabled(13)</visible>
            <include>Defs_Hidden_Button</include>
        </control>
    </controls>

</window>
