<?xml version="1.0" encoding="UTF-8"?>
<includes>

    <include name="OSD_Music_Seekbar">
        <control type="group">
            <visible>Player.Seeking | Player.DisplayAfterSeek | Player.Paused | Player.Forwarding | Player.Rewinding | Player.ShowInfo | Window.IsActive(musicosd) | Window.IsActive(videoosd) | Window.IsActive(DialogFullScreenInfo.xml)</visible>
            <animation effect="fade" start="0" end="100" time="150">VisibleChange</animation>
            <animation type="WindowOpen" reversible="false">
                <effect type="fade" start="0" end="100" time="150" tween="sine" easing="out"/>
                <effect type="slide" start="0,96" end="0" time="200" tween="cubic" easing="out" />
            </animation>
            <animation type="WindowClose" reversible="false">
                <effect type="fade" start="100" end="0" time="150" tween="sine" easing="out" />
                <effect type="slide" start="0" end="0,96" time="150" tween="cubic" easing="out" />
            </animation>
            <include>Statusbar_Info_Clock</include>
        </control>
    </include>

    <include name="OSD_Music_Info">
        <param name="player" default="MusicPlayer" />
        <param name="rating" default="MusicPlayer.UserRating" />
        <param name="artwork" default="MusicPlayer.Cover" />
        <definition>
            <control type="group">
                <visible>[Window.IsVisible(VideoFullScreen.xml) + VideoPlayer.Content(musicvideos) + !Skin.HasSetting(BigMusicVis)] | !Window.IsVisible(VideoFullScreen.xml)</visible>
                <visible>Window.IsVisible(musicosd) | Player.ShowInfo | [Window.IsVisible(VideoFullScreen.xml) + [!String.IsEmpty(Window(Home).Property(OSDInfo)) | Player.Caching | Player.Seeking | Player.DisplayAfterSeek | Player.Paused | Player.Forwarding | Player.Rewinding | Player.ShowInfo | Window.IsActive(videoosd) | Window.IsActive(DialogFullScreenInfo.xml) | Window.IsVisible(DialogPlayerProcessInfo.xml) | [!Skin.HasSetting(DisableMusicVideoAutoInfo) + [Integer.IsEqual(Player.Time(hh),0) + Integer.IsEqual(Player.Time(mm),0) + Integer.IsGreater(Player.Time(ss),5) + Integer.IsLess(Player.Time(ss),15)] | [Integer.IsEqual(Player.TimeRemaining(hh),0) + Integer.IsEqual(Player.TimeRemaining(mm),0) + Integer.IsGreater(Player.TimeRemaining(ss),5) + Integer.IsLess(Player.TimeRemaining(ss),15)]]]]</visible>
                <animation effect="fade" start="0" end="100" time="150">VisibleChange</animation>

                <control type="image">
                    <animation effect="fade" end="85" condition="true">Conditional</animation>
                    <texture>common/vignette.png</texture>
                </control>
                <control type="group">
                    <height>topbar_height</height>
                    <include>Topbar_TextDetails_DateTime</include>
                </control>

                <control type="group">
                    <visible>Window.IsVisible(musicosd) | Player.ShowInfo | [Window.IsVisible(VideoFullScreen.xml) + [!String.IsEmpty(Window(Home).Property(OSDInfo)) | Player.Caching | Player.Seeking | Player.DisplayAfterSeek | Player.Paused | Player.Forwarding | Player.Rewinding | Player.ShowInfo | Window.IsActive(videoosd) | Window.IsActive(DialogFullScreenInfo.xml) | Window.IsVisible(DialogPlayerProcessInfo.xml) | [!Skin.HasSetting(DisableMusicVideoAutoInfo) + [Integer.IsEqual(Player.Time(hh),0) + Integer.IsEqual(Player.Time(mm),0) + Integer.IsGreater(Player.Time(ss),5) + Integer.IsLess(Player.Time(ss),15)] | [Integer.IsEqual(Player.TimeRemaining(hh),0) + Integer.IsEqual(Player.TimeRemaining(mm),0) + Integer.IsGreater(Player.TimeRemaining(ss),5) + Integer.IsLess(Player.TimeRemaining(ss),15)]]]]</visible>
                    <animation effect="fade" start="0" end="100" time="150">VisibleChange</animation>
                    <include>Animation_FadeIn</include>
                    <include>Aniamtion_FadeOut</include>
                    <control type="group">
                        <bottom>58</bottom>
                        <left>64</left>
                        <width>206</width>
                        <height>206</height>
                        <control type="group">
                            <left>-6</left>
                            <right>-6</right>
                            <top>-6</top>
                            <bottom>-6</bottom>
                            <control type="image">
                                <include>Defs_Shadow_Opaque</include>
                                <texture>$INFO[$PARAM[artwork]]</texture>
                            </control>
                        </control>

                    </control>
                    <control type="grouplist">
                        <bottom>48</bottom>
                        <left>308</left>
                        <right>64</right>
                        <height>234</height>
                        <orientation>vertical</orientation>
                        <usecontrolcoords>true</usecontrolcoords>
                        <itemgap>0</itemgap>
                        <control type="label">
                            <label>$INFO[Player.Title]</label>
                            <height>90</height>
                            <aligny>top</aligny>
                            <textcolor>main_fg_100</textcolor>
                            <font>font_showcase_title</font>
                        </control>
                        <control type="label">
                            <label>$INFO[$PARAM[player].Artist,[COLOR=main_fg_100],[/COLOR]]$INFO[$PARAM[player].Album,  |  [COLOR=main_fg_100],[/COLOR]]$INFO[$PARAM[player].Year,  |  [COLOR=main_fg_100],[/COLOR]]</label>
                            <height>40</height>
                            <aligny>top</aligny>
                            <textcolor>$VAR[ColorHighlight]</textcolor>
                            <font>font_small</font>
                        </control>
                        <control type="grouplist">
                            <top>-10</top>
                            <height>70</height>
                            <orientation>horizontal</orientation>
                            <usecontrolcoords>true</usecontrolcoords>
                            <control type="group">
                                <top>-17</top>
                                <left>-16</left>
                                <width>260</width>
                                <visible>!Window.IsVisible(MusicVisualisation.xml) | !Integer.IsEqual($PARAM[rating],0)</visible>
                                <include content="Object_StarRating">
                                    <param name="align" value="left" />
                                    <param name="visible" value="true" />
                                    <param name="rating_prop" value="$PARAM[rating]" />
                                </include>
                            </control>
                            <control type="group">
                                <top>-17</top>
                                <left>-16</left>
                                <width>260</width>
                                <visible>Window.IsVisible(MusicVisualisation.xml) + Integer.IsEqual($PARAM[rating],0)</visible>
                                <include content="Object_StarRating_Music">
                                    <param name="align" value="left" />
                                    <param name="visible" value="true" />
                                    <param name="rating" value="MusicPlayer.Rating" />
                                </include>
                            </control>
                            <control type="grouplist">
                                <top>24</top>
                                <itemgap>0</itemgap>
                                <orientation>horizontal</orientation>
                                <height>40</height>
                                <usecontrolcoords>true</usecontrolcoords>
                                <width>100%</width>
                                <visible>Window.IsVisible(MusicVisualisation.xml)</visible>
                                <control type="image" id="9968">
                                    <width>84</width>
                                    <top>-6</top>
                                    <height>50</height>
                                    <centertop>50%</centertop>
                                    <texture>$INFO[MusicPlayer.Codec,flags/color/audio/,.png]</texture>
                                    <aspectratio align="left">keep</aspectratio>
                                    <visible allowhiddenfocus="true">!String.IsEmpty(Control.GetLabel(9968))</visible>
                                </control>
                                <control type="label">
                                    <left>16</left>
                                    <aligny>top</aligny>
                                    <width>auto</width>
                                    <textcolor>main_fg_70</textcolor>
                                    <font>font_tiny</font>
                                    <label>$INFO[MusicPlayer.BitRate,, [COLOR=main_fg_30]kbps [/COLOR]]$INFO[MusicPlayer.BitsPerSample,[COLOR=main_fg_30]  |  [/COLOR], [COLOR=main_fg_30]bps [/COLOR]]$INFO[MusicPlayer.SampleRate,[COLOR=main_fg_30]  |  [/COLOR], [COLOR=main_fg_30]khz[/COLOR]]</label>
                                </control>
                            </control>
                            <control type="group">
                                <top>6</top>
                                <left>8</left>
                                <height>70</height>
                                <width>700</width>
                                <visible>Window.IsVisible(VideoFullScreen.xml)</visible>
                                <include content="Object_Flags">
                                    <param name="align" value="left" />
                                    <param name="source" value="VideoPlayer." />
                                    <param name="directory" value="color" />
                                </include>
                            </control>
                        </control>
                        <control type="grouplist">
                            <height>40</height>
                            <usecontrolcoords>true</usecontrolcoords>
                            <orientation>horizontal</orientation>
                            <control type="label">
                                <label>$INFO[Player.Time]</label>
                                <height>40</height>
                                <width>90</width>
                                <aligny>top</aligny>
                                <textcolor>main_fg_100</textcolor>
                                <font>font_small</font>
                            </control>
                            <control type="progress">
                                <top>10</top>
                                <height>24</height>
                                <width>564</width>
                                <info>Player.Progress</info>
                            </control>
                            <control type="label">
                                <label>$INFO[Player.Duration]</label>
                                <height>40</height>
                                <width>90</width>
                                <aligny>top</aligny>
                                <align>right</align>
                                <textcolor>main_fg_100</textcolor>
                                <font>font_small</font>
                            </control>
                        </control>
                    </control>
                </control>
            </control>
        </definition>
    </include>

    <include name="OSD_Music_Info_Big">
        <control type="group">
            <visible>Player.ShowInfo</visible>
            <animation effect="fade" start="0" end="100" time="150">VisibleChange</animation>
            <!-- Overlay -->
            <control type="image">
                <right>0</right>
                <top>0</top>
                <width>1920</width>
                <height>600</height>
                <texture>common/vignette-corner.png</texture>
            </control>
            <control type="image">
                <bottom>0</bottom>
                <top>0</top>
                <texture>common/dim-gradient.png</texture>
            </control>

            <control type="group">
                <height>topbar_height</height>
                <include>Topbar_TextDetails_DateTime</include>
            </control>

            <control type="group">
                <control type="group">
                    <visible>Player.ShowInfo</visible>
                    <include>Animation_Left</include>
                    <width>720</width>
                    <height>720</height>
                    <left>sidepad</left>
                    <bottom>sidepad</bottom>
                    <control type="image">
                        <centerbottom>0</centerbottom>
                        <width>100%</width>
                        <height>48</height>
                        <aspectratio>stretch</aspectratio>
                        <texture border="24,12,24,12">diffuse/shadowspot.png</texture>
                    </control>
                    <control type="image">
                        <include>Defs_Shadow</include>
                        <texture>$INFO[MusicPlayer.Cover]</texture>
                    </control>
                </control>
                <control type="group" description="info">
                    <visible>Player.ShowInfo</visible>
                    <include>Animation_Right</include>
                    <left>800</left>
                    <right>30</right>
                    <top>100</top>
                    <bottom>sidepad</bottom>
                    <control type="grouplist">
                        <top>400</top>
                        <left>40</left>
                        <bottom>10</bottom>
                        <right>0</right>
                        <align>bottom</align>
                        <control type="label">
                            <aligny>top</aligny>
                            <height>110</height>
                            <width>100%</width>
                            <textcolor>main_fg_100</textcolor>
                            <font>font_musicvis_title</font>
                            <scroll>true</scroll>
                            <label>$INFO[Player.Title]</label>
                        </control>
                        <control type="grouplist">
                            <itemgap>0</itemgap>
                            <orientation>horizontal</orientation>
                            <height>70</height>
                            <width>1050</width>
                            <control type="label">
                                <aligny>top</aligny>
                                <width>80</width>
                                <label>31281</label>
                                <textcolor>main_fg_70</textcolor>
                                <font>font_musicvis_album</font>
                                <animation effect="fade" start="100" end="50" condition="true">Conditional</animation>
                            </control>
                            <control type="label">
                                <aligny>top</aligny>
                                <width>970</width>
                                <textcolor>main_fg_70</textcolor>
                                <font>font_musicvis_album</font>
                                <scroll>true</scroll>
                                <label>$INFO[MusicPlayer.Artist]</label>
                            </control>
                        </control>
                        <control type="grouplist">
                            <itemgap>0</itemgap>
                            <orientation>horizontal</orientation>
                            <height>80</height>
                            <width>1050</width>
                            <control type="label">
                                <aligny>top</aligny>
                                <width>80</width>
                                <label>31282</label>
                                <textcolor>main_fg_70</textcolor>
                                <font>font_musicvis_album</font>
                                <animation effect="fade" start="100" end="50" condition="true">Conditional</animation>
                            </control>
                            <control type="label">
                                <aligny>top</aligny>
                                <width>970</width>
                                <textcolor>main_fg_70</textcolor>
                                <font>font_musicvis_album</font>
                                <scroll>true</scroll>
                                <label>$INFO[MusicPlayer.Album]</label>
                            </control>
                        </control>
                        <control type="grouplist">
                            <itemgap>0</itemgap>
                            <orientation>horizontal</orientation>
                            <height>40</height>
                            <usecontrolcoords>true</usecontrolcoords>
                            <width>100%</width>
                            <control type="label">
                                <aligny>top</aligny>
                                <width>auto</width>
                                <textcolor>main_fg_70</textcolor>
                                <font>font_tiny</font>
                                <label>$INFO[MusicPlayer.BitRate,, [COLOR=main_fg_30]kbps   |   [/COLOR]]$INFO[MusicPlayer.BitsPerSample,, [COLOR=main_fg_30]bps   |   [/COLOR]]$INFO[MusicPlayer.SampleRate,, [COLOR=main_fg_30]khz   |  [/COLOR]]</label>
                            </control>
                            <control type="image" id="9968">
                                <width>84</width>
                                <top>-5</top>
                                <height>50</height>
                                <centertop>50%</centertop>
                                <texture colordiffuse="main_fg_70">$INFO[MusicPlayer.Codec,flags/monochrome/audio/,.png]</texture>
                                <aspectratio align="left">keep</aspectratio>
                                <visible allowhiddenfocus="true">!String.IsEmpty(Control.GetLabel(9968))</visible>
                            </control>
                            <control type="label">
                                <aligny>top</aligny>
                                <width>auto</width>
                                <textcolor>main_fg_70</textcolor>
                                <font>font_tiny</font>
                                <label>$INFO[MusicPlayer.Codec, ,]</label>
                                <visible>String.IsEmpty(Control.GetLabel(9968))</visible>
                            </control>
                        </control>
                        <control type="grouplist">
                            <itemgap>0</itemgap>
                            <orientation>horizontal</orientation>
                            <height>40</height>
                            <width>100%</width>
                            <visible>!String.IsEmpty(MusicPlayer.offset(1).Title)</visible>
                            <control type="label">
                                <aligny>top</aligny>
                                <width>84</width>
                                <label>$LOCALIZE[209]...</label>
                                <textcolor>main_fg_70</textcolor>
                                <font>font_plotbox</font>
                                <animation effect="fade" start="100" end="50" condition="true">Conditional</animation>
                            </control>
                            <control type="label">
                                <aligny>top</aligny>
                                <width>auto</width>
                                <textcolor>main_fg_70</textcolor>
                                <font>font_plotbox</font>
                                <animation effect="fade" start="100" end="75" condition="true">Conditional</animation>
                                <label>$INFO[MusicPlayer.offset(1).Artist,,  -  ]$INFO[MusicPlayer.offset(1).Title]</label>
                            </control>
                        </control>
                    </control>
                </control>
            </control>
        </control>
    </include>

    <include name="OSD_Video_Seekbar">
        <control type="group">
            <visible>[!VideoPlayer.Content(musicvideos) | Skin.HasSetting(BigMusicVis)]</visible>
            <visible>!String.IsEmpty(Window(Home).Property(OSDInfo)) | Player.Caching | Player.Seeking | Player.DisplayAfterSeek | Player.Paused | Player.Forwarding | Player.Rewinding | Player.ShowInfo | Window.IsActive(musicosd) | Window.IsActive(videoosd) | Window.IsActive(DialogFullScreenInfo.xml) | Window.IsVisible(DialogPlayerProcessInfo.xml)</visible>
            <animation effect="fade" start="0" end="100" time="150">VisibleChange</animation>
            <animation effect="fade" start="0" end="100" time="150" condition="![Player.Seeking | Player.DisplayAfterSeek | Player.Paused | Player.Forwarding | Player.Rewinding | Player.ShowInfo | Window.IsActive(musicosd) | Window.IsActive(videoosd) | Window.IsActive(DialogFullScreenInfo.xml)]">WindowOpen</animation>
            <control type="group">
                <visible>!String.IsEmpty(Window(Home).Property(OSDInfo)) | Player.ShowInfo | Window.IsActive(DialogFullScreenInfo.xml) | [Player.Paused + Skin.HasSetting(ShowInfoPaused)]</visible>
                <visible>!Window.IsVisible(DialogPlayerProcessInfo.xml)</visible>
                <visible>!Skin.HasSetting(DisableOSDInfo)</visible>
                <include>Animation_FadeIn</include>
                <include>Animation_FadeOut</include>
                <!-- Overlay -->
                <control type="image">
                    <right>0</right>
                    <top>0</top>
                    <width>1920</width>
                    <height>600</height>
                    <texture>common/vignette-corner.png</texture>
                </control>
                <control type="image">
                    <bottom>0</bottom>
                    <top>0</top>
                    <texture>common/dim-gradient.png</texture>
                </control>

                <control type="group">
                    <height>topbar_height</height>
                    <include>Topbar_TextDetails_DateTime</include>
                </control>

                <control type="group">
                    <control type="group">
                        <width>480</width>
						<top>200</top>
                        <height>720</height>
                        <left>sidepad</left>
                        <bottom>sidepad</bottom>
                        <control type="image">
                            <centerbottom>0</centerbottom>
                            <width>100%</width>
                            <height>48</height>
                            <aspectratio>stretch</aspectratio>
                            <texture border="24,12,24,12">diffuse/shadowspot.png</texture>
                            <visible>!String.IsEmpty(Player.Art(tvshow.poster)) | !String.IsEmpty(VideoPlayer.Cover)</visible>
                        </control>
                        <control type="image">
                            <include>Defs_Shadow_Opaque</include>
                            <aspectratio aligny="bottom">keep</aspectratio>
                            <texture>$INFO[VideoPlayer.Cover]</texture>
                            <visible>String.IsEmpty(Player.Art(tvshow.poster))</visible>
                        </control>
                        <control type="image">
                            <include>Defs_Shadow_Opaque</include>
                            <texture>$INFO[Player.Art(tvshow.poster)]</texture>
                            <visible>!String.IsEmpty(Player.Art(tvshow.poster))</visible>
                        </control>
                    </control>
                    <control type="group" description="info">
                        <left>560</left>
                        <right>sidepad</right>
                        <top>597</top>
						

                        <control type="grouplist">

                            <left>40</left>
                            <usecontrolcoords>true</usecontrolcoords>
                            <bottom>0</bottom>
                            <right>0</right>

                            <control type="grouplist">
                                <top>25</top>
                                <itemgap>0</itemgap>
                                <orientation>horizontal</orientation>
                                <height>120</height>
                                <usecontrolcoords>true</usecontrolcoords>
                                <control type="label">
                                    <aligny>top</aligny>
                                    <height>120</height>
                                    <width max="1137">auto</width>
                                    <scroll>true</scroll>
                                    <font>font_musicvis_title</font>
                                    <textcolor>main_fg_100</textcolor>
                                    <label>$INFO[Player.Title]</label>
                                    <visible>!VideoPlayer.Content(episodes)</visible>
                                </control>
                                <control type="label">
                                    <top>36</top>
                                    <aligny>center</aligny>
                                    <height>80</height>
                                    <width>auto</width>
                                    <font>font_small_light</font>
                                    <textcolor>main_fg_70</textcolor>
                                    <label>$INFO[VideoPlayer.Year,   (,)]</label>
                                    <visible>VideoPlayer.Content(movies)</visible>
                                </control>
                                <control type="label">
                                    <aligny>top</aligny>
                                    <height>120</height>
                                    <width max="1130">auto</width>
                                    <font>font_musicvis_title</font>
                                    <textcolor>main_fg_70</textcolor>
                                    <label>$INFO[VideoPlayer.TvShowTitle]</label>
                                    <visible>VideoPlayer.Content(episodes)</visible>
                                </control>
                            </control>
                            <control type="grouplist">
                                <top>-25</top>
                                <itemgap>0</itemgap>
                                <orientation>horizontal</orientation>
                                <height>70</height>
                                <width>100%</width>
                                <visible>[String.IsEmpty(VideoPlayer.VideoCodec) + String.IsEmpty(VideoPlayer.VideoAspect) + String.IsEmpty(VideoPlayer.AudioCodec) + String.IsEmpty(VideoPlayer.AudioChannels)] | !Skin.HasSetting(ShowOSDVideoCodec)</visible>
                                <control type="label">
                                    <aligny>top</aligny>
                                    <width>180</width>
                                    <label>31281</label>
                                    <font>font_musicvis_album</font>
                                    <textcolor>main_fg_70</textcolor>
                                    <animation effect="fade" start="100" end="50" condition="true">Conditional</animation>
                                    <visible>!VideoPlayer.Content(episodes)</visible>
                                    <visible>!VideoPlayer.Content(livetv)</visible>
                                    <visible>!String.IsEmpty(VideoPlayer.Director)</visible>
                                </control>
                                <control type="label">
                                    <aligny>top</aligny>
                                    <width>auto</width>
                                    <font>font_musicvis_album</font>
                                    <label>$INFO[VideoPlayer.Director]</label>
                                    <textcolor>main_fg_70</textcolor>
                                    <visible>!VideoPlayer.Content(episodes)</visible>
                                    <visible>!VideoPlayer.Content(livetv)</visible>
                                    <visible>!VideoPlayer.Content(musicvideos)</visible>
                                    <visible>!String.IsEmpty(VideoPlayer.Director)</visible>
                                </control>
                                <control type="label">
                                    <aligny>top</aligny>
                                    <width>auto</width>
                                    <font>font_musicvis_album</font>
                                    <label>$INFO[VideoPlayer.Artist]</label>
                                    <textcolor>main_fg_70</textcolor>
                                    <visible>VideoPlayer.Content(musicvideos)</visible>
                                    <visible>!String.IsEmpty(VideoPlayer.Artist)</visible>
                                </control>
                                <control type="label">
                                    <aligny>top</aligny>
                                    <width>auto</width>
                                    <font>font_musicvis_album</font>
                                    <label>$INFO[VideoPlayer.ChannelNumber,,. ]$INFO[VideoPlayer.ChannelName]</label>
                                    <textcolor>main_fg_70</textcolor>
                                    <visible>VideoPlayer.Content(livetv)</visible>
                                </control>
                                <control type="label">
                                    <aligny>top</aligny>
                                    <width>auto</width>
                                    <textcolor>main_fg_70</textcolor>
                                    <label>$INFO[VideoPlayer.Season,,x]$INFO[VideoPlayer.Episode,,. ]</label>
                                    <font>font_musicvis_album</font>
                                    <animation effect="fade" start="100" end="50" condition="true">Conditional</animation>
                                    <visible>VideoPlayer.Content(episodes)</visible>
                                </control>
                                <control type="label">
                                    <aligny>top</aligny>
                                    <width>auto</width>
                                    <textcolor>main_fg_70</textcolor>
                                    <font>font_musicvis_album</font>
                                    <label>$INFO[VideoPlayer.Title]</label>
                                    <visible>VideoPlayer.Content(episodes)</visible>
                                </control>
                                <control type="label">
                                    <aligny>center</aligny>
                                    <height>80</height>
                                    <width>auto</width>
                                    <textcolor>main_fg_70</textcolor>
                                    <font>font_small_light</font>
                                    <label>$INFO[VideoPlayer.Premiered,  (,)]</label>
                                    <visible>VideoPlayer.Content(episodes)</visible>
                                </control>
                            </control>
                            <control type="grouplist">
                                <top>-25</top>
                                <itemgap>0</itemgap>
                                <orientation>horizontal</orientation>
                                <height>70</height>
                                <width>720</width>
                                <visible>!String.IsEmpty(VideoPlayer.VideoCodec) | !String.IsEmpty(VideoPlayer.VideoAspect) | !String.IsEmpty(VideoPlayer.AudioCodec) | !String.IsEmpty(VideoPlayer.AudioChannels)</visible>
                                <visible>Skin.HasSetting(ShowOSDVideoCodec)</visible>
                                <control type="label">
                                    <aligny>top</aligny>
                                    <width>80</width>
                                    <label>31281</label>
                                    <font>font_musicvis_album</font>
                                    <textcolor>main_fg_70</textcolor>
                                    <animation effect="fade" start="100" end="50" condition="true">Conditional</animation>
                                    <visible>!VideoPlayer.Content(episodes)</visible>
                                    <visible>!VideoPlayer.Content(livetv)</visible>
                                    <visible>!String.IsEmpty(VideoPlayer.Director)</visible>
                                </control>
                                <control type="label">
                                    <aligny>top</aligny>
                                    <width>640</width>
                                    <font>font_musicvis_album</font>
                                    <label>$INFO[VideoPlayer.Director]</label>
                                    <textcolor>main_fg_70</textcolor>
                                    <visible>!VideoPlayer.Content(episodes)</visible>
                                    <visible>!VideoPlayer.Content(livetv)</visible>
                                    <visible>!VideoPlayer.Content(musicvideos)</visible>
                                    <visible>!String.IsEmpty(VideoPlayer.Director)</visible>
                                </control>
                                <control type="label">
                                    <aligny>top</aligny>
                                    <width>640</width>
                                    <font>font_musicvis_album</font>
                                    <label>$INFO[VideoPlayer.Artist]</label>
                                    <textcolor>main_fg_70</textcolor>
                                    <visible>VideoPlayer.Content(musicvideos)</visible>
                                    <visible>!String.IsEmpty(VideoPlayer.Artist)</visible>
                                </control>
                                <control type="label">
                                    <aligny>top</aligny>
                                    <width>640</width>
                                    <font>font_musicvis_album</font>
                                    <scroll>true</scroll>
                                    <textcolor>main_fg_70</textcolor>
                                    <label>$INFO[VideoPlayer.ChannelNumber,,. ]$INFO[VideoPlayer.ChannelName]</label>
                                    <visible>VideoPlayer.Content(livetv)</visible>
                                </control>
                                <control type="label">
                                    <aligny>top</aligny>
                                    <width>auto</width>
                                    <label>$INFO[VideoPlayer.Season,,x]$INFO[VideoPlayer.Episode,,. ]</label>
                                    <font>font_musicvis_album</font>
                                    <textcolor>main_fg_70</textcolor>
                                    <animation effect="fade" start="100" end="50" condition="true">Conditional</animation>
                                    <visible>VideoPlayer.Content(episodes)</visible>
                                </control>
                                <control type="label">
                                    <aligny>top</aligny>
                                    <width>auto</width>
                                    <font>font_musicvis_album</font>
                                    <textcolor>main_fg_70</textcolor>
                                    <label>$INFO[VideoPlayer.Title]</label>
                                    <visible>VideoPlayer.Content(episodes)</visible>
                                </control>
                                <control type="label">
                                    <aligny>center</aligny>
                                    <height>80</height>
                                    <width>auto</width>
                                    <font>font_small_light</font>
                                    <textcolor>main_fg_70</textcolor>
                                    <label>$INFO[VideoPlayer.Premiered,  (,)]</label>
                                    <visible>VideoPlayer.Content(episodes)</visible>
                                </control>
                            </control>
                            <control type="group">
                                <top>-75</top>
                                <height>95</height>
                                <right>-30</right>
                                <left>30</left>
                                <visible>Skin.HasSetting(ShowOSDVideoCodec)</visible>
                                <include content="Object_Flags">
                                    <param name="source" value="VideoPlayer." />
                                    <param name="directory" value="color" />
                                </include>
                            </control>
                            <control type="textbox">
                                <aligny>top</aligny>
                                <height max="128">auto</height>
                                <width>100%</width>
                                <font>font_plotbox</font>
                                <textcolor>main_fg_70</textcolor>
                                <label>$INFO[VideoPlayer.Plot]</label>
                                <visible>!String.IsEmpty(VideoPlayer.Plot)</visible>
                            </control>
                        </control>
                    </control>
                </control>
            </control>

            <include>Statusbar_Info_Clock</include>
        </control>
    </include>


    <include name="OSD_Controls">

        <control type="togglebutton" id="11">
            <centertop>50%</centertop>
            <description>Skip Back</description>
            <width>48</width>
            <height>48</height>
            <label/>
            <font/>
            <texturefocus colordiffuse="$VAR[ColorHighlight]">osd/record.png</texturefocus>
            <texturenofocus colordiffuse="main_fg_70">osd/record.png</texturenofocus>
            <usealttexture>Player.Recording</usealttexture>
            <alttexturefocus colordiffuse="$VAR[ColorHighlight]">osd/record-on.png</alttexturefocus>
            <alttexturenofocus colordiffuse="main_fg_70">osd/record-on.png</alttexturenofocus>
            <onclick>PlayerControl(Record)</onclick>
            <enable>Player.CanRecord</enable>
            <visible>VideoPlayer.Content(LiveTV)</visible>
            <animation effect="fade" start="100" end="33" time="100" condition="!Player.CanRecord">Conditional</animation>
            <onfocus condition="!String.IsEmpty(Window(Home).Property(OSDExtendedInfo)) + Player.Paused">Play</onfocus>
            <onfocus condition="!String.IsEmpty(Window(Home).Property(OSDExtendedInfo))">ClearProperty(OSDExtendedInfo,Home)</onfocus>
        </control>

        <control type="button" id="12">
            <centertop>50%</centertop>
            <description>Skip Back</description>
            <width>48</width>
            <height>48</height>
            <label/>
            <font/>
            <texturefocus colordiffuse="$VAR[ColorHighlight]" flipx="true">osd/next.png</texturefocus>
            <texturenofocus colordiffuse="main_fg_70" flipx="true">osd/next.png</texturenofocus>
            <onclick>PlayerControl(Previous)</onclick>
            <onfocus condition="!String.IsEmpty(Window(Home).Property(OSDExtendedInfo)) + Player.Paused">Play</onfocus>
            <onfocus condition="!String.IsEmpty(Window(Home).Property(OSDExtendedInfo))">ClearProperty(OSDExtendedInfo,Home)</onfocus>
        </control>

        <control type="button" id="13">
            <centertop>50%</centertop>
            <description>Rewind</description>
            <width>48</width>
            <height>48</height>
            <label/>
            <font/>
            <texturefocus colordiffuse="$VAR[ColorHighlight]" flipx="true">osd/ff.png</texturefocus>
            <texturenofocus colordiffuse="main_fg_70" flipx="true">osd/ff.png</texturenofocus>
            <onclick>PlayerControl(Rewind)</onclick>
            <onfocus condition="!String.IsEmpty(Window(Home).Property(OSDExtendedInfo)) + Player.Paused">Play</onfocus>
            <onfocus condition="!String.IsEmpty(Window(Home).Property(OSDExtendedInfo))">ClearProperty(OSDExtendedInfo,Home)</onfocus>
        </control>

        <control type="togglebutton" id="14">
            <centertop>50%</centertop>
            <description>Play/Pause</description>
            <width>48</width>
            <height>48</height>
            <label/>
            <altlabel></altlabel>
            <font/>
            <texturefocus colordiffuse="$VAR[ColorHighlight]">osd/pause.png</texturefocus>
            <texturenofocus colordiffuse="main_fg_70">osd/pause.png</texturenofocus>
            <usealttexture>Player.Paused | Player.Forwarding | Player.Rewinding</usealttexture>
            <alttexturefocus colordiffuse="$VAR[ColorHighlight]">osd/play.png</alttexturefocus>
            <alttexturenofocus colordiffuse="main_fg_70">osd/play.png</alttexturenofocus>
            <onclick>PlayerControl(Play)</onclick>
            <visible>Player.PauseEnabled</visible>
            <animation effect="fade" start="100" end="33" time="100" condition="!Player.PauseEnabled">Conditional</animation>
            <onfocus condition="!String.IsEmpty(Window(Home).Property(OSDExtendedInfo)) + Player.Paused">Play</onfocus>
            <onfocus condition="!String.IsEmpty(Window(Home).Property(OSDExtendedInfo))">ClearProperty(OSDExtendedInfo,Home)</onfocus>
        </control>

        <control type="button" id="15">
            <centertop>50%</centertop>
            <description>Stop</description>
            <width>48</width>
            <height>48</height>
            <label/>
            <font/>
            <texturefocus colordiffuse="$VAR[ColorHighlight]">osd/stop.png</texturefocus>
            <texturenofocus colordiffuse="main_fg_70">osd/stop.png</texturenofocus>
            <onclick>PlayerControl(Stop)</onclick>
            <onfocus condition="!String.IsEmpty(Window(Home).Property(OSDExtendedInfo)) + Player.Paused">Play</onfocus>
            <onfocus condition="!String.IsEmpty(Window(Home).Property(OSDExtendedInfo))">ClearProperty(OSDExtendedInfo,Home)</onfocus>
        </control>

        <control type="button" id="16">
            <centertop>50%</centertop>
            <description>Fast Forward</description>
            <width>48</width>
            <height>48</height>
            <label/>
            <font/>
            <texturefocus colordiffuse="$VAR[ColorHighlight]">osd/ff.png</texturefocus>
            <texturenofocus colordiffuse="main_fg_70">osd/ff.png</texturenofocus>
            <onclick>PlayerControl(Forward)</onclick>
            <onfocus condition="!String.IsEmpty(Window(Home).Property(OSDExtendedInfo)) + Player.Paused">Play</onfocus>
            <onfocus condition="!String.IsEmpty(Window(Home).Property(OSDExtendedInfo))">ClearProperty(OSDExtendedInfo,Home)</onfocus>
        </control>

        <control type="button" id="17">
            <centertop>50%</centertop>
            <description>Next</description>
            <width>48</width>
            <height>48</height>
            <label/>
            <font/>
            <texturefocus colordiffuse="$VAR[ColorHighlight]">osd/next.png</texturefocus>
            <texturenofocus colordiffuse="main_fg_70">osd/next.png</texturenofocus>
            <onclick>PlayerControl(Next)</onclick>
            <onfocus condition="!String.IsEmpty(Window(Home).Property(OSDExtendedInfo)) + Player.Paused">Play</onfocus>
            <onfocus condition="!String.IsEmpty(Window(Home).Property(OSDExtendedInfo))">ClearProperty(OSDExtendedInfo,Home)</onfocus>
        </control>
    </include>

    <include name="OSD_Controls_Video_Right">
        <control type="button" id="4">
            <description>Extra Info</description>
            <label>$LOCALIZE[31086]</label>
            <onclick condition="!Player.Paused + !Skin.HasSetting(DontPauseOSD)">SetProperty(OSDExtendedInfo,1,Home)</onclick>
            <onclick condition="!Player.Paused + !Skin.HasSetting(DontPauseOSD)">Pause</onclick>
            <onclick condition="VideoPlayer.Content(movies)">RunScript(script.extendedinfo,info=extendedinfo,name=$INFO[VideoPlayer.Title],imdb_id=$INFO[VideoPlayer.IMDBNumber])</onclick>
            <onclick condition="VideoPlayer.Content(episodes)">RunScript(script.extendedinfo,info=extendedtvinfo,name=$INFO[VideoPlayer.TvShowTitle])</onclick>
            <include>OSD_TextButton</include>
            <enable>VideoPlayer.Content(movies) | VideoPlayer.Content(episodes)</enable>
            <visible>!String.Contains(Player.Art(thumb),ytimg)</visible>
        </control>
        <control type="button" id="44">
            <description>Extra Info</description>
            <label>$LOCALIZE[31115]</label>
            <include>OSD_TextButton</include>
            <visible>String.Contains(Player.Art(thumb),ytimg)</visible>
            <onclick>SetFocus(9605)</onclick>
        </control>
        <control type="button" id="5">
            <description>3d Mode</description>
            <label>14232</label>
            <onclick>StereoMode</onclick>
            <enable>VideoPlayer.IsStereoscopic</enable>
            <include>OSD_TextButton</include>
        </control>
        <control type="button" id="6">
            <description>Shutdown Timer</description>
            <label>Sleep Timer</label>
            <onclick>AlarmClock(shutdowntimer,XBMC.Shutdown())</onclick>
            <include>OSD_TextButton</include>
        </control>
    </include>

    <include name="OSD_Controls_LiveTV_Right">
        <control type="button" id="4">
            <description>CHANNELS</description>
            <label>19019</label>
            <include>OSD_TextButton</include>
            <onclick>ActivateWindow(pvrosdchannels)</onclick>
        </control>
        <control type="button" id="5">
            <description>EPG</description>
            <label>$LOCALIZE[19030] / $LOCALIZE[19031]</label>
            <onclick>ActivateWindow(pvrosdguide)</onclick>
            <include>OSD_TextButton</include>
        </control>

        <control type="button" id="6">
            <description>TIMELINE</description>
            <include>OSD_TextButton</include>
            <label>19032</label>
            <onclick>Close</onclick>
            <onclick>ActivateWindow(tvguide,,return)</onclick>
        </control>
    </include>

    <include name="OSD_Controls_Video_Left">
        <control type="button" id="1">
            <description>CodecInfo</description>
            <label>$LOCALIZE[31085]</label>
            <onclick>Action(CodecInfo)</onclick>
            <include>OSD_TextButton</include>
        </control>
        <control type="button" id="2">
            <description>Audio Settings</description>
            <label>292</label>
            <onclick>ActivateWindow(osdaudiosettings)</onclick>
            <include>OSD_TextButton</include>
        </control>
        <control type="button" id="3">
            <label>291</label>
            <onclick>ActivateWindow(osdvideosettings)</onclick>
            <include>OSD_TextButton</include>
        </control>
    </include>

    <include name="OSD_Controls_Music_Left">
        <control type="button" id="1">
            <description>Repeat</description>
            <label>$LOCALIZE[486]: $INFO[Playlist.Repeat]</label>
            <onclick>XBMC.PlayerControl(Repeat)</onclick>
            <include>OSD_TextButton</include>
        </control>
        <control type="button" id="2">
            <label>$LOCALIZE[590]: $INFO[Playlist.Random]</label>
            <onclick>XBMC.PlayerControl(Random)</onclick>
            <include>OSD_TextButton</include>
        </control>
        <control type="button" id="3">
            <description>Playlist</description>
            <label>$LOCALIZE[559]</label>
            <onclick>Close</onclick>
            <onclick>ActivateWindow(musicplaylist)</onclick>
            <include>OSD_TextButton</include>
        </control>
    </include>

    <include name="OSD_Controls_Music_Right">
        <control type="button" id="4">
            <description>Rate Song</description>
            <label>$LOCALIZE[31311]</label>
            <onclick>setrating</onclick>
            <include>OSD_TextButton</include>
        </control>
        <control type="button" id="500">
            <description>Vis</description>
            <label>250</label>
            <include>OSD_TextButton</include>
        </control>
        <control type="button" id="6">
            <description>Lyrics</description>
             <label>24013</label>
            <onclick>Close</onclick>
            <onclick>RunScript(script.cu.lrclyrics)</onclick>
            <enable>System.HasAddon(script.cu.lrclyrics)</enable>
            <include>OSD_TextButton</include>
        </control>
        <!-- <control type="button" id="6">
            <description>Presets</description>
            <label>13388</label>
            <onclick>XBMC.ActivateWindow(visualisationpresetlist)</onclick>
            <include>OSD_TextButton</include>
        </control> -->
        
    </include>

    <include name="OSD_TextButton">
        <onfocus condition="!String.IsEmpty(Window(Home).Property(OSDExtendedInfo)) + Player.Paused">Play</onfocus>
        <onfocus condition="!String.IsEmpty(Window(Home).Property(OSDExtendedInfo))">ClearProperty(OSDExtendedInfo,Home)</onfocus>
        <width>230</width>
        <height>100%</height>
        <textoffsetx>10</textoffsetx>
        <textcolor>main_fg_70</textcolor>
        <disabledcolor>main_fg_12</disabledcolor>
        <texturefocus colordiffuse="$VAR[ColorHighlight]">common/gradient-diffuse.png</texturefocus>
        <font>font_osd_mainmenu</font>
    </include>
</includes>
