<?xml version="1.0" encoding="UTF-8"?>
<includes>
    
    <include name="Statusbar">
        <control type="group">
            <bottom>0</bottom>
            <left>0</left>
            <right>0</right>
            <height>48</height>
            <include>Statusbar_Texture</include>
            <include>Statusbar_PlayerProgress</include>            
            <control type="group">
                <visible>Player.HasMedia</visible>
                <include>Statusbar_NowPlaying</include>
            </control>
        </control>
    </include>
    
    <include name="Statusbar_PlayerProgress">
        <control type="progress" description="cache">
            <width>100%</width>
            <top>2</top>
            <bottom>0</bottom>
            <info>Player.ProgressCache</info>
            <texturebg colordiffuse="00ffffff">osd/progress-bg.png</texturebg>
            <lefttexture colordiffuse="main_fg_12">osd/progress-end.png</lefttexture>
            <midtexture colordiffuse="main_fg_12">osd/progress-end.png</midtexture>
            <righttexture colordiffuse="main_fg_12">osd/progress-end.png</righttexture>
            <visible>Player.Playing | Player.Paused | Player.Caching</visible>
            <visible>!Player.Seeking</visible>
            <visible>Player.HasMedia</visible>
        </control>
        <control type="progress">
            <width>100%</width>
            <top>2</top>
            <bottom>0</bottom>
            <info>Player.Progress</info>
            <texturebg colordiffuse="00ffffff">osd/progress-bg.png</texturebg>
            <lefttexture colordiffuse="main_fg_30">osd/progress-end.png</lefttexture>
            <midtexture colordiffuse="main_fg_30">osd/progress-end.png</midtexture>
            <righttexture colordiffuse="main_fg_30">osd/progress-end.png</righttexture>
            <visible>Player.HasMedia</visible>
            <visible>!Window.IsVisible(VideoFullScreen.xml) + !Window.IsVisible(MusicVisualisation.xml)</visible>
        </control>
        <control type="progress" id="401">
            <width>100%</width>
            <top>2</top>
            <bottom>0</bottom>
            <texturebg colordiffuse="00ffffff">osd/progress-bg.png</texturebg>
            <lefttexture colordiffuse="main_fg_30">osd/progress-end.png</lefttexture>
            <midtexture colordiffuse="main_fg_30">osd/progress-end.png</midtexture>
            <righttexture colordiffuse="main_fg_30">osd/progress-end.png</righttexture>
            <visible>Player.HasMedia</visible>
            <visible>Window.IsVisible(VideoFullScreen.xml) | Window.IsVisible(MusicVisualisation.xml)</visible>
        </control>
    </include>

    <include name="Statusbar_Texture">
        <control type="image">
            <top>-24</top>
            <height>24</height>
            <width>100%</width>
            <texture flipy="true">common/shadow-line-24px.png</texture>
        </control>
        <control type="image">
            <bottom>0</bottom>
            <top>0</top>
            <aspectratio>scale</aspectratio>
            <texture>common/gradient-solid.png</texture>
        </control>
        <include>Defs_Color_Overlay</include>
        <control type="image">
            <height>1</height>
            <top>0</top>
            <texture colordiffuse="darkline_separator">common/white.png</texture>
        </control>
        <control type="image">
            <top>1</top>
            <height>1</height>
            <texture colordiffuse="highlight_bottombar">common/white.png</texture>
        </control>

    </include>

    <include name="Statusbar_Info_Clock">
        <control type="group">
            <bottom>0</bottom>
            <left>0</left>
            <right>0</right>
            <height>48</height>
            <include>Statusbar_Texture</include>
            <include>Statusbar_PlayerProgress</include>
            <control type="group">
                <visible>Player.HasMedia</visible>
                <include>Statusbar_NowPlaying</include>
            </control>
            <control type="grouplist">
                <orientation>horizontal</orientation>
                <left>8</left>
                <height>48</height>
                <align>left</align>
                <itemgap>12</itemgap>
                <control type="image">
                    <width>58</width>
                    <height>48</height>
                    <aspectratio align="center">keep</aspectratio>
                    <texture colordiffuse="main_fg_70">$VAR[Image_Statusbar_Icon]</texture>
                    <include>Statusbar_Menubar_Button</include>
                </control>
                <control type="label">
                    <textoffsetx>0</textoffsetx>
                    <include>Statusbar_Menubar_Button</include>
                    <label>19033</label>
                    <visible>!Window.IsVisible(MusicVisualisation.xml) + !Window.IsVisible(VideoFullScreen.xml)</visible>
                </control>
                <control type="label">
                    <textoffsetx>0</textoffsetx>
                    <include>Statusbar_Menubar_Button</include>
                    <label>$VAR[Label_PlayerStatus]</label>
                    <visible>Window.IsVisible(MusicVisualisation.xml) | Window.IsVisible(VideoFullScreen.xml)</visible>
                </control>
            </control>
        </control>
    </include>


    <include name="Statusbar_NowPlaying">
        <control type="grouplist">
            <height>48</height>
            <align>center</align>
            <left>20</left>
            <right>20</right>
            <itemgap>12</itemgap>
            <usecontrolcoords>true</usecontrolcoords>
            <orientation>horizontal</orientation>

            <control type="label">
                <textcolor>main_fg_100</textcolor>
                <include>Statusbar_Menubar_Items</include>
                <label>$INFO[VideoPlayer.TvShowTitle,[COLOR=main_fg_70],[/COLOR][COLOR=main_fg_30]  •  [/COLOR]]$INFO[MusicPlayer.Artist,[COLOR=main_fg_70],[/COLOR][COLOR=main_fg_30]  •  [/COLOR]]$INFO[VideoPlayer.Season,,x]$INFO[VideoPlayer.Episode,,. ]$INFO[Player.Title]</label>
            </control>
            <control type="label">
                <textcolor>main_fg_30</textcolor>
                <include>Statusbar_Menubar_Items</include>
                <label>•</label>
                <visible>!String.IsEmpty(Player.FinishTime)</visible>
                <visible>Player.HasVideo</visible>
            </control>
            <control type="label">
                <textcolor>main_fg_70</textcolor>
                <include>Statusbar_Menubar_Items</include>
                <label>$INFO[Player.FinishTime,[COLOR=main_fg_70]$LOCALIZE[31106] [/COLOR],]</label>
                <visible>Player.HasVideo</visible>
            </control>
            <control type="label">
                <textcolor>main_fg_30</textcolor>
                <include>Statusbar_Menubar_Items</include>
                <label>•</label>
            </control>
            <control type="label">
                <textcolor>$VAR[ColorHighlight]</textcolor>
                <include>Statusbar_Menubar_Items</include>
                <label>$INFO[Player.Time]</label>
            </control>
            <control type="label">
                <textcolor>main_fg_100</textcolor>
                <include>Statusbar_Menubar_Items</include>
                <label>|</label>
            </control>
            <control type="label">
                <textcolor>$VAR[ColorHighlight]</textcolor>
                <include>Statusbar_Menubar_Items</include>
                <label>$INFO[Player.Duration]</label>
            </control>
        </control>
    </include>

    <include name="Statusbar_Font_Normal"><font>font_statusbar</font></include>
    <include name="Statusbar_Font_Large"><font>font_small</font></include>

    <include name="Statusbar_Menubar_Button">
        <include condition="Skin.HasSetting(LargeStatusbarFont)">Statusbar_Font_Large</include>
        <include condition="!Skin.HasSetting(LargeStatusbarFont)">Statusbar_Font_Normal</include>
        <textcolor>main_fg_100</textcolor>
        <focusedcolor>$VAR[ColorHighlight]</focusedcolor>
        <aligny>center</aligny>
        <width>auto</width>
        <height>100%</height>
        <textoffsetx>64</textoffsetx>
    </include>

    <include name="Statusbar_Menubar_Items">
        <include condition="Skin.HasSetting(LargeStatusbarFont)">Statusbar_Font_Large</include>
        <include condition="!Skin.HasSetting(LargeStatusbarFont)">Statusbar_Font_Normal</include>
        <textcolor>main_fg_100</textcolor>
        <aligny>center</aligny>
        <width>auto</width>
        <height>100%</height>
    </include>
</includes>