<?xml version="1.0" encoding="UTF-8"?>
<includes>
    <include name="View_Posters">
        <param name="listtype" default="fixedlist" />
        <definition>
            <!-- Standard Wall -->
            <control type="panel" id="51">
                <visible>!Container.Content(songs) + !Container.Content(episodes) + !Container.Content(videos)</visible>
                <include>View_NotTheseWindows</include>
                <viewtype label="$LOCALIZE[536]">icon</viewtype>
                <include content="View_Forced">
                    <param name="string" value="$LOCALIZE[536]" />
                </include>
                <include content="View_Posters_Layout">
                    <param name="id" value="51" />
                    <param name="orientation" value="vertical" />
                </include>
            </control>

            <!-- Standard Wall w/ Info -->
            <control type="panel" id="551">
                <visible>Container.Content(movies) | Container.Content(sets) | Container.Content(seasons) | Container.Content(tvshows) | Container.Content(albums) | Container.Content(artists)</visible>
                <include>View_NotTheseWindows</include>
                <left>855</left>
                <viewtype label="$LOCALIZE[31295]">icon</viewtype>
                <include content="View_Forced">
                    <param name="string" value="$LOCALIZE[31295]" />
                </include>
                <include content="View_Posters_Layout">
                    <param name="id" value="551" />
                    <param name="orientation" value="vertical" />
                </include>
            </control>
            <include content="View_Posters_FanartInfo">
                <param name="id" value="551" />
            </include>
            

            <!-- Showcase -->
            <control type="group">
                <bottom>30</bottom>
                <height>422.5</height>
                <control type="$PARAM[listtype]" id="52">
                    <focusposition>2</focusposition>
                    <movement>3</movement>
                    <viewtype label="$LOCALIZE[31161]">showcase</viewtype>
                    <onup>300</onup>
                    <ondown condition="Control.IsVisible(8000)">8000</ondown>
                    <ondown condition="Control.IsVisible(60)">60</ondown>
                    <onleft>52</onleft>
                    <onright>52</onright>
                    <include content="View_Forced">
                        <param name="string" value="$LOCALIZE[31161]" />
                    </include>
                    <visible>Container.Content(movies) | Container.Content(sets) | Container.Content(seasons) | Container.Content(tvshows) | Container.Content(albums) | Container.Content(artists) | Container.Content(musicvideos)</visible>
                    <include>View_NotTheseWindows</include>
                    <include content="View_Posters_Layout">
                        <param name="id" value="52" />
                        <param name="orientation" value="horizontal" />
                        <param name="landscape" value="false" />
                        <param name="top_offset" value="34" />
                        <param name="bottom_offset" value="-10" />
                    </include>
                </control>
            </control>
            <include content="View_Posters_Info">
                <param name="bottom" value="460" />
                <param name="id" value="52" />
                <param name="left" value="40" />
                <param name="right" value="130" />
                <param name="width" value="1654" />
                <param name="altwidth" value="1234" />
                <param name="discart" value="true" />
                <param name="hdsd_flag" value="true" />
            </include>

            <!-- Landscape -->
            <control type="panel" id="53">
                <visible>Container.Content(movies) | Container.Content(sets) | Container.Content(episodes) | Container.Content(tvshows) | Container.Content(images) | Container.Content(artists) | Container.Content(videos)</visible>
                <include>View_NotTheseWindows</include>
                <viewtype label="$LOCALIZE[31038]">icon</viewtype>
                <include content="View_Forced">
                    <param name="string" value="$LOCALIZE[31038]" />
                </include>
                <include content="View_Posters_Layout">
                    <param name="id" value="53" />
                    <param name="orientation" value="vertical" />
                    <param name="landscape" value="true" />
                </include>
            </control>

            <!-- Landscape Showcase -->
            <control type="group">
                <bottom>30</bottom>
                <height>422.5</height>
                <control type="$PARAM[listtype]" id="56">
                    <focusposition>1</focusposition>
                    <movement>1</movement>
                    <viewtype label="$LOCALIZE[31178]">icon</viewtype>
                    <onup>300</onup>
                    <ondown condition="Control.IsVisible(8000)">8000</ondown>
                    <ondown condition="Control.IsVisible(60)">60</ondown>
                    <onleft>56</onleft>
                    <onright>56</onright>
                    <include content="View_Forced">
                        <param name="string" value="$LOCALIZE[31178]" />
                    </include>
                    <visible>Container.Content(movies) | Container.Content(sets) | Container.Content(tvshows) |  Container.Content(artists) | Container.Content(episodes) | Container.Content(videos)</visible>
                    <include>View_NotTheseWindows</include>
                    <include content="View_Posters_Layout">
                        <param name="id" value="56" />
                        <param name="orientation" value="horizontal" />
                        <param name="landscape" value="true" />
                        <param name="top_offset" value="34" />
                        <param name="bottom_offset" value="-10" />
                    </include>
                </control>
            </control>
            <include content="View_Posters_Info">
                <param name="bottom" value="460" />
                <param name="id" value="56" />
                <param name="left" value="40" />
                <param name="right" value="130" />
                <param name="width" value="1654" />
                <param name="altwidth" value="1234" />
                <param name="discart" value="true" />
                <param name="hdsd_flag" value="true" />
            </include>

            <!-- Landscape Banner -->
            <control type="panel" id="553">
                <visible>Container.Content(movies) | Container.Content(sets) | Container.Content(episodes) | Container.Content(tvshows) | Container.Content(videos)</visible>
                <include>View_NotTheseWindows</include>
                <viewtype label="$LOCALIZE[31297]">icon</viewtype>
                <include content="View_Forced">
                    <param name="string" value="$LOCALIZE[31297]" />
                </include>
                <include content="View_Posters_Layout">
                    <param name="id" value="553" />
                    <param name="orientation" value="vertical" />
                    <param name="bigbanner" value="true" />
                    <param name="flipside" value="Skin.HasSetting(FlipSide.553)" />
                </include>
            </control>

            <!-- Banners -->
            <control type="panel" id="58">
                <visible>Container.Content(movies) | Container.Content(sets) | Container.Content(tvshows)</visible>
                <include>View_NotTheseWindows</include>
                <viewtype label="$LOCALIZE[20020]">icon</viewtype>
                <include content="View_Forced">
                    <param name="string" value="$LOCALIZE[20020]" />
                </include>
                <include content="View_Posters_Layout">
                    <param name="id" value="58" />
                    <param name="orientation" value="vertical" />
                    <param name="banner" value="true" />
                    <param name="top_offset" value="30" />
                    <param name="bottom_offset" value="-10" />
                    <param name="top" value="0" />
                </include>
            </control>

            <!-- Banners w/ Info -->
            <control type="fixedlist" id="558">
                <visible>Container.Content(movies) | Container.Content(sets) | Container.Content(tvshows)</visible>
                <include>View_NotTheseWindows</include>
                <left>855</left>
                <focusposition>1</focusposition>
                <movement>1</movement>
                <viewtype label="$LOCALIZE[31296]">icon</viewtype>
                <include content="View_Forced">
                    <param name="string" value="$LOCALIZE[31296]" />
                </include>
                <include content="View_Posters_Layout">
                    <param name="id" value="558" />
                    <param name="orientation" value="vertical" />
                    <param name="banner" value="true" />
                    <param name="top_offset" value="30" />
                    <param name="bottom_offset" value="-10" />
                    <param name="top" value="0" />
                </include>
            </control>
            <include content="View_Posters_FanartInfo">
                <param name="id" value="558" />
            </include>

            <!-- Lovefilm -->
            <control type="group">
                <visible>Control.IsVisible(59)</visible>
                <control type="group">
                    <include condition="Skin.HasSetting(LoveFilmSmall)">View_Posters_Lovefilm_Dimensions_Small</include>
                    <include condition="!Skin.HasSetting(LoveFilmSmall)">View_Posters_Lovefilm_Dimensions_Large</include>
                    <control type="image">
                        <include>Defs_Shadow_Opaque</include>
                        <texture colordiffuse="main_bg_100">common/white.png</texture>
                    </control>
                    <control type="wraplist" id="59">
                        <visible>Container.Content(movies) | Container.Content(sets) | Container.Content(tvshows)</visible>
                        <include>View_NotTheseWindows</include>
                        <viewtype label="$LOCALIZE[31231]">icon</viewtype>
                        <include content="View_Forced">
                            <param name="string" value="$LOCALIZE[31231]" />
                        </include>
                        <orientation>horizontal</orientation>
                        <focusposition>0</focusposition>
                        <preloaditems>2</preloaditems>
                        <right>0</right>
                        <left>0</left>
                        <top>0</top>
                        <bottom>0</bottom>
                        <onup>300</onup>
                        <ondown condition="Control.IsVisible(8000)">8000</ondown>
                        <ondown condition="!Control.IsVisible(8000)">300</ondown>
                        <pagecontrol>60</pagecontrol>
                        <scrolltime tween="cubic">400</scrolltime>
                        <itemlayout width="1754" height="926" condition="!Skin.HasSetting(LoveFilmSmall)">
                            <control type="image">
                                <aspectratio>scale</aspectratio>
                                <texture background="true">$VAR[Image_Fanart]</texture>
                            </control>
                        </itemlayout>
                        <focusedlayout width="1754" height="926" condition="!Skin.HasSetting(LoveFilmSmall)">
                            <control type="image">
                                <aspectratio>scale</aspectratio>
                                <texture background="true">$VAR[Image_Fanart]</texture>
                            </control>
                        </focusedlayout>
                        <itemlayout width="1674" height="lovefilm_height" condition="Skin.HasSetting(LoveFilmSmall)">
                            <control type="image">
                                <aspectratio>scale</aspectratio>
                                <texture background="true">$VAR[Image_Fanart]</texture>
                            </control>
                        </itemlayout>
                        <focusedlayout width="1674" height="lovefilm_height" condition="Skin.HasSetting(LoveFilmSmall)">
                            <control type="image">
                                <aspectratio>scale</aspectratio>
                                <texture background="true">$VAR[Image_Fanart]</texture>
                            </control>
                        </focusedlayout>
                    </control>
                    <control type="group">
                        <top>0</top>
                        <right>0</right>
                        <control type="image">
                            <top>0</top>
                            <right>0</right>
                            <width>56</width>
                            <height>56</height>
                            <texture colordiffuse="ff000000">$VAR[Image_Overlay_Corner]</texture>
                        </control>
                        <control type="image">
                            <top>3</top>
                            <right>3</right>
                            <width>24</width>
                            <height>24</height>
                            <texture>$VAR[Image_Overlay]</texture>
                        </control>
                        <visible>!String.IsEmpty(ListItem.Overlay)</visible>
                    </control>
                    <control type="group">
                        <height>245</height>
                        <bottom>0</bottom>
                        <control type="image">
                            <top>-300</top>
                            <texture>common/gradient-dim.png</texture>
                        </control>
                        <include content="View_Posters_Info">
                            <param name="bottom" value="30" />
                            <param name="plot_height" value="300" />
                            <param name="id" value="59" />
                            <param name="left" value="50" />
                            <param name="right" value="50" />
                            <param name="width" value="1068" />
                            <param name="discart" value="false" />
                            <param name="hdsd_flag" value="true" />
                        </include>

                    </control>
                </control>
                
            </control>
        </definition>
    </include>

    <include name="View_Posters_Lovefilm_Dimensions_Large">
        <right>80</right>
        <left>0</left>
        <top>0</top>
        <bottom>0</bottom>
    </include>

    <include name="View_Posters_Lovefilm_Dimensions_Small">
        <right>120</right>
        <left>40</left>
        <top>40</top>
        <bottom>40</bottom>
    </include>

    <include name="View_Posters_FanartInfo">
        <control type="group">
            <visible>Control.IsVisible($PARAM[id])</visible>
            <top>0</top>
            <left>0</left>
            <right>80</right>
            <bottom>0</bottom>
            <control type="group">
                <width>855</width>
                <control type="group">
                    <visible>!Skin.HasSetting(DisablePanels)</visible>
                    <control type="image">
                        <include>Defs_Shadow_Opaque</include>
                        <texture colordiffuse="AAffffff">common/gradient-solid.png</texture>
                    </control>
                    <include>Defs_Color_Overlay</include>
                    <control type="group">
                        <left>855</left>
                        <include>Object_Separator_Left</include>
                    </control>
                </control>
                <include>Object_ParentFolder</include>
                <control type="group">
                    <left>40</left>
                    <top>40</top>
                    <visible>!ListItem.IsParentFolder</visible>
                    <control type="group">
                        <visible>![[Control.IsVisible(54) + Skin.HasSetting(DisableInfoListArt.54)] | [Control.IsVisible(57) + Skin.HasSetting(DisableInfoListArt.57)] | [Control.IsVisible(551) + Skin.HasSetting(DisableInfoListArt.551)] | [Control.IsVisible(557) + Skin.HasSetting(DisableInfoListArt.557)] | [Control.IsVisible(558) + Skin.HasSetting(DisableInfoListArt.558)]]</visible>
                        <width>775</width>
                        <height>436</height>
                        <control type="image">
                            <include>Defs_Shadow_Opaque</include>
                            <texture colordiffuse="PosterBack">common/white.png</texture>
                        </control>
                        <control type="image">
                            <fadetime>100</fadetime>
                            <aspectratio>scale</aspectratio>
                            <texture background="true">$VAR[Image_Fanart]</texture>
                        </control>
                        <control type="image">
                            <bottom>20</bottom>
                            <top>170</top>
                            <left>190</left>
                            <right>190</right>
                            <aspectratio aligny="bottom">keep</aspectratio>
                            <texture background="true">$VAR[Image_Clearlogo]</texture>
                            <visible>!Skin.HasSetting(DisableFakeLandscapeArt)</visible>
                            <visible>String.IsEmpty(ListItem.Art(landscape)) + String.IsEmpty(ListItem.Art(tvshow.landscape)) + String.IsEmpty(ListItem.Art(season.landscape))</visible>
                            <visible>Container.Content(movies) | Container.Content(sets) | Container.Content(tvshows) | Container.Content(seasons)</visible>
                        </control>
                    </control>
                </control>
            </control>
            <control type="group">
                <right>-80</right>
                <top>475</top>
                <visible>![[Control.IsVisible(54) + Skin.HasSetting(DisableInfoListArt.54)] | [Control.IsVisible(57) + Skin.HasSetting(DisableInfoListArt.57)] | [Control.IsVisible(551) + Skin.HasSetting(DisableInfoListArt.551)] | [Control.IsVisible(557) + Skin.HasSetting(DisableInfoListArt.557)] | [Control.IsVisible(558) + Skin.HasSetting(DisableInfoListArt.558)]]</visible>
                <include content="View_Posters_Info" condition="Window.IsVisible(MyVideoNav.xml)">
                    <param name="bottom" value="30" />
                    <param name="plot_height" value="130" />
                    <param name="id" value="$PARAM[id]" />
                    <param name="left" value="40" />
                    <param name="right" value="1025" />
                    <param name="width" value="855" />
                    <param name="discart" value="false" />
                    <param name="rottentomatoes" value="true" />
                    <param name="usermeter" value="false" />
                    <param name="tmdb" value="false" />
                    <param name="metacritic" value="true" />
                    <param name="imdbvotes" value="false" />
                    <param name="hdsd_flag" value="true" />
                </include>
                <include content="View_Posters_Info" condition="!Window.IsVisible(MyVideoNav.xml)">
                    <param name="bottom" value="40" />
                    <param name="plot_height" value="170" />
                    <param name="id" value="$PARAM[id]" />
                    <param name="left" value="40" />
                    <param name="right" value="1025" />
                    <param name="width" value="855" />
                    <param name="discart" value="false" />
                    <param name="rottentomatoes" value="true" />
                    <param name="usermeter" value="false" />
                    <param name="tmdb" value="false" />
                    <param name="metacritic" value="true" />
                    <param name="imdbvotes" value="false" />
                    <param name="hdsd_flag" value="true" />
                </include>
            </control>
            <control type="group">
                <right>-80</right>
                <top>0</top>
                <visible>[[Control.IsVisible(54) + Skin.HasSetting(DisableInfoListArt.54)] | [Control.IsVisible(57) + Skin.HasSetting(DisableInfoListArt.57)] | [Control.IsVisible(551) + Skin.HasSetting(DisableInfoListArt.551)] | [Control.IsVisible(557) + Skin.HasSetting(DisableInfoListArt.557)] | [Control.IsVisible(558) + Skin.HasSetting(DisableInfoListArt.558)]]</visible>
                <include content="View_Posters_Info" condition="Window.IsVisible(MyVideoNav.xml)">
                    <param name="bottom" value="30" />
                    <param name="plot_height" value="1000" />
                    <param name="id" value="$PARAM[id]" />
                    <param name="left" value="50" />
                    <param name="right" value="1025" />
                    <param name="width" value="855" />
                    <param name="discart" value="false" />
                    <param name="rottentomatoes" value="true" />
                    <param name="usermeter" value="false" />
                    <param name="tmdb" value="false" />
                    <param name="metacritic" value="true" />
                    <param name="imdbvotes" value="false" />
                    <param name="hdsd_flag" value="true" />
                </include>
                <include content="View_Posters_Info" condition="!Window.IsVisible(MyVideoNav.xml)">
                    <param name="bottom" value="40" />
                    <param name="plot_height" value="1000" />
                    <param name="id" value="$PARAM[id]" />
                    <param name="left" value="50" />
                    <param name="right" value="1025" />
                    <param name="width" value="855" />
                    <param name="discart" value="false" />
                    <param name="rottentomatoes" value="true" />
                    <param name="usermeter" value="false" />
                    <param name="tmdb" value="false" />
                    <param name="metacritic" value="true" />
                    <param name="imdbvotes" value="false" />
                    <param name="hdsd_flag" value="true" />
                </include>
            </control>
        </control>
    </include>

    <include name="View_Posters_Info">
        <param name="plot_height" default="infolist3_plot_height" />
        <param name="hdsd_flag" default="false" />
        <param name="rottentomatoes" default="true" />
        <param name="imdbvotes" default="true" />
        <param name="usermeter" default="true" />
        <param name="imdb" default="true" />
        <param name="tmdb" default="true" />
        <param name="metacritic" default="true" />
        <param name="oscars" default="true" />
        <definition>
            <control type="group">
                <left>$PARAM[left]</left>
                <right>$PARAM[right]</right>
                <visible>!ListItem.IsParentFolder</visible>
                <control type="group">
                    <visible>[[[String.IsEmpty(Window(Home).Property(SkinHelper.ListItem.Art.ClearLogo)) + String.IsEmpty(ListItem.Art(tvshow.clearlogo)) + String.IsEmpty(ListItem.Art(clearlogo))] | Skin.HasSetting(DisableClearLogo)] + [[String.IsEmpty(Window(Home).Property(SkinHelper.ListItem.Art.DiscArt)) + String.IsEmpty(ListItem.Art(discart))] | Skin.HasSetting(DisableDiscArt)] + [String.IsEmpty(ListItem.Art(characterart)) | Skin.HasSetting(DisableCharacterArt)]] | !$PARAM[discart]</visible>
                    <include content="View_Posters_Info_Content">
                        <param name="id" value="$PARAM[id]" />
                        <param name="width" value="$PARAM[width]" />
                        <param name="bottom" value="$PARAM[bottom]" />
                        <param name="plot_height" value="$PARAM[plot_height]" />
                        <param name="hdsd_flag" value="$PARAM[hdsd_flag]" />
                        <param name="rottentomatoes" value="$PARAM[rottentomatoes]" />
                        <param name="imdbvotes" value="$PARAM[imdbvotes]" />
                        <param name="usermeter" value="$PARAM[usermeter]" />
                        <param name="imdb" value="$PARAM[imdb]" />
                        <param name="tmdb" value="$PARAM[tmdb]" />
                        <param name="metacritic" value="$PARAM[metacritic]" />
                        <param name="oscars" value="$PARAM[oscars]" />
                    </include>
                </control>
                <control type="group">
                    <right>420</right>
                    <visible>[[![String.IsEmpty(Window(Home).Property(SkinHelper.ListItem.Art.DiscArt)) + String.IsEmpty(ListItem.Art(discart))] + !Skin.HasSetting(DisableDiscArt)] | [!String.IsEmpty(ListItem.Art(characterart)) + !Skin.HasSetting(DisableCharacterArt)]] + $PARAM[discart]</visible>
                    <include content="View_Posters_Info_Content">
                        <param name="id" value="$PARAM[id]" />
                        <param name="width" value="$PARAM[altwidth]" />
                        <param name="bottom" value="$PARAM[bottom]" />
                        <param name="plot_height" value="$PARAM[plot_height]" />
                        <param name="hdsd_flag" value="$PARAM[hdsd_flag]" />
                        <param name="rottentomatoes" value="$PARAM[rottentomatoes]" />
                        <param name="imdbvotes" value="$PARAM[imdbvotes]" />
                        <param name="usermeter" value="$PARAM[usermeter]" />
                        <param name="imdb" value="$PARAM[imdb]" />
                        <param name="tmdb" value="$PARAM[tmdb]" />
                        <param name="metacritic" value="$PARAM[metacritic]" />
                        <param name="oscars" value="$PARAM[oscars]" />
                    </include>
                </control>
                <control type="group">
                    <visible>![String.IsEmpty(Window(Home).Property(SkinHelper.ListItem.Art.ClearLogo)) + String.IsEmpty(ListItem.Art(tvshow.clearlogo)) + String.IsEmpty(ListItem.Art(clearlogo))] + [[String.IsEmpty(Window(Home).Property(SkinHelper.ListItem.Art.DiscArt)) + String.IsEmpty(ListItem.Art(discart))] | Skin.HasSetting(DisableDiscArt)] + [String.IsEmpty(ListItem.Art(characterart)) | Skin.HasSetting(DisableCharacterArt)] + $PARAM[discart] + !Skin.HasSetting(DisableClearLogo)</visible>
                    <include content="View_Posters_Info_Content">
                        <param name="id" value="$PARAM[id]" />
                        <param name="width" value="$PARAM[altwidth]" />
                        <param name="right" value="420" />
                        <param name="bottom" value="$PARAM[bottom]" />
                        <param name="plot_height" value="$PARAM[plot_height]" />
                        <param name="hdsd_flag" value="$PARAM[hdsd_flag]" />
                        <param name="rottentomatoes" value="$PARAM[rottentomatoes]" />
                        <param name="imdbvotes" value="$PARAM[imdbvotes]" />
                        <param name="usermeter" value="$PARAM[usermeter]" />
                        <param name="imdb" value="$PARAM[imdb]" />
                        <param name="tmdb" value="$PARAM[tmdb]" />
                        <param name="metacritic" value="$PARAM[metacritic]" />
                        <param name="oscars" value="$PARAM[oscars]" />
                    </include>
                </control>
            </control>
            <control type="image">
                <top>50</top>
                <right>130</right>
                <height>380</height>
                <width>380</width>
                <aspectratio>keep</aspectratio>
                <visible>Control.IsVisible($PARAM[id])</visible>
                <visible>$PARAM[discart]</visible>
                <texture background="true">$VAR[Image_DiscArt]</texture>
                <visible>!Skin.HasSetting(DisableDiscArt)</visible>
            </control>
            <control type="image">
                <top>50</top>
                <right>130</right>
                <height>380</height>
                <width>380</width>
                <aspectratio>keep</aspectratio>
                <visible>Control.IsVisible($PARAM[id])</visible>
                <visible>$PARAM[discart]</visible>
                <texture background="true">$INFO[ListItem.Art(characterart)]</texture>
                <visible>!Skin.HasSetting(DisableCharacterArt)</visible>
                <visible>[String.IsEmpty(Window(Home).Property(SkinHelper.ListItem.Art.DiscArt)) + String.IsEmpty(ListItem.Art(discart))] | Skin.HasSetting(DisableDiscArt)</visible>
            </control>
            <control type="image">
                <top>50</top>
                <right>150</right>
                <height>380</height>
                <width>380</width>
                <aspectratio aligny="top">keep</aspectratio>
                <visible>Control.IsVisible($PARAM[id])</visible>
                <visible>$PARAM[discart]</visible>
                <visible>!Skin.HasSetting(DisableClearLogo)</visible>
                <visible>[[String.IsEmpty(Window(Home).Property(SkinHelper.ListItem.Art.DiscArt)) + String.IsEmpty(ListItem.Art(discart))] | Skin.HasSetting(DisableDiscArt)] + [String.IsEmpty(ListItem.Art(characterart)) | Skin.HasSetting(DisableCharacterArt)]</visible>
                <texture background="true">$VAR[Image_Clearlogo]</texture>
            </control>
        </definition>
    </include>

    <include name="View_Posters_Info_Content">
        <control type="grouplist">
            <visible>Container.Content(movies) | Container.Content(sets) | Container.Content(seasons) | Container.Content(tvshows) | Container.Content(episodes) | Container.Content(videos)</visible>
            <visible>Control.IsVisible($PARAM[id])</visible>
            <bottom>$PARAM[bottom]</bottom>
            <top>20</top>
            <left>0</left>
            <right>0</right>
            <orientation>vertical</orientation>
            <usecontrolcoords>true</usecontrolcoords>
            <itemgap>0</itemgap>
            <control type="label">
                <left>0</left>
                <right>$PARAM[right]</right>
                <label>$INFO[ListItem.Label]</label>
                <height>90</height>
                <aligny>top</aligny>
                <textcolor>main_fg_100</textcolor>
                <font>font_showcase_title</font>
            </control>
            <control type="grouplist">
                <height>40</height>
                <orientation>horizontal</orientation>
                <usecontrolcoords>true</usecontrolcoords>
                <itemgap>0</itemgap>
                <left>0</left>
                <right>$PARAM[right]</right>
                <control type="image">
                    <left>4</left>
                    <top>10</top>
                    <width>37</width>
                    <height>24</height>
                    <texture colordiffuse="main_fg_100">$VAR[Image_HDSD]</texture>
                    <visible>Container.Content(movies) | Container.Content(episodes)</visible>
                    <visible>$PARAM[hdsd_flag]</visible>
                    <visible>!Skin.HasSetting(DisableInfoRatings)</visible>
                </control>
                <control type="label">
                    <label>  |  </label>
                    <width>auto</width>
                    <height>40</height>
                    <aligny>top</aligny>
                    <textcolor>$VAR[ColorHighlight]</textcolor>
                    <font>font_small</font>
                    <visible>Container.Content(movies) | Container.Content(episodes)</visible>
                    <visible>$PARAM[hdsd_flag]</visible>
                    <visible>!Skin.HasSetting(DisableInfoRatings)</visible>
                </control>
                <control type="label">
                    <label>$VAR[Label_ShowCase_InfoLine]</label>
                    <height>40</height>
                    <aligny>top</aligny>
                    <textcolor>$VAR[ColorHighlight]</textcolor>
                    <font>font_small</font>
                </control>
            </control>
            <control type="group">
                <height>80</height>
                <left>0</left>
                <right>$PARAM[right]</right>
                <control type="group">
                    <visible>Skin.HasSetting(DisableInfoRatings) + [Container.Content(movies) | Container.Content(episodes)]</visible>
                    <include content="Object_Flags">
                        <param name="container" value="" />
                        <param name="directory" value="color" />
                        <param name="align" value="left" />
                        <param name="ratings" value="true" />
                    </include>
                </control>
                <control type="group">
                    <visible>!Skin.HasSetting(DisableInfoRatings) | [!Container.Content(movies) + !Container.Content(episodes)]</visible>
                    <control type="group">
                        <top>-17</top>
                        <left>-16</left>
                        <include>Object_StarRating</include>
                        <visible>String.IsEmpty(ListItem.UserRating)</visible>
                    </control>
                    <control type="group">
                        <top>-17</top>
                        <left>-16</left>
                        <include content="Object_StarRating">
                            <param name="rating_prop" value="ListItem.UserRating" />
                        </include>
                        <visible>!String.IsEmpty(ListItem.UserRating)</visible>
                    </control>
                    <control type="group">
                        <top>24</top>
                        <left>256</left>
                        <width>$PARAM[width]</width>
                        <include content="Object_Ratings">
                            <param name="directory" value="color" />
                            <param name="align" value="left" />
                            <param name="width" value="$PARAM[width]" />
                            <param name="rottentomatoes" value="$PARAM[rottentomatoes]" />
                            <param name="imdbvotes" value="$PARAM[imdbvotes]" />
                            <param name="usermeter" value="$PARAM[usermeter]" />
                            <param name="imdb" value="$PARAM[imdb]" />
                            <param name="tmdb" value="$PARAM[tmdb]" />
                            <param name="metacritic" value="$PARAM[metacritic]" />
                            <param name="oscars" value="$PARAM[oscars]" />
                        </include>
                    </control>
                </control>
            </control>
            <control type="label">
                <left>0</left>
                <right>$PARAM[right]</right>
                <label>$VAR[Label_Genre]</label>
                <height>60</height>
                <aligny>top</aligny>
                <textcolor>main_fg_100</textcolor>
                <font>font_small</font>
            </control>
            <control type="textbox">
                <label>$VAR[Label_Plot]</label>
                <height>$PARAM[plot_height]</height>
                <aligny>top</aligny>
                <textcolor>main_fg_70</textcolor>
                <font>font_plotbox</font>
            </control>
        </control>
        <control type="grouplist">
            <visible>Container.Content(albums) | Container.Content(artists) | Container.Content(songs) | Container.Content(addons) | Container.Content(musicvideos)</visible>
            <visible>Control.IsVisible($PARAM[id])</visible>
            <bottom>$PARAM[bottom]</bottom>
            <top>30</top>
            <left>0</left>
            <right>0</right>
            <orientation>vertical</orientation>
            <usecontrolcoords>true</usecontrolcoords>
            <itemgap>0</itemgap>
            <control type="label">
                <left>0</left>
                <right>$PARAM[right]</right>
                <label>$VAR[Label_MainTitle]</label>
                <height>90</height>
                <aligny>top</aligny>
                <textcolor>main_fg_100</textcolor>
                <font>font_showcase_title</font>
            </control>
            <control type="label">
                <left>0</left>
                <right>$PARAM[right]</right>
                <label>$VAR[Label_SubTitle]</label>
                <height>40</height>
                <aligny>top</aligny>
                <textcolor>$VAR[ColorHighlight]</textcolor>
                <font>font_small</font>
            </control>
            <control type="group">
                <height>80</height>
                <control type="group">
                    <top>-17</top>
                    <left>-16</left>
                    <include content="Object_StarRating_Music">
                        <param name="align" value="left" />
                    </include>
                </control>
            </control>
            <control type="textbox">
                <label fallback="19055">$VAR[Label_Plot]</label>
                <height>$PARAM[plot_height]</height>
                <height>infolist3_plot_height</height>
                <aligny>top</aligny>
                <textcolor>main_fg_70</textcolor>
                <font>font_plotbox</font>
            </control>
        </control>
    </include>

    <include name="View_Posters_Layout">
        <param name="id" default="51" />
        <param name="flipside" default="false" />
        <param name="setfanart" default="false" />
        <param name="orientation" default="vertical" />
        <param name="landscape" default="false" />
        <param name="cards" default="false" />
        <param name="bigbanner" default="false" />
        <param name="banner" default="false" />
        <param name="top_offset" default="30" />
        <param name="bottom_offset" default="-10" />
        <param name="top" default="0" />
        <definition>
            <top>$PARAM[top]</top>
            <focusposition>3</focusposition>
            <movement>3</movement>
            <orientation>$PARAM[orientation]</orientation>
            <left>0</left>
            <right>90</right>
            <include condition="!Window.IsVisible(DialogVideoInfo.xml)">View_Movement_Horizontal</include>
            <preloaditems>2</preloaditems>
            <pagecontrol>60</pagecontrol>
            <scrolltime tween="quadratic">400</scrolltime>
            <onfocus>SetProperty(ViewType,Posters,Home)</onfocus>
            <itemlayout width="285" height="412.5" condition="!$PARAM[bigbanner] + !$PARAM[cards] + !$PARAM[landscape] + !$PARAM[banner]">
                <control type="group">
                    <left>30</left>
                    <top>$PARAM[top_offset]</top>
                    <right>-10</right>
                    <bottom>$PARAM[bottom_offset]</bottom>
                    <control type="group" description="ParentFolder and DefaultIcon">
                        <visible>ListItem.IsParentFolder | String.StartsWith(ListItem.Icon,Default) | ![!String.IsEmpty(ListItem.Art(poster)) | !String.IsEmpty(ListItem.Art(tvshow.poster)) | !String.IsEmpty(ListItem.Art(season.poster))] | Container.Content(musicvideos)</visible>
                        <control type="image">
                            <bordersize>10</bordersize>
                            <include>Defs_Shadow_Small</include>
                            <aspectratio scalediffuse="false">scale</aspectratio>
                            <texture colordiffuse="PosterBack">common/white.png</texture>
                        </control>
                        <control type="image">
                            <height>265</height>
                            <bordersize>10</bordersize>
                            <texture colordiffuse="main_bg_30">common/white.png</texture>
                        </control>
                        <control type="group">
                            <left>10</left>
                            <right>10</right>
                            <top>10</top>
                            <bottom>10</bottom>
                            <include>Defs_Color_Overlay</include>
                        </control>
                        <control type="image">
                            <height>265</height>
                            <bordersize>10</bordersize>
                            <aspectratio aligny="center">scale</aspectratio>
                            <texture colordiffuse="main_fg_70" background="true">$INFO[ListItem.Icon]</texture>
                            <visible>String.StartsWith(ListItem.Icon,Default)</visible>
                            <visible>![Container.Content(genres) | Container.Content(studios) | Container.Content(years) | Container.Content(directors) | Container.Content(countries) | Container.Content(tags) | Container.Content(playlists)] | ListItem.IsParentFolder</visible>
                        </control>
                        <control type="image">
                            <height>265</height>
                            <bordersize>10</bordersize>
                            <aspectratio aligny="center">scale</aspectratio>
                            <texture background="true">$INFO[ListItem.Icon]</texture>
                            <visible>!String.StartsWith(ListItem.Icon,Default) + !ListItem.IsParentFolder</visible>
                            <visible>![Container.Content(genres) | Container.Content(studios) | Container.Content(years) | Container.Content(directors) | Container.Content(countries) | Container.Content(tags) | Container.Content(playlists)]</visible>
                        </control>
                        <control type="image">
                            <height>265</height>
                            <bordersize>70</bordersize>
                            <aspectratio aligny="center">keep</aspectratio>
                            <texture background="true" colordiffuse="main_fg_70" fallback="DefaultGenres.png">$VAR[Image_GenreIcons]</texture>
                            <visible>Container.Content(genres) + !ListItem.IsParentFolder</visible>
                        </control>
                        <control type="image">
                            <height>265</height>
                            <bordersize>10</bordersize>
                            <aspectratio aligny="center">keep</aspectratio>
                            <texture background="true" colordiffuse="main_fg_70" fallback="DefaultStudios.png">$INFO[ListItem.Label,resource://resource.images.studios.white/,.png]</texture>
                            <visible>Container.Content(studios) + !ListItem.IsParentFolder</visible>
                        </control>
                        <control type="image">
                            <height>265</height>
                            <bordersize>10</bordersize>
                            <aspectratio aligny="center">keep</aspectratio>
                            <texture background="true" colordiffuse="main_fg_30">$INFO[ListItem.Label,resource://resource.images.moviecountryicons.maps/,.png]</texture>
                            <visible>Container.Content(countries) + !ListItem.IsParentFolder</visible>
                        </control>
                        <control type="textbox">
                            <height>265</height>
                            <left>20</left>
                            <right>20</right>
                            <align>center</align>
                            <aligny>center</aligny>
                            <font>font_poster_text</font>
                            <textcolor>main_fg_70</textcolor>
                            <label>$INFO[ListItem.Label]</label>
                            <visible>!ListItem.IsParentFolder</visible>
                            <visible>Container.Content(years) | Container.Content(directors) | Container.Content(countries) | Container.Content(tags) | Container.Content(playlists)</visible>
                        </control>
                        
                        <control type="group">
                            <top>255</top>
                            <bottom>10</bottom>
                            <left>10</left>
                            <right>10</right>
                            <control type="image">
                                <texture colordiffuse="PosterBack">common/white.png</texture>
                            </control>
                            <control type="textbox">
                                <height>95</height>
                                <centertop>50%</centertop>
                                <left>20</left>
                                <right>20</right>
                                <align>center</align>
                                <aligny>center</aligny>
                                <font>font_tiny</font>
                                <textcolor>main_fg_70</textcolor>
                                <label>$VAR[Label_Square]</label>
                            </control>
                        </control>
                    </control>
                    <control type="image" description="Poster">
                        <bordersize>10</bordersize>
                        <include>Defs_Shadow_Small</include>
                        <aspectratio scalediffuse="false">scale</aspectratio>
                        <texture fallback="DefaultAddonNone.png" background="true">$VAR[Image_Poster]</texture>
                        <visible>!ListItem.IsParentFolder</visible>
                        <visible>!String.StartsWith(ListItem.Icon,Default)</visible>
                        <visible>[!String.IsEmpty(ListItem.Art(poster)) | !String.IsEmpty(ListItem.Art(tvshow.poster)) | !String.IsEmpty(ListItem.Art(season.poster))]</visible>
                        <visible>!Container.Content(musicvideos)</visible>
                    </control>
                    <include>View_WatchedOverlay</include>
                </control>
            </itemlayout>
            <focusedlayout width="285" height="412.5" condition="!$PARAM[bigbanner] + !$PARAM[cards] + !$PARAM[landscape] + !$PARAM[banner]">
                <include content="View_Position_Button">
                    <param name="id" value="$PARAM[id]" />
                    <param name="setfanart" value="$PARAM[setfanart]" />
                </include>
                <control type="group">
                    <left>30</left>
                    <top>$PARAM[top_offset]</top>
                    <right>-10</right>
                    <bottom>$PARAM[bottom_offset]</bottom>
                    <include>Animation_FocusBounce</include>
                    <control type="group" description="ParentFolder and DefaultIcon">
                        <visible>ListItem.IsParentFolder | String.StartsWith(ListItem.Icon,Default) | Container.Content(musicvideos) | ![!String.IsEmpty(ListItem.Art(poster)) | !String.IsEmpty(ListItem.Art(tvshow.poster)) | !String.IsEmpty(ListItem.Art(season.poster))]</visible>
                        <control type="image">
                            <bordersize>10</bordersize>
                            <include>Defs_Shadow_Small</include>
                            <aspectratio scalediffuse="false">scale</aspectratio>
                            <texture colordiffuse="PosterBack">common/white.png</texture>
                        </control>
                        <control type="image">
                            <height>265</height>
                            <bordersize>10</bordersize>
                            <texture colordiffuse="main_bg_30">common/white.png</texture>
                        </control>
                        <control type="group">
                            <left>10</left>
                            <right>10</right>
                            <top>10</top>
                            <bottom>10</bottom>
                            <include>Defs_Color_Overlay</include>
                        </control>
                        <control type="image">
                            <height>265</height>
                            <bordersize>10</bordersize>
                            <aspectratio aligny="center">scale</aspectratio>
                            <texture colordiffuse="Selected" background="true">$INFO[ListItem.Icon]</texture>
                            <visible>![Container.Content(genres) | Container.Content(studios) | Container.Content(years) | Container.Content(directors) | Container.Content(countries) | Container.Content(tags) | Container.Content(playlists)] | ListItem.IsParentFolder</visible>
                        </control>
                        <control type="image">
                            <height>265</height>
                            <bordersize>70</bordersize>
                            <aspectratio aligny="center">keep</aspectratio>
                            <texture background="true" colordiffuse="Selected" fallback="DefaultGenres.png">$VAR[Image_GenreIcons]</texture>
                            <visible>Container.Content(genres) + !ListItem.IsParentFolder</visible>
                        </control>
                        <control type="image">
                            <height>265</height>
                            <bordersize>10</bordersize>
                            <aspectratio aligny="center">keep</aspectratio>
                            <texture background="true" colordiffuse="Selected" fallback="DefaultStudios.png">$INFO[ListItem.Label,resource://resource.images.studios.white/,.png]</texture>
                            <visible>Container.Content(studios) + !ListItem.IsParentFolder</visible>
                        </control>
                        <control type="image">
                            <height>265</height>
                            <bordersize>10</bordersize>
                            <aspectratio aligny="center">keep</aspectratio>
                            <texture background="true" colordiffuse="main_fg_30">$INFO[ListItem.Label,resource://resource.images.moviecountryicons.maps/,.png]</texture>
                            <visible>Container.Content(countries) + !ListItem.IsParentFolder</visible>
                        </control>
                        <control type="textbox">
                            <height>265</height>
                            <left>20</left>
                            <right>20</right>
                            <align>center</align>
                            <aligny>center</aligny>
                            <font>font_poster_text</font>
                            <textcolor>Selected</textcolor>
                            <label>$INFO[ListItem.Label]</label>
                            <visible>!ListItem.IsParentFolder</visible>
                            <visible>Container.Content(years) | Container.Content(directors) | Container.Content(countries) | Container.Content(tags) | Container.Content(playlists)</visible>
                        </control>
                        
                        <control type="group">
                            <top>255</top>
                            <bottom>10</bottom>
                            <left>10</left>
                            <right>10</right>
                            <control type="image">
                                <texture colordiffuse="PosterBack">common/white.png</texture>
                            </control>
                            <control type="textbox">
                                <height>95</height>
                                <centertop>50%</centertop>
                                <left>20</left>
                                <right>20</right>
                                <align>center</align>
                                <aligny>center</aligny>
                                <font>font_tiny</font>
                                <textcolor>Selected</textcolor>
                                <label>$VAR[Label_Square]</label>
                            </control>
                        </control>
                    </control>
                    <control type="image" description="Poster">
                        <bordersize>10</bordersize>
                        <include>Defs_Shadow_Small</include>
                        <aspectratio scalediffuse="false">scale</aspectratio>
                        <texture fallback="DefaultAddonNone.png" background="true">$VAR[Image_Poster]</texture>
                        <visible>!ListItem.IsParentFolder</visible>
                        <visible>!String.StartsWith(ListItem.Icon,Default)</visible>
                        <visible>[!String.IsEmpty(ListItem.Art(poster)) | !String.IsEmpty(ListItem.Art(tvshow.poster)) | !String.IsEmpty(ListItem.Art(season.poster))]</visible>
                        <visible>!Container.Content(musicvideos)</visible>
                    </control>
                    <include>View_WatchedOverlay</include>
                    <!-- Highlight -->
                    <control type="group">
                        <visible>Control.HasFocus($PARAM[id])</visible>
                        <include>View_Selectbox</include>
                    </control>
                </control>
            </focusedlayout>

            <itemlayout width="570" height="412.5" condition="$PARAM[landscape]">
                <control type="group">
                    <left>30</left>
                    <top>$PARAM[top_offset]</top>
                    <right>-10</right>
                    <bottom>$PARAM[bottom_offset]</bottom>
                    <control type="group">
                        <height>313.75</height>
                        <control type="image">
                            <bordersize>10</bordersize>
                            <include>Defs_Shadow_Small</include>
                            <aspectratio scalediffuse="false">scale</aspectratio>
                            <texture colordiffuse="PosterBack">common/white.png</texture>
                        </control>
                        <control type="image">
                            <bordersize>10</bordersize>
                            <texture colordiffuse="main_bg_70">common/white.png</texture>
                        </control>
                        <control type="image">
                            <bordersize>10</bordersize>
                            <aspectratio aligny="center">scale</aspectratio>
                            <texture background="true">$VAR[Image_Fanart]</texture>
                        </control>
                        <control type="image">
                            <bottom>30</bottom>
                            <top>170</top>
                            <left>100</left>
                            <right>100</right>
                            <aspectratio aligny="bottom">keep</aspectratio>
                            <texture background="true">$VAR[Image_Clearlogo]</texture>
                            <visible>!Skin.HasSetting(DisableFakeLandscapeArt)</visible>
                            <visible>String.IsEmpty(ListItem.Art(landscape)) + String.IsEmpty(ListItem.Art(tvshow.landscape)) + String.IsEmpty(ListItem.Art(season.landscape))</visible>
                            <visible>Container.Content(movies) | Container.Content(sets) | Container.Content(tvshows) | Container.Content(seasons)</visible>
                        </control>
                    </control>
                    <control type="group">
                        <top>290</top>
                        <bottom>10</bottom>
                        <left>10</left>
                        <right>10</right>
                        <control type="label">
                            <align>left</align>
                            <aligny>center</aligny>
                            <font>font_tiny</font>
                            <textcolor>main_fg_70</textcolor>
                            <label>$INFO[ListItem.Label]</label>
                        </control>
                        <control type="label">
                            <align>right</align>
                            <aligny>center</aligny>
                            <font>font_tiny</font>
                            <textcolor>main_fg_70</textcolor>
                            <label>$INFO[ListItem.Label2]</label>
                        </control>
                        <control type="label">
                            <top>60</top>
                            <align>left</align>
                            <aligny>center</aligny>
                            <font>font_tiny</font>
                            <textcolor>main_fg_30</textcolor>
                            <label>$INFO[ListItem.Genre]</label>
                        </control>
                        <control type="label">
                            <top>60</top>
                            <align>right</align>
                            <aligny>center</aligny>
                            <font>font_tiny</font>
                            <textcolor>main_fg_30</textcolor>
                            <label>$INFO[ListItem.Premiered]</label>
                        </control>
                    </control>
                    <include>View_WatchedOverlay</include>
                </control>
            </itemlayout>
            <focusedlayout width="570" height="412.5" condition="$PARAM[landscape]">
                <include content="View_Position_Button">
                    <param name="id" value="$PARAM[id]" />
                    <param name="setfanart" value="$PARAM[setfanart]" />
                </include>
                <control type="group">
                    <left>30</left>
                    <top>$PARAM[top_offset]</top>
                    <right>-10</right>
                    <bottom>$PARAM[bottom_offset]</bottom>

                    <control type="group">
                        <include>Animation_FocusBounce_Small</include>
                        <height>313.75</height>
                        <control type="image">
                            <bordersize>10</bordersize>
                            <include>Defs_Shadow_Small</include>
                            <aspectratio scalediffuse="false">scale</aspectratio>
                            <texture colordiffuse="PosterBack">common/white.png</texture>
                        </control>
                        <control type="image">
                            <bordersize>10</bordersize>
                            <texture colordiffuse="main_bg_70">common/white.png</texture>
                        </control>
                        <control type="image">
                            <bordersize>10</bordersize>
                            <aspectratio aligny="center">scale</aspectratio>
                            <texture background="true">$VAR[Image_Fanart]</texture>
                        </control>
                        <control type="image">
                            <bottom>30</bottom>
                            <top>170</top>
                            <left>100</left>
                            <right>100</right>
                            <aspectratio aligny="bottom">keep</aspectratio>
                            <texture background="true">$VAR[Image_Clearlogo]</texture>
                            <visible>!Skin.HasSetting(DisableFakeLandscapeArt)</visible>
                            <visible>String.IsEmpty(ListItem.Art(landscape)) + String.IsEmpty(ListItem.Art(tvshow.landscape)) + String.IsEmpty(ListItem.Art(season.landscape))</visible>
                            <visible>Container.Content(movies) | Container.Content(sets) | Container.Content(tvshows) | Container.Content(seasons)</visible>
                        </control>
                        <include>View_WatchedOverlay</include>
                        <!-- Highlight -->
                        <control type="group">
                            <visible>Control.HasFocus($PARAM[id])</visible>
                            <include>View_Selectbox</include>
                        </control>
                    </control>
                    <control type="group">
                        <top>290</top>
                        <bottom>10</bottom>
                        <left>10</left>
                        <right>10</right>
                        <control type="label">
                            <align>left</align>
                            <aligny>center</aligny>
                            <font>font_tiny</font>
                            <textcolor>main_fg_70</textcolor>
                            <label>$INFO[ListItem.Label]</label>
                        </control>
                        <control type="label">
                            <align>right</align>
                            <aligny>center</aligny>
                            <font>font_tiny</font>
                            <textcolor>main_fg_70</textcolor>
                            <label>$INFO[ListItem.Label2]</label>
                        </control>
                        <control type="label">
                            <top>60</top>
                            <align>left</align>
                            <aligny>center</aligny>
                            <font>font_tiny</font>
                            <textcolor>main_fg_30</textcolor>
                            <label>$INFO[ListItem.Genre]</label>
                        </control>
                        <control type="label">
                            <top>60</top>
                            <align>right</align>
                            <aligny>center</aligny>
                            <font>font_tiny</font>
                            <textcolor>main_fg_30</textcolor>
                            <label>$INFO[ListItem.Premiered]</label>
                        </control>
                    </control>
                </control>
            </focusedlayout>

            <itemlayout width="855" height="275" condition="$PARAM[banner]">
                <control type="group">
                    <left>30</left>
                    <top>$PARAM[top_offset]</top>
                    <right>-10</right>
                    <bottom>$PARAM[bottom_offset]</bottom>
                    <control type="image">
                        <bordersize>10</bordersize>
                        <include>Defs_Shadow_Small</include>
                        <texture colordiffuse="PosterBack">common/white.png</texture>
                    </control>
                    <control type="group">
                        <left>10</left>
                        <right>10</right>
                        <top>10</top>
                        <bottom>10</bottom>
                        <include>Defs_Color_Overlay</include>
                    </control>
                    <control type="image" description="Poster">
                        <height>170</height>
                        <bordersize>10</bordersize>
                        <aspectratio scalediffuse="false">scale</aspectratio>
                        <texture fallback="special://skin/extras/backgrounds/default.jpg" background="true">$VAR[Image_Banner]</texture>
                        <visible>!ListItem.IsParentFolder</visible>
                    </control>
                    <control type="image" description="Poster">
                        <height>170</height>
                        <bordersize>10</bordersize>
                        <aspectratio scalediffuse="false">keep</aspectratio>
                        <texture fallback="special://skin/extras/backgrounds/default.jpg" background="true">$VAR[Image_Banner]</texture>
                        <visible>ListItem.IsParentFolder</visible>
                    </control>
                    <control type="image">
                        <height>170</height>
                        <left>20</left>
                        <right>20</right>
                        <bordersize>20</bordersize>
                        <aspectratio aligny="center" align="left">keep</aspectratio>
                        <texture background="true">$VAR[Image_Clearlogo]</texture>
                        <visible>String.IsEmpty(ListItem.Art(banner)) + String.IsEmpty(ListItem.Art(tvshow.banner))</visible>
                    </control>
                    <control type="label">
                        <top>170</top>
                        <bottom>50</bottom>
                        <left>30</left>
                        <right>30</right>
                        <aligny>center</aligny>
                        <font>font_tiny</font>
                        <textcolor>main_fg_70</textcolor>
                        <label>$INFO[ListItem.Label]</label>
                    </control>
                    <control type="label">
                        <top>170</top>
                        <bottom>50</bottom>
                        <left>30</left>
                        <right>30</right>
                        <align>right</align>
                        <aligny>center</aligny>
                        <font>font_tiny</font>
                        <textcolor>main_fg_70</textcolor>
                        <label>$INFO[ListItem.Label2]</label>
                    </control>
                    <control type="label">
                        <top>200</top>
                        <bottom>20</bottom>
                        <left>30</left>
                        <right>30</right>
                        <aligny>center</aligny>
                        <font>font_tiny</font>
                        <textcolor>main_fg_30</textcolor>
                        <label>$INFO[ListItem.Genre]</label>
                    </control>
                    <control type="label">
                        <top>200</top>
                        <bottom>20</bottom>
                        <left>30</left>
                        <right>30</right>
                        <align>right</align>
                        <aligny>center</aligny>
                        <font>font_tiny</font>
                        <textcolor>main_fg_30</textcolor>
                        <label>$INFO[ListItem.Premiered]</label>
                    </control>
                    <include>View_WatchedOverlay</include>
                </control>
            </itemlayout>
            <focusedlayout width="855" height="275" condition="$PARAM[banner]">
                <include content="View_Position_Button">
                    <param name="id" value="$PARAM[id]" />
                    <param name="setfanart" value="$PARAM[setfanart]" />
                </include>
                <control type="group">
                    <left>30</left>
                    <top>$PARAM[top_offset]</top>
                    <right>-10</right>
                    <bottom>$PARAM[bottom_offset]</bottom>
                    <include>Animation_FocusBounce_Small</include>
                    <control type="image">
                        <bordersize>10</bordersize>
                        <include>Defs_Shadow_Small</include>
                        <texture colordiffuse="PosterBack">common/white.png</texture>
                    </control>
                    <control type="group">
                        <left>10</left>
                        <right>10</right>
                        <top>10</top>
                        <bottom>10</bottom>
                        <include>Defs_Color_Overlay</include>
                    </control>
                    <control type="image" description="Poster">
                        <height>170</height>
                        <bordersize>10</bordersize>
                        <aspectratio scalediffuse="false">scale</aspectratio>
                        <texture fallback="special://skin/extras/backgrounds/default.jpg" background="true">$VAR[Image_Banner]</texture>
                        <visible>!ListItem.IsParentFolder</visible>
                    </control>
                    <control type="image" description="Poster">
                        <height>170</height>
                        <bordersize>10</bordersize>
                        <aspectratio scalediffuse="false">keep</aspectratio>
                        <texture fallback="special://skin/extras/backgrounds/default.jpg" background="true">$VAR[Image_Banner]</texture>
                        <visible>ListItem.IsParentFolder</visible>
                    </control>
                    <control type="image">
                        <height>170</height>
                        <left>20</left>
                        <right>20</right>
                        <bordersize>20</bordersize>
                        <aspectratio aligny="center" align="left">keep</aspectratio>
                        <texture background="true">$VAR[Image_Clearlogo]</texture>
                        <visible>String.IsEmpty(ListItem.Art(banner)) + String.IsEmpty(ListItem.Art(tvshow.banner))</visible>
                    </control>
                    <control type="label">
                        <top>170</top>
                        <bottom>50</bottom>
                        <left>30</left>
                        <right>30</right>
                        <aligny>center</aligny>
                        <font>font_tiny</font>
                        <textcolor>main_fg_70</textcolor>
                        <label>$INFO[ListItem.Label]</label>
                    </control>
                    <control type="label">
                        <top>170</top>
                        <bottom>50</bottom>
                        <left>30</left>
                        <right>30</right>
                        <align>right</align>
                        <aligny>center</aligny>
                        <font>font_tiny</font>
                        <textcolor>main_fg_70</textcolor>
                        <label>$INFO[ListItem.Label2]</label>
                    </control>
                    <control type="label">
                        <top>200</top>
                        <bottom>20</bottom>
                        <left>30</left>
                        <right>30</right>
                        <aligny>center</aligny>
                        <font>font_tiny</font>
                        <textcolor>main_fg_30</textcolor>
                        <label>$INFO[ListItem.Genre]</label>
                    </control>
                    <control type="label">
                        <top>200</top>
                        <bottom>20</bottom>
                        <left>30</left>
                        <right>30</right>
                        <align>right</align>
                        <aligny>center</aligny>
                        <font>font_tiny</font>
                        <textcolor>main_fg_30</textcolor>
                        <label>$INFO[ListItem.Premiered]</label>
                    </control>
                    <include>View_WatchedOverlay</include>
                    <!-- Highlight -->
                    <control type="group">
                        <visible>Control.HasFocus($PARAM[id])</visible>
                        <include>View_Selectbox</include>
                    </control>
                </control>
            </focusedlayout>

            <itemlayout width="1710" height="442" condition="$PARAM[bigbanner]">
                <control type="group">
                    <left>30</left>
                    <top>$PARAM[top_offset]</top>
                    <right>-10</right>
                    <bottom>$PARAM[bottom_offset]</bottom>

                    <control type="group">
                        <include condition="$PARAM[flipside]">View_RightSide</include>
                        <width>771</width>
                        <control type="image">
                            <bordersize>10</bordersize>
                            <include>Defs_Shadow_Small</include>
                            <aspectratio scalediffuse="false">scale</aspectratio>
                            <texture colordiffuse="PosterBack">common/white.png</texture>
                        </control>
                        <control type="image">
                            <bordersize>10</bordersize>
                            <texture colordiffuse="main_bg_30">common/white.png</texture>
                        </control>
                        <control type="image" description="Poster">
                            <bordersize>10</bordersize>
                            <aspectratio scalediffuse="false">scale</aspectratio>
                            <texture fallback="DefaultAddonNone.png" background="true">$VAR[Image_Fanart]</texture>
                        </control>
                        <control type="image">
                            <bottom>20</bottom>
                            <top>170</top>
                            <left>190</left>
                            <right>190</right>
                            <aspectratio aligny="bottom">keep</aspectratio>
                            <texture background="true">$VAR[Image_Clearlogo]</texture>
                            <visible>!Skin.HasSetting(DisableFakeLandscapeArt)</visible>
                            <visible>String.IsEmpty(ListItem.Art(landscape)) + String.IsEmpty(ListItem.Art(tvshow.landscape)) + String.IsEmpty(ListItem.Art(season.landscape))</visible>
                            <visible>Container.Content(movies) | Container.Content(sets) | Container.Content(tvshows) | Container.Content(seasons)</visible>
                        </control>
                        <include>View_WatchedOverlay</include>
                    </control>


                    <include content="View_BigBanner_Content">
                        <param name="id" value="$PARAM[id]" />
                        <param name="flipside" value="$PARAM[flipside]" />
                    </include>
                </control>
            </itemlayout>
            <focusedlayout width="1710" height="442" condition="$PARAM[bigbanner]">
                <include content="View_Position_Button">
                    <param name="id" value="$PARAM[id]" />
                    <param name="setfanart" value="$PARAM[setfanart]" />
                </include>
                <control type="group">
                    <left>30</left>
                    <top>$PARAM[top_offset]</top>
                    <right>-10</right>
                    <bottom>$PARAM[bottom_offset]</bottom>

                    <control type="group">
                        <include condition="$PARAM[flipside]">View_RightSide</include>
                        <width>771</width>
                        <include>Animation_FocusBounce_Small</include>
                        <control type="image">
                            <bordersize>10</bordersize>
                            <include>Defs_Shadow_Small</include>
                            <aspectratio scalediffuse="false">scale</aspectratio>
                            <texture colordiffuse="PosterBack">common/white.png</texture>
                        </control>
                        <control type="image">
                            <bordersize>10</bordersize>
                            <texture colordiffuse="main_bg_30">common/white.png</texture>
                        </control>
                        <control type="image" description="Poster">
                            <bordersize>10</bordersize>
                            <aspectratio scalediffuse="false">scale</aspectratio>
                            <texture fallback="DefaultAddonNone.png" background="true">$VAR[Image_Fanart]</texture>
                        </control>
                        <control type="image">
                            <bottom>20</bottom>
                            <top>170</top>
                            <left>190</left>
                            <right>190</right>
                            <aspectratio aligny="bottom">keep</aspectratio>
                            <texture background="true">$VAR[Image_Clearlogo]</texture>
                            <visible>!Skin.HasSetting(DisableFakeLandscapeArt)</visible>
                            <visible>String.IsEmpty(ListItem.Art(landscape)) + String.IsEmpty(ListItem.Art(tvshow.landscape)) + String.IsEmpty(ListItem.Art(season.landscape))</visible>
                            <visible>Container.Content(movies) | Container.Content(sets) | Container.Content(tvshows) | Container.Content(seasons)</visible>
                        </control>
                        <include>View_WatchedOverlay</include>
                        <!-- Highlight -->
                        <control type="group">
                            <visible>Control.HasFocus($PARAM[id])</visible>
                            <include>View_Selectbox</include>
                        </control>
                    </control>

                    <include content="View_BigBanner_Content">
                        <param name="id" value="$PARAM[id]" />
                        <param name="flipside" value="$PARAM[flipside]" />
                    </include>

                </control>
            </focusedlayout>

            
        </definition>
    </include>

    <include name="View_RightSide"><right>0</right></include>

    <include name="View_BigBanner_RightSide"><right>801</right></include>
    <include name="View_BigBanner_LeftSide"><left>801</left></include>

    <include name="View_BigBanner_Content">
        <param name="flipside" default="false" />
        <definition>
            <control type="group">
                <include condition="!$PARAM[flipside]">View_BigBanner_LeftSide</include>
                <include condition="$PARAM[flipside]">View_BigBanner_RightSide</include>
                <top>10</top>
                <right>10</right>
                <left>10</left>
                <bottom>10</bottom>
                <control type="label">
                    <label>$INFO[ListItem.Label]</label>
                    <height>90</height>
                    <aligny>top</aligny>
                    <textcolor>main_fg_100</textcolor>
                    <font>font_topbar</font>
                </control>
                <control type="group">
                    <visible>Container.Content(movies) | Container.Content(episodes)</visible>
                    <top>60</top>
                    <height>40</height>
                    <control type="image">
                        <left>4</left>
                        <top>10</top>
                        <width>37</width>
                        <height>24</height>
                        <texture colordiffuse="main_fg_100">$VAR[Image_HDSD]</texture>
                    </control>
                    <control type="label">
                        <left>45</left>
                        <label>$VAR[Label_ShowCase_InfoLine,  |  ,]</label>
                        <height>40</height>
                        <aligny>top</aligny>
                        <textcolor>$VAR[ColorHighlight]</textcolor>
                        <font>font_small</font>
                    </control>
                </control>
                <control type="group">
                    <visible>!Container.Content(movies) + !Container.Content(episodes)</visible>
                    <top>60</top>
                    <height>40</height>
                    <control type="label">
                        <label>$VAR[Label_ShowCase_InfoLine]</label>
                        <height>40</height>
                        <aligny>top</aligny>
                        <textcolor>$VAR[ColorHighlight]</textcolor>
                        <font>font_small</font>
                    </control>
                </control>
                <control type="group">
                    <top>80</top>
                    <left>-16</left>
                    <include>Object_StarRating_NoGroupList</include>
                    <visible>String.IsEmpty(ListItem.UserRating)</visible>
                </control>
                <control type="group">
                    <top>80</top>
                    <left>-16</left>
                    <include content="Object_StarRating_NoGroupList">
                        <param name="rating_prop" value="ListItem.UserRating" />
                    </include>
                    <visible>!String.IsEmpty(ListItem.UserRating)</visible>
                </control>
                <control type="label">
                    <top>170</top>
                    <left>0</left>
                    <label>$INFO[ListItem.Genre]</label>
                    <height>40</height>
                    <aligny>top</aligny>
                    <textcolor>main_fg_70</textcolor>
                    <font>font_small</font>
                </control>
                <control type="textbox">
                    <top>222</top>
                    <label>$VAR[Label_Plot]</label>
                    <height>170</height>
                    <aligny>top</aligny>
                    <textcolor>main_fg_70</textcolor>
                    <font>font_plotbox</font>
                    <autoscroll>false</autoscroll>
                </control>
            </control>
        </definition>
    </include>
</includes>

