<?xml version="1.0" encoding="UTF-8"?>
<includes>
    <include name="View_List">
        <definition>
            <!-- Poster List -->
            <control type="group">
                <visible>Control.IsVisible(50)</visible>
                <top>0</top>
                <left>0</left>
                <right>80</right>
                <bottom>0</bottom>
                <control type="fixedlist" id="50">
                    <visible>!Container.Content(videos) + !Window.IsVisible(videoplaylist)</visible>
                    <viewtype label="$LOCALIZE[535]">list</viewtype>
                    <include content="View_Forced">
                        <param name="string" value="$LOCALIZE[535]" />
                    </include>
                    <include>View_List_Layout</include>
                </control>
            </control>

            <!-- Info List -->
            <control type="group">
                <visible>Control.IsVisible(54)</visible>
                <top>0</top>
                <left>0</left>
                <right>80</right>
                <bottom>0</bottom>
                <control type="fixedlist" id="54">
                    <visible>Container.Content(movies) | Container.Content(sets) | Container.Content(episodes) | Container.Content(tvshows) | Container.Content(seasons) | Container.Content(videos) | Window.IsVisible(videoplaylist)</visible>
                    <visible>![Window.IsVisible(MyPVRChannels.xml) | Window.IsVisible(MyPVRGuide.xml) | Window.IsVisible(MyPVRRecordings.xml) | Window.IsVisible(MyPVRTimers.xml) | Window.IsVisible(MyPVRSearch.xml)]</visible>
                    <viewtype label="$LOCALIZE[31196]">list</viewtype>
                    <include content="View_Forced">
                        <param name="string" value="$LOCALIZE[31196]" />
                    </include>
                    <include content="View_List_Layout">
                        <param name="id" value="54" />
                    </include>
                </control>
            </control>


            <!-- Info List 2 -->
            <control type="group">
                <visible>Control.IsVisible(55)</visible>
                <top>0</top>
                <left>0</left>
                <right>80</right>
                <bottom>0</bottom>
                <control type="group">
                    <top>infolist_top</top>
                    <left>view_left</left>
                    <!-- <include>Object_Separator_Top</include> -->
                </control>
                <control type="fixedlist" id="55">
                    <viewtype label="$LOCALIZE[31164]">list</viewtype>
                    <include content="View_Forced">
                        <param name="string" value="$LOCALIZE[31164]" />
                    </include>
                    <include>View_NotTheseWindows</include>
                    <visible>Container.Content(movies) | Container.Content(sets) | Container.Content(episodes) | Container.Content(tvshows) | Container.Content(seasons)</visible>
                    <top>infolist_top</top>
                    <bottom>0</bottom>
                    <focusposition>2</focusposition>
                    <movement>2</movement>
                    <include content="View_List_Layout">
                        <param name="id" value="55" />
                        <param name="offset" value="8" />
                        <param name="height" value="infolist_item_height"/>
                    </include>
                </control>
                <include content="View_Posters_Info">
                    <param name="bottom" value="465" />
                    <param name="plot_height" value="300" />
                    <param name="id" value="55" />
                    <param name="left" value="infolist_left" />
                    <param name="right" value="50" />
                    <param name="width" value="infolist_width" />
                    <param name="discart" value="false" />
                </include>
            </control>

            
            <!-- Info List 3 -->
            <control type="group">
                <visible>Control.IsVisible(57)</visible>
                <top>0</top>
                <left>0</left>
                <right>80</right>
                <bottom>0</bottom>
                <control type="group">
                    <width>1068</width>
                    <control type="group">
                        <visible>!Skin.HasSetting(DisablePanels)</visible>
                        <control type="image">
                            <include>Defs_Shadow_Opaque</include>
                            <texture colordiffuse="AAffffff">common/gradient-solid.png</texture>
                        </control>
                        <include>Defs_Color_Overlay</include>
                        <control type="group">
                            <left>1068</left>
                            <include>Object_Separator_Left</include>
                        </control>
                    </control>
                    <include>Object_ParentFolder</include>
                    <control type="group">
                        <left>40</left>
                        <top>40</top>
                        <visible>!ListItem.IsParentFolder</visible>
                        <visible>![[Control.IsVisible(54) + Skin.HasSetting(DisableInfoListArt.54)] | [Control.IsVisible(57) + Skin.HasSetting(DisableInfoListArt.57)] | [Control.IsVisible(551) + Skin.HasSetting(DisableInfoListArt.551)] | [Control.IsVisible(557) + Skin.HasSetting(DisableInfoListArt.557)] | [Control.IsVisible(558) + Skin.HasSetting(DisableInfoListArt.558)]]</visible>
                        <control type="group">
                            <width>704</width>
                            <height>396</height>
                            <control type="image">
                                <include>Defs_Shadow_Opaque</include>
                                <texture colordiffuse="PosterBack">common/white.png</texture>
                            </control>
                            <control type="image">
                                <fadetime>100</fadetime>
                                <aspectratio>scale</aspectratio>
                                <texture background="true">$VAR[Image_Fanart]</texture>
                            </control>
                            <control type="image">
                                <bottom>20</bottom>
                                <top>170</top>
                                <left>190</left>
                                <right>190</right>
                                <aspectratio aligny="bottom">keep</aspectratio>
                                <texture background="true">$VAR[Image_Clearlogo]</texture>
                                <visible>!Skin.HasSetting(DisableFakeLandscapeArt)</visible>
                                <visible>String.IsEmpty(ListItem.Art(landscape)) + String.IsEmpty(ListItem.Art(tvshow.landscape)) + String.IsEmpty(ListItem.Art(season.landscape))</visible>
                                <visible>Container.Content(movies) | Container.Content(sets) | Container.Content(tvshows) | Container.Content(seasons)</visible>
                            </control>
                        </control>
                        <control type="group">
                            <left>724</left>
                            <width>264</width>
                            <height>396</height>
                            <control type="image">
                                <include>Defs_Shadow_Opaque</include>
                                <texture colordiffuse="PosterBack">common/white.png</texture>
                            </control>
                            <control type="image">
                                <fadetime>100</fadetime>
                                <aspectratio>keep</aspectratio>
                                <texture background="true">$VAR[Image_Poster]</texture>
                            </control>
                        </control>
                    </control>
                </control>
                <control type="group">
                    <right>-80</right>
                    <top>435</top>
                    <visible>![[Control.IsVisible(54) + Skin.HasSetting(DisableInfoListArt.54)] | [Control.IsVisible(57) + Skin.HasSetting(DisableInfoListArt.57)] | [Control.IsVisible(551) + Skin.HasSetting(DisableInfoListArt.551)] | [Control.IsVisible(557) + Skin.HasSetting(DisableInfoListArt.557)] | [Control.IsVisible(558) + Skin.HasSetting(DisableInfoListArt.558)]]</visible>
                    <include content="View_Posters_Info">
                        <param name="bottom" value="25" />
                        <param name="plot_height" value="300" />
                        <param name="id" value="57" />
                        <param name="left" value="40" />
                        <param name="right" value="800" />
                        <param name="width" value="1068" />
                        <param name="discart" value="false" />
                        <param name="hdsd_flag" value="true" />
                    </include>
                </control>
                <control type="group">
                    <right>-80</right>
                    <top>10</top>
                    <visible>[[Control.IsVisible(54) + Skin.HasSetting(DisableInfoListArt.54)] | [Control.IsVisible(57) + Skin.HasSetting(DisableInfoListArt.57)] | [Control.IsVisible(551) + Skin.HasSetting(DisableInfoListArt.551)] | [Control.IsVisible(557) + Skin.HasSetting(DisableInfoListArt.557)] | [Control.IsVisible(558) + Skin.HasSetting(DisableInfoListArt.558)]]</visible>
                    <include content="View_Posters_Info">
                        <param name="bottom" value="25" />
                        <param name="plot_height" value="1000" />
                        <param name="id" value="57" />
                        <param name="left" value="40" />
                        <param name="right" value="800" />
                        <param name="width" value="1068" />
                        <param name="discart" value="false" />
                        <param name="hdsd_flag" value="true" />
                    </include>
                </control>
                <control type="fixedlist" id="57">
                    <viewtype label="$LOCALIZE[31198]">list</viewtype>
                    <include content="View_Forced">
                        <param name="string" value="$LOCALIZE[31198]" />
                    </include>
                    <include>View_NotTheseWindows</include>
                    <visible>Container.Content(movies) | Container.Content(sets) | Container.Content(episodes) | Container.Content(tvshows) | Container.Content(seasons)</visible>
                    <top>0</top>
                    <bottom>0</bottom>
                    <include content="View_List_Layout">
                        <param name="id" value="57" />
                        <param name="left" value="1068" />
                        <param name="width" value="686" />
                    </include>
                </control>
            </control>

            <!-- Media Info -->
            <control type="fixedlist" id="557">
                <visible>Container.Content(movies) | Container.Content(sets) | Container.Content(seasons) | Container.Content(tvshows) | Container.Content(artists) | Container.Content(videos) | Container.Content(episodes)</visible>
                <include>View_NotTheseWindows</include>
                <viewtype label="$LOCALIZE[31298]">list</viewtype>
                <include content="View_Forced">
                    <param name="string" value="$LOCALIZE[31298]" />
                </include>
                <include content="View_List_Layout">
                    <param name="id" value="557" />
                    <param name="left" value="855" />
                    <param name="width" value="899" />
                </include>
            </control>


        </definition>
    </include>

    <include name="View_List_PVR">
        <control type="group">
            <visible>Control.IsVisible(50)</visible>
            <height>566</height>
            <left>0</left>
            <right>80</right>
            <bottom>0</bottom>
            <control type="fixedlist" id="50">
                <focusposition>2</focusposition>
                <movement>2</movement>
                <viewtype label="535">list</viewtype>
                <include content="View_List_Layout">
                    <param name="left" value="0" />
                    <param name="width" value="1754" />
                    <param name="height" value="113" />
                    <param name="offset" value="20" />
                </include>
            </control>
        </control>
    </include>

    <include name="View_List_Info">
        <control type="group">
            <include>Animation_Left</include>
            <include>Defs_InfoDialog_Visible</include>
            <control type="group">
                <visible>Control.IsVisible(54)</visible>
                <width>view_left</width>
                <height>poster_height</height>
                <control type="group">
                    <visible>!Skin.HasSetting(DisablePanels)</visible>
                    <control type="image">
                        <include>Defs_Shadow_Opaque</include>
                        <texture colordiffuse="AAffffff">common/gradient-solid.png</texture>
                    </control>
                    <include>Defs_Color_Overlay</include>
                    <include>Object_Separator_Right</include>
                </control>
                <include>Object_ParentFolder</include>
                <control type="group">
                    <visible>!ListItem.IsParentFolder</visible>
                    <right>40</right>
                    <left>40</left>
                    <top>40</top>
                    <bottom>48</bottom>
                    <control type="grouplist">
                        <align>top</align>
                        <usecontrolcoords>true</usecontrolcoords>
                        <orientation>vertical</orientation>
                        <control type="group">
                            <height>infolist2_icon_height</height>
                            <control type="image">
                                <include>Defs_Shadow_Opaque</include>
                                <texture colordiffuse="PosterBack">common/white.png</texture>
                            </control>
                            <control type="image">
                                <fadetime>100</fadetime>
                                <aspectratio>scale</aspectratio>
                                <texture background="true">$VAR[Image_Fanart]</texture>
                            </control>
                            <control type="image">
                                <bottom>20</bottom>
                                <top>170</top>
                                <left>150</left>
                                <right>150</right>
                                <aspectratio aligny="bottom">keep</aspectratio>
                                <texture background="true">$VAR[Image_Clearlogo]</texture>
                                <visible>!Skin.HasSetting(DisableFakeLandscapeArt)</visible>
                                <visible>String.IsEmpty(ListItem.Art(landscape)) + String.IsEmpty(ListItem.Art(tvshow.landscape)) + String.IsEmpty(ListItem.Art(season.landscape))</visible>
                                <visible>Container.Content(movies) | Container.Content(sets) | Container.Content(tvshows) | Container.Content(seasons)</visible>
                            </control>
                            <visible>![[Control.IsVisible(54) + Skin.HasSetting(DisableInfoListArt.54)] | [Control.IsVisible(57) + Skin.HasSetting(DisableInfoListArt.57)] | [Control.IsVisible(551) + Skin.HasSetting(DisableInfoListArt.551)] | [Control.IsVisible(557) + Skin.HasSetting(DisableInfoListArt.557)] | [Control.IsVisible(558) + Skin.HasSetting(DisableInfoListArt.558)]]</visible>
                        </control>
                        <control type="group">
                            <visible>![[Control.IsVisible(54) + Skin.HasSetting(DisableInfoListArt.54)] | [Control.IsVisible(57) + Skin.HasSetting(DisableInfoListArt.57)] | [Control.IsVisible(551) + Skin.HasSetting(DisableInfoListArt.551)] | [Control.IsVisible(557) + Skin.HasSetting(DisableInfoListArt.557)] | [Control.IsVisible(558) + Skin.HasSetting(DisableInfoListArt.558)]]</visible>
                            <top>38</top>
                            <height>22</height>
                            <include>Object_Separator_Top</include>
                        </control>
                        <control type="label">
                            <aligny>top</aligny>
                            <align>center</align>
                            <height>55</height>
                            <font>font_topbar</font>
                            <textcolor>main_fg_100</textcolor>
                            <label>$VAR[Label_MainTitle]</label>
                        </control>
                        <control type="grouplist">
                            <height>40</height>
                            <align>center</align>
                            <itemgap>0</itemgap>
                            <orientation>horizontal</orientation>
                            <control type="label">
                                <label>$INFO[ListItem.MPAA]</label>
                                <width>auto</width>
                                <aligny>top</aligny>
                                <height>40</height>
                                <textcolor>main_fg_100</textcolor>
                                <font>font_small</font>
                            </control>
                            <control type="label">
                                <label>  |  </label>
                                <width>auto</width>
                                <aligny>top</aligny>
                                <height>40</height>
                                <textcolor>$VAR[ColorHighlight]</textcolor>
                                <font>font_small</font>
                                <visible>!String.IsEmpty(ListItem.MPAA) + [!String.IsEmpty(ListItem.Duration) | !String.IsEmpty(ListItem.Premiered)]</visible>
                            </control>
                            <control type="label">
                                <label>$VAR[Label_Duration]</label>
                                <width>auto</width>
                                <aligny>top</aligny>
                                <height>40</height>
                                <textcolor>main_fg_100</textcolor>
                                <font>font_small</font>
                            </control>
                            <control type="label">
                                <label>  |  </label>
                                <width>auto</width>
                                <aligny>top</aligny>
                                <height>40</height>
                                <textcolor>$VAR[ColorHighlight]</textcolor>
                                <font>font_small</font>
                                <visible>!String.IsEmpty(ListItem.Duration) + !String.IsEmpty(ListItem.Premiered)</visible>
                            </control>
                            <control type="label">
                                <label>$INFO[ListItem.Premiered]</label>
                                <width>auto</width>
                                <aligny>top</aligny>
                                <height>40</height>
                                <textcolor>main_fg_100</textcolor>
                                <font>font_small</font>
                            </control>
                        </control>
                        <control type="group">
                            <top>-10</top>
                            <height>64</height>
                            <include content="Object_StarRating">
                                <param name="align" value="center" />
                            </include>
                            <visible>String.IsEmpty(ListItem.UserRating)</visible>
                        </control>
                        <control type="group">
                            <top>-10</top>
                            <height>64</height>
                            <include content="Object_StarRating">
                                <param name="align" value="center" />
                                <param name="rating_prop" value="ListItem.UserRating" />
                            </include>
                            <visible>!String.IsEmpty(ListItem.UserRating)</visible>
                        </control>
                        <control type="label">
                            <top>40</top>
                            <label>$INFO[ListItem.Genre]</label>
                            <align>center</align>
                            <aligny>top</aligny>
                            <height>40</height>
                            <textcolor>main_fg_100</textcolor>
                            <font>font_small</font>
                            <visible>[[Control.IsVisible(54) + Skin.HasSetting(DisableInfoListArt.54)] | [Control.IsVisible(57) + Skin.HasSetting(DisableInfoListArt.57)] | [Control.IsVisible(551) + Skin.HasSetting(DisableInfoListArt.551)] | [Control.IsVisible(557) + Skin.HasSetting(DisableInfoListArt.557)] | [Control.IsVisible(558) + Skin.HasSetting(DisableInfoListArt.558)]]</visible>
                        </control>
                        <control type="textbox">
                            <top>40</top>
                            <label>$VAR[Label_Plot]</label>
                            <height>auto</height>
                            <aligny>top</aligny>
                            <align>center</align>
                            <textcolor>main_fg_70</textcolor>
                            <font>font_plotbox</font>
                        </control>
                    </control>
                </control>
            </control>
        </control>
    </include>

    <include name="View_List_Layout">
        <param name="id" default="50" />
        <param name="left" default="view_left" />
        <param name="width" default="view_width" />
        <param name="height" default="listitem_height" />
        <param name="offset" default="0" />
        <definition>
            <description>Plugin Content Widget</description>
            <focusposition>4</focusposition>
            <movement>4</movement>
            <width>$PARAM[width]</width>
            <left>$PARAM[left]</left>
            <top>0</top>
            <include condition="!Window.IsVisible(DialogVideoInfo.xml)">View_Movement_Horizontal</include>
            <preloaditems>2</preloaditems>
            <orientation>vertical</orientation>
            <pagecontrol>60</pagecontrol>
            <onfocus>SetProperty(ViewType,List,Home)</onfocus>
            <scrolltime tween="quadratic">400</scrolltime>
            <itemlayout width="$PARAM[width]" height="$PARAM[height]">

                <control type="group">
                    <left>$PARAM[offset]</left>
                    <right>$PARAM[offset]</right>
                    <control type="group">
                        <visible>!Window.IsVisible(MyPVRChannels.xml)</visible>
                        <!-- Overlay Indicator -->
                        <control type="image">
                            <centertop>50%</centertop>
                            <left>30</left>
                            <width>32</width>
                            <height>32</height>
                            <texture colordiffuse="main_fg_70">$VAR[Image_Overlay_List]</texture>
                            <visible>!String.IsEmpty(ListItem.Overlay)</visible>
                        </control>
                        <!-- Fallback Icon -->
                        <control type="image">
                            <centertop>50%</centertop>
                            <left>16</left>
                            <width>64</width>
                            <height>64</height>
                            <texture colordiffuse="main_fg_70" fallback="DefaultFolder.png">$VAR[Image_FallbackIcon]</texture>
                            <visible>String.IsEmpty(ListItem.Overlay)</visible>
                        </control>
                        <!-- HDSD Flag -->
                        <control type="image">
                            <centertop>51%</centertop>
                            <left>90</left>
                            <width>37</width>
                            <height>24</height>
                            <texture colordiffuse="main_fg_70">$VAR[Image_HDSD]</texture>
                            <visible>Container.Content(movies) | Container.Content(episodes)</visible>
                            <animation effect="slide" end="8" condition="String.IsEmpty(ListItem.Overlay)">Conditional</animation>
                            <visible>!ListItem.IsParentFolder</visible>
                        </control>
                        <!-- Year Label -->
                        <control type="label">
                            <left>156</left>
                            <width>80</width>
                            <height>100%</height>
                            <aligny>center</aligny>
                            <textcolor>main_fg_30</textcolor>
                            <font>font_small</font>
                            <label>$INFO[ListItem.Year]</label>
                            <animation effect="slide" end="-70" condition="!Container.Content(movies) + !Container.Content(episodes)">Conditional</animation>
                            <animation effect="slide" end="8" condition="String.IsEmpty(ListItem.Overlay)">Conditional</animation>
                            <visible>!String.IsEmpty(ListItem.Year) + Container.Content(movies)</visible>
                        </control>
                        <!-- Label with Year and HDSD -->
                        <control type="label">
                            <left>236</left>
                            <right>30</right>
                            <height>100%</height>
                            <aligny>center</aligny>
                            <textcolor>main_fg_70</textcolor>
                            <font>font_small</font>
                            <animation effect="slide" end="8" condition="String.IsEmpty(ListItem.Overlay)">Conditional</animation>
                            <label>$INFO[ListItem.Label]</label>
                            <visible>Container.Content(movies) + !String.IsEmpty(ListItem.Year) + !ListItem.IsParentFolder</visible>
                        </control>
                        <!-- Label with HDSD -->
                        <control type="label">
                            <left>156</left>
                            <right>30</right>
                            <height>100%</height>
                            <aligny>center</aligny>
                            <textcolor>main_fg_70</textcolor>
                            <font>font_small</font>
                            <animation effect="slide" end="8" condition="String.IsEmpty(ListItem.Overlay)">Conditional</animation>
                            <label>$INFO[ListItem.Label]</label>
                            <visible>[Container.Content(movies) + String.IsEmpty(ListItem.Year) + !ListItem.IsParentFolder] | Container.Content(episodes)</visible>
                        </control>
                        <!-- Label without HDSD or Year -->
                        <control type="label">
                            <left>86</left>
                            <right>30</right>
                            <height>100%</height>
                            <aligny>center</aligny>
                            <textcolor>main_fg_70</textcolor>
                            <font>font_small</font>
                            <animation effect="slide" end="8" condition="String.IsEmpty(ListItem.Overlay)">Conditional</animation>
                            <label>$INFO[ListItem.Label]</label>
                            <visible>[!Container.Content(movies) + !Container.Content(episodes)] | ListItem.IsParentFolder</visible>
                        </control>
                        <!-- Label 2 -->
                        <control type="label">
                            <left>30</left>
                            <right>30</right>
                            <align>right</align>
                            <height>100%</height>
                            <aligny>center</aligny>
                            <textcolor>main_fg_30</textcolor>
                            <font>font_small</font>
                            <label>$INFO[ListItem.Label2]</label>
                        </control>
                        
                    </control>
                    <control type="group">
                        <left>20</left>
                        <visible>Window.IsVisible(MyPVRChannels.xml)</visible>
                        <control type="image">
                            <bordersize>10</bordersize>
                            <height>$PARAM[height]</height>
                            <width>$PARAM[height]</width>
                            <texture fallback="special://skin/extras/icons/tv.png">$INFO[ListItem.Icon]</texture>
                        </control>
                        <control type="group">
                            <left>$PARAM[height]</left>
                            <control type="label">
                                <left>30</left>
                                <width>340</width>
                                <height>100%</height>
                                <aligny>center</aligny>
                                <textcolor>main_fg_30</textcolor>
                                <font>font_tiny_bold_uppercase</font>
                                <label>$INFO[ListItem.ChannelNumber,,. ]$INFO[ListItem.ChannelName,,]</label>
                            </control>
                            <control type="label">
                                <left>400</left>
                                <right>300</right>
                                <height>100%</height>
                                <aligny>center</aligny>
                                <textcolor>main_fg_70</textcolor>
                                <font>font_tiny_uppercase</font>
                                <label>$INFO[ListItem.Title]</label>
                            </control>
                            <control type="label">
                                <left>800</left>
                                <right>340</right>
                                <height>100%</height>
                                <aligny>center</aligny>
                                <align>right</align>
                                <textcolor>main_fg_30</textcolor>
                                <font>font_tiny_uppercase</font>
                                <scroll>false</scroll>
                                <label>$INFO[ListItem.NextTitle]</label>
                            </control>
                            <control type="label">
                                <width>125</width>
                                <right>155</right>
                                <height>100%</height>
                                <aligny>center</aligny>
                                <align>right</align>
                                <textcolor>main_fg_30</textcolor>
                                <font>font_tiny_bold_uppercase</font>
                                <scroll>false</scroll>
                                <label>$INFO[ListItem.StartTime]    </label>
                            </control>
                            <control type="label">
                                <width>250</width>
                                <right>30</right>
                                <height>100%</height>
                                <aligny>center</aligny>
                                <align>center</align>
                                <textcolor>main_fg_30</textcolor>
                                <font>font_tiny_bold_uppercase</font>
                                <scroll>false</scroll>
                                <label>   |</label>
                                <visible>!String.IsEmpty(ListItem.EndTime)</visible>
                            </control>
                            <control type="label">
                                <width>125</width>
                                <right>30</right>
                                <height>100%</height>
                                <aligny>center</aligny>
                                <align>right</align>
                                <textcolor>main_fg_30</textcolor>
                                <font>font_tiny_bold_uppercase</font>
                                <scroll>false</scroll>
                                <label>   $INFO[ListItem.EndTime]</label>
                            </control>
                        </control>
                    </control>
                </control>
            </itemlayout>
            <focusedlayout width="$PARAM[width]" height="$PARAM[height]">
                <include content="View_Position_Button">
                    <param name="id" value="$PARAM[id]" />
                    <param name="setfanart" value="$PARAM[setfanart]" />
                </include>

                <control type="group">
                    <control type="group">
                        <animation type="Focus" condition="!Skin.HasSetting(BounceAnimations) + Container($PARAM[id]).OnNext" reversible="false">
                            <effect type="slide" start="0,-50" end="0,0" time="150" tween="back" easing="out" />
                        </animation>
                        <animation type="Focus" condition="!Skin.HasSetting(BounceAnimations) + Container($PARAM[id]).OnPrevious" reversible="false">
                            <effect type="slide" start="0,50" end="0,0" time="150" tween="back" easing="out" />
                        </animation>
                        <control type="image">
                            <texture colordiffuse="PosterBack">common/white.png</texture>
                            <aspectratio>scale</aspectratio>
                        </control>
                        <control type="image">
                            <height>1</height>
                            <bottom>1</bottom>
                            <texture colordiffuse="highlight_bottombar">common/white.png</texture>
                        </control>
                        <control type="image">
                            <height>1</height>
                            <bottom>0</bottom>
                            <texture colordiffuse="darkline_separator">common/white.png</texture>
                        </control>
                        <control type="group">
                            <height>8</height>
                            <bottom>0</bottom>
                            <visible>Control.HasFocus($PARAM[id])</visible>
                            <control type="image">
                                <texture colordiffuse="$VAR[ColorHighlight]" flipx="true">common/white.png</texture>
                            </control>
                            <control type="image">
                                <texture colordiffuse="$VAR[ColorHighlight2]">common/gradient-diffuse-horizontal.png</texture>
                            </control>
                        </control>
                        <control type="image">
                            <height>1</height>
                            <top>-1</top>
                            <texture colordiffuse="highlight_bottombar">common/white.png</texture>
                        </control>
                        <control type="image">
                            <height>1</height>
                            <top>-2</top>
                            <texture colordiffuse="darkline_separator">common/white.png</texture>
                        </control>

                        <control type="group">
                            <visible>Skin.HasSetting(DisablePanels)</visible>
                            <control type="image">
                                <width>1</width>
                                <left>1</left>
                                <texture colordiffuse="highlight_bottombar">common/white.png</texture>
                            </control>
                            <control type="image">
                                <width>1</width>
                                <left>0</left>
                                <texture colordiffuse="darkline_separator">common/white.png</texture>
                            </control>
                        </control>
                    </control>

                    <control type="group">
                        <left>$PARAM[offset]</left>
                        <right>$PARAM[offset]</right>
                        <control type="group">
                            <visible>!Window.IsVisible(MyPVRChannels.xml)</visible>
                            <!-- Overlay Indicator -->
                            <control type="image">
                                <centertop>50%</centertop>
                                <left>30</left>
                                <width>32</width>
                                <height>32</height>
                                <texture colordiffuse="Selected">$VAR[Image_Overlay_List]</texture>
                                <visible>!String.IsEmpty(ListItem.Overlay)</visible>
                            </control>
                            <!-- Fallback Icon -->
                            <control type="image">
                                <centertop>50%</centertop>
                                <left>16</left>
                                <width>64</width>
                                <height>64</height>
                                <texture colordiffuse="Selected" fallback="DefaultFolder.png">$VAR[Image_FallbackIcon]</texture>
                                <visible>String.IsEmpty(ListItem.Overlay)</visible>
                            </control>
                            <!-- HDSD Flag -->
                            <control type="image">
                                <centertop>51%</centertop>
                                <left>90</left>
                                <width>37</width>
                                <height>24</height>
                                <texture colordiffuse="Selected">$VAR[Image_HDSD]</texture>
                                <visible>Container.Content(movies) | Container.Content(episodes)</visible>
                                <visible>!ListItem.IsParentFolder</visible>
                                <animation effect="slide" end="8" condition="String.IsEmpty(ListItem.Overlay)">Conditional</animation>
                            </control>
                            <!-- Year Label -->
                            <control type="label">
                                <left>156</left>
                                <width>80</width>
                                <height>100%</height>
                                <aligny>center</aligny>
                                <textcolor>Selected</textcolor>
                                <font>font_small</font>
                                <label>$INFO[ListItem.Year]</label>
                                <animation effect="slide" end="-70" condition="!Container.Content(movies) + !Container.Content(episodes)">Conditional</animation>
                                <animation effect="slide" end="8" condition="String.IsEmpty(ListItem.Overlay)">Conditional</animation>
                                <visible>!String.IsEmpty(ListItem.Year) + Container.Content(movies) + !ListItem.IsParentFolder</visible>
                            </control>
                            <!-- Label with Year and HDSD -->
                            <control type="label">
                                <left>236</left>
                                <right>30</right>
                                <height>100%</height>
                                <aligny>center</aligny>
                                <textcolor>Selected</textcolor>
                                <font>font_small</font>
                                <animation effect="slide" end="8" condition="String.IsEmpty(ListItem.Overlay)">Conditional</animation>
                                <label>$INFO[ListItem.Label]</label>
                                <visible>Container.Content(movies) + !String.IsEmpty(ListItem.Year) + !ListItem.IsParentFolder</visible>
                            </control>
                            <!-- Label with HDSD -->
                            <control type="label">
                                <left>156</left>
                                <right>30</right>
                                <height>100%</height>
                                <aligny>center</aligny>
                                <textcolor>Selected</textcolor>
                                <font>font_small</font>
                                <animation effect="slide" end="8" condition="String.IsEmpty(ListItem.Overlay)">Conditional</animation>
                                <label>$INFO[ListItem.Label]</label>
                                <visible>[Container.Content(movies) + String.IsEmpty(ListItem.Year) + !ListItem.IsParentFolder] | Container.Content(episodes)</visible>
                            </control>
                            <!-- Label without HDSD or Year -->
                            <control type="label">
                                <left>86</left>
                                <right>30</right>
                                <height>100%</height>
                                <aligny>center</aligny>
                                <textcolor>Selected</textcolor>
                                <font>font_small</font>
                                <animation effect="slide" end="8" condition="String.IsEmpty(ListItem.Overlay)">Conditional</animation>
                                <label>$INFO[ListItem.Label]</label>
                                <visible>[!Container.Content(movies) + !Container.Content(episodes)] | ListItem.IsParentFolder</visible>
                            </control>
                            <!-- Label 2 -->
                            <control type="label">
                                <left>30</left>
                                <right>30</right>
                                <align>right</align>
                                <height>100%</height>
                                <aligny>center</aligny>
                                <textcolor>Selected</textcolor>
                                <font>font_small</font>
                                <label>$INFO[ListItem.Label2]</label>
                            </control>
                        </control>
                        <control type="group">
                        <left>20</left>
                        <visible>Window.IsVisible(MyPVRChannels.xml)</visible>
                        <control type="image">
                            <bordersize>10</bordersize>
                            <height>$PARAM[height]</height>
                            <width>$PARAM[height]</width>
                            <texture fallback="special://skin/extras/icons/tv.png">$INFO[ListItem.Icon]</texture>
                        </control>
                        <control type="group">
                            <left>$PARAM[height]</left>
                            <control type="label">
                                <left>30</left>
                                <width>340</width>
                                <height>100%</height>
                                <aligny>center</aligny>
                                <textcolor>Selected</textcolor>
                                <font>font_tiny_bold_uppercase</font>
                                <label>$INFO[ListItem.ChannelNumber,,. ]$INFO[ListItem.ChannelName,,]</label>
                            </control>
                            <control type="label">
                                <left>400</left>
                                <right>300</right>
                                <height>100%</height>
                                <aligny>center</aligny>
                                <textcolor>Selected</textcolor>
                                <font>font_tiny_uppercase</font>
                                <label>$INFO[ListItem.Title]</label>
                            </control>
                            <control type="label">
                                <left>800</left>
                                <right>340</right>
                                <height>100%</height>
                                <aligny>center</aligny>
                                <align>right</align>
                                <textcolor>Selected</textcolor>
                                <font>font_tiny_uppercase</font>
                                <scroll>false</scroll>
                                <label>[UPPERCASE]$INFO[ListItem.NextTitle][/UPPERCASE]</label>
                            </control>
                            <control type="label">
                                <width>125</width>
                                <right>155</right>
                                <height>100%</height>
                                <aligny>center</aligny>
                                <align>right</align>
                                <textcolor>Selected</textcolor>
                                <font>font_tiny_bold_uppercase</font>
                                <scroll>false</scroll>
                                <label>$INFO[ListItem.StartTime]    </label>
                            </control>
                            <control type="label">
                                <width>250</width>
                                <right>30</right>
                                <height>100%</height>
                                <aligny>center</aligny>
                                <align>center</align>
                                <textcolor>Selected</textcolor>
                                <font>font_tiny_bold_uppercase</font>
                                <scroll>false</scroll>
                                <label>   |</label>
                                <visible>!String.IsEmpty(ListItem.EndTime)</visible>
                            </control>
                            <control type="label">
                                <width>125</width>
                                <right>30</right>
                                <height>100%</height>
                                <aligny>center</aligny>
                                <align>right</align>
                                <textcolor>Selected</textcolor>
                                <font>font_tiny_bold_uppercase</font>
                                <scroll>false</scroll>
                                <label>   $INFO[ListItem.EndTime]</label>
                            </control>
                        </control>
                    </control>
                    </control>
                </control>
            </focusedlayout>
        </definition>
    </include>
</includes>

