<?xml version="1.0" encoding="UTF-8"?>
<!-- Foundation -->
<window id="6">
    <defaultcontrol always="true">50</defaultcontrol>
    <menucontrol>300</menucontrol>
    <onload>ClearProperty(MenuFocus,Home)</onload>
    <views>50,55,52,56,51,53,58,551,558,557,57,59,553,54</views>
    <onload condition="System.HasAddon(script.tv.show.next.aired)">RunScript(script.tv.show.next.aired,backend=True)</onload>
    <controls>

        <!-- Standard Furniture -->
        <include>Global_Background</include>
        <include>View_Layout</include>
        <include>Topbar</include>
        <include>Home</include>

       
        <!-- Hidden Buttons -->
        <include>Defs_Options_StandardButtons</include>
        <control type="button" id="8">
            <label>137</label>
            <include>Defs_Hidden_Button</include>
        </control>
        <control type="togglebutton" id="14">
            <label>$LOCALIZE[20367]: $LOCALIZE[16039]</label>
            <altlabel>$LOCALIZE[20367]: $LOCALIZE[16041]</altlabel>
            <usealttexture>System.Setting(hidewatched)</usealttexture>
            <description>Watched Unwatched</description>
            <include>Defs_Hidden_Button</include>
        </control>
        <control type="button" id="20">
            <description>Library</description>
            <label>653</label>
            <include>Defs_Hidden_Button</include>
        </control>
        <control type="button" id="6005">
            <description>Extra fanart</description>
            <label>$VAR[Label_ExtraFanart]</label>
            <onclick>Skin.ToggleSetting(SkinHelper.EnableExtraFanart)</onclick>
            <include>Defs_Hidden_Button</include>
        </control>
    </controls>
</window>
