<?xml version="1.0" encoding="UTF-8"?>
<!-- Foundation -->
<window id="2600">
    <defaultcontrol always="true">9002</defaultcontrol>
    <menucontrol>300</menucontrol>
    <controls>

        <include>Global_Background</include>
        <include>View_Layout</include>
        <include>Topbar</include>
        
        <control type="group">
            <left>50</left>
            <include>Animation_Right</include>
            <include>Animation_Home_Textbar_Slideover_Library</include>
            <include>Weather</include>
        </control>

        <control type="group">
            <control type="group">
                <left>70</left>
                <width>320</width>
                <include>Animation_Home_Textbar_Slideover</include>
                <include>Home_Textbar_Texture</include>
                <include>Home_Textbar_Items</include>
            </control>
            <control type="group">
                <left>0</left>
                <width>74</width>
                <include>Home_Iconbar_Texture</include>
                <include>Home_Iconbar_Logo</include>
                <control type="group">
                    <control type="list" id="300">
                        <onright>9002</onright>
                        <onleft>9602</onleft>
                        <include>Home_OnFocus</include>
                        <include>Home_VideoInfo_Layout</include>
                        <include>Home_MainMenu_InfoItems_Weather</include>
                    </control>
                    <control type="group">
                        <top>view_top</top>
                        <height>74</height>
                        <control type="group">
                            <left>74</left>
                            <width>6</width>     
                            <visible>Control.HasFocus(9002)</visible>
                            <control type="image">
                                <texture colordiffuse="$VAR[ColorHighlight]">common/white.png</texture>
                            </control>
                            <control type="group">
                                <include>Home_Separator</include>
                            </control>
                            <control type="group">
                                <top>74</top>
                                <include>Home_Separator</include>
                            </control>
                        </control>
                        <control type="button" id="9002">
                            <description>Change Location</description>
                            <label>$LOCALIZE[31217]</label>
                            <width>74</width>
                            <height>74</height>
                            <font/>
                            <onclick>Weather.LocationNext</onclick>
                            <onright>SetFocus(300,0)</onright>
                            <onleft>SetFocus(300,0)</onleft>
                            <onup>SetFocus(300,0)</onup>
                            <ondown>SetFocus(300,0)</ondown>
                            <visible allowhiddenfocus="true">Control.HasFocus(9002)</visible>
                            <texturenofocus colordiffuse="00ffffff">special://skin/extras/icons/sort-up.png</texturenofocus>
                            <texturefocus colordiffuse="Selected">special://skin/extras/icons/sort-up.png</texturefocus>
                        </control>
                    </control>
                    <control type="group">
                        <top>view_top</top>
                        <include>Home_Separator</include>
                    </control>
                </control>
            </control>
        </control>

        <control type="group">
            <visible>Control.HasFocus(9602)</visible>
            <include>Animation_FadeIn</include>
            <include>Animation_FadeOut</include>
            <control type="image">
                <texture colordiffuse="main_bg_100">common/white.png</texture>
                <aspectratio>scale</aspectratio>
            </control>
            <control type="multiimage">
                <timeperimage>10000</timeperimage>
                <randomize>true</randomize>
                <fadetime>600</fadetime>
                <imagepath background="true">$VAR[Global_Background_Image_Var]</imagepath>
                <aspectratio>scale</aspectratio>
            </control>
        </control>

        <control type="button" id="9602">
            <onleft>300</onleft>
            <onup>300</onup>
            <ondown>300</ondown>
            <onright>300</onright>
            <onclick>SetFocus(300)</onclick>
            <onback>300</onback>
            <include>Defs_Hidden_Button</include>
        </control>

        <!-- Refresh -->
        <control type="button" id="2">
            <description>Refresh</description>
            <label>$LOCALIZE[184]</label>
            <include>Defs_Hidden_Button</include>
        </control>
        <!-- Weather Settings -->
        <control type="button" id="9004">
            <label>10140</label>
            <onclick>Addon.OpenSettings($INFO[Weather.Plugin])</onclick>
            <include>Defs_Hidden_Button</include>
        </control>
        <!-- Settings -->
        <control type="button" id="9005">
            <label>5</label>
            <onclick>ActivateWindow(ServiceSettings,weather)</onclick>
            <include>Defs_Hidden_Button</include>
        </control>
        <!-- Weather Icons -->
        <control type="button" id="9006">
            <label>$LOCALIZE[536]</label>
            <include>Defs_Hidden_Button</include>
            <onclick>RunScript(script.image.resource.select,property=weather.icons&amp;type=resource.images.weathericons)</onclick>
        </control>
        <!-- Weather Fanart -->
        <control type="togglebutton" id="9007">
            <label>$LOCALIZE[31008]</label>
            <altlabel>$LOCALIZE[31012]</altlabel>
            <include>Defs_Hidden_Button</include>
            <usealttexture>System.HasAddon(resource.images.weatherfanart.multi)</usealttexture>
            <enable>!System.HasAddon(resource.images.weatherfanart.multi)</enable>
            <onclick condition="!System.HasAddon(resource.images.weatherfanart.multi)">InstallAddon(resource.images.weatherfanart.multi)</onclick>
        </control>
    </controls>

</window>
