<window type="dialog">
    <defaultcontrol always="true">9500</defaultcontrol>
    <backgroundcolor>0</backgroundcolor>
    <controls>
        <control type="group" id="100">
            <include>Global_Overlay</include>

            <control type="group">
                <include content="Dialog_Standard_Group">
                    <param name="width" value="1820" />
                    <param name="height" value="986" />
                </include>

                <control type="label" id="9700">
                    <label>$INFO[Control.GetLabel(190),, ]$INFO[Control.GetLabel(191)]$INFO[Control.GetLabel(199)]</label>
                    <include>Dialog_Standard_Header</include>
                </control>

                <control type="label">
                    <label>$INFO[Window.Property(GlobalSearch.SearchString),$LOCALIZE[283] - ,]</label>
                    <include>Dialog_Standard_Header</include>
                    <visible>String.IsEmpty(Control.GetLabel(9700))</visible>
                </control>

                <!-- Content Type List -->
                <control type="list" id="9600">
                    <left>20</left>
                    <width>400</width>
                    <top>120</top>
                    <height>690</height>
                    <onright>9500</onright>
                    <itemlayout width="400" height="69">
                        <control type="label">
                            <left>30</left>
                            <right>30</right>
                            <align>left</align>
                            <font>font_button</font>
                            <textcolor>dialog_fg_70</textcolor>
                            <label>$INFO[ListItem.Label]$INFO[ListItem.Label2, [COLOR=dialog_fg_30](,)[/COLOR]]</label>
                        </control>
                        <control type="image">
                            <centertop>50%</centertop>
                            <height>64</height>
                            <width>64</width>
                            <right>10</right>
                            <texture colordiffuse="dialog_fg_30">$INFO[ListItem.Icon]</texture>
                        </control>
                    </itemlayout>
                    <focusedlayout width="400" height="69">
                        <control type="group">
                            <visible>!Control.HasFocus(9600)</visible>
                            <control type="image">
                                <texture colordiffuse="dialog_fg_12" border="8">common/box.png</texture>
                            </control>
                            <control type="label">
                                <left>30</left>
                                <right>30</right>
                                <align>left</align>
                                <font>font_button</font>
                                <textcolor>dialog_fg_70</textcolor>
                                <label>$INFO[ListItem.Label]$INFO[ListItem.Label2, [COLOR=dialog_fg_30](,)[/COLOR]]</label>
                            </control>
                            <control type="image">
                                <centertop>50%</centertop>
                                <height>64</height>
                                <width>64</width>
                                <right>10</right>
                                <texture colordiffuse="dialog_fg_30">$INFO[ListItem.Icon]</texture>
                            </control>
                        </control>
                        <control type="group">
                            <visible>Control.HasFocus(9600)</visible>
                            <control type="image">
                                <texture colordiffuse="$VAR[ColorHighlight]" border="8">common/box.png</texture>
                            </control>
                            <control type="label">
                                <left>30</left>
                                <right>30</right>
                                <align>left</align>
                                <font>font_button</font>
                                <textcolor>Selected</textcolor>
                                <label>$INFO[ListItem.Label]$INFO[ListItem.Label2, [COLOR=Selected](,)[/COLOR]]</label>
                            </control>
                            <control type="image">
                                <centertop>50%</centertop>
                                <height>64</height>
                                <width>64</width>
                                <right>10</right>
                                <texture colordiffuse="Selected">$INFO[ListItem.Icon]</texture>
                            </control>
                        </control>
                    </focusedlayout>
                    <content>
                        <item id="1">
                            <label>$LOCALIZE[342]</label>
                            <label2>$INFO[Control.GetLabel(110)]</label2>
                            <icon>special://skin/extras/icons/film.png</icon>
                            <onclick>noop</onclick>
                            <visible>Control.IsVisible(119)</visible>
                        </item>
                        <item id="2">
                            <label>$LOCALIZE[20343]</label>
                            <label2>$INFO[Control.GetLabel(120)]</label2>
                            <icon>special://skin/extras/icons/tv.png</icon>
                            <onclick>noop</onclick>
                            <visible>Control.IsVisible(129)</visible>
                        </item>
                        <item id="3">
                            <label>$LOCALIZE[33054]</label>
                            <label2>$INFO[Control.GetLabel(130)]</label2>
                            <icon>special://skin/extras/icons/tv.png</icon>
                            <onclick>noop</onclick>
                            <visible>Control.IsVisible(139)</visible>
                        </item>
                        <item id="4">
                            <label>$LOCALIZE[20360]</label>
                            <label2>$INFO[Control.GetLabel(140)]</label2>
                            <icon>special://skin/extras/icons/tvguide.png</icon>
                            <onclick>noop</onclick>
                            <visible>Control.IsVisible(149)</visible>
                        </item>
                        <item id="5">
                            <label>$LOCALIZE[20389]</label>
                            <label2>$INFO[Control.GetLabel(150)]</label2>
                            <icon>special://skin/extras/icons/musicvideo.png</icon>
                            <onclick>noop</onclick>
                            <visible>Control.IsVisible(159)</visible>
                        </item>
                        <item id="6">
                            <label>$LOCALIZE[133]</label>
                            <label2>$INFO[Control.GetLabel(160)]</label2>
                            <icon>special://skin/extras/icons/artist.png</icon>
                            <onclick>noop</onclick>
                            <visible>Control.IsVisible(169)</visible>
                        </item>
                        <item id="7">
                            <label>$LOCALIZE[132]</label>
                            <label2>$INFO[Control.GetLabel(170)]</label2>
                            <icon>special://skin/extras/icons/songs.png</icon>
                            <onclick>noop</onclick>
                            <visible>Control.IsVisible(179)</visible>
                        </item>
                        <item id="8">
                            <label>$LOCALIZE[134]</label>
                            <label2>$INFO[Control.GetLabel(180)]</label2>
                            <icon>special://skin/extras/icons/song.png</icon>
                            <onclick>noop</onclick>
                            <visible>Control.IsVisible(189)</visible>
                        </item>
                        <item id="9">
                            <label>$LOCALIZE[344]</label>
                            <label2>$INFO[Control.GetLabel(210)]</label2>
                            <icon>special://skin/extras/icons/actor.png</icon>
                            <onclick>noop</onclick>
                            <visible>Control.IsVisible(219)</visible>
                        </item>
                        <item id="10">
                            <label>$LOCALIZE[20348]</label>
                            <label2>$INFO[Control.GetLabel(230)]</label2>
                            <icon>special://skin/extras/icons/director.png</icon>
                            <onclick>noop</onclick>
                            <visible>Control.IsVisible(239)</visible>
                        </item>
                        <item id="11">
                            <label>$LOCALIZE[19069]</label>
                            <label2>$INFO[Control.GetLabel(220)]</label2>
                            <icon>special://skin/extras/icons/livetv.png</icon>
                            <onclick>noop</onclick>
                            <visible>Control.IsVisible(229)</visible>
                        </item>
                    </content>
                </control>

                <!-- Global Search Items -->
                <control type="group" id="9500">
                    <right>380</right>
                    <width>1000</width>
                    <include content="GlobalSearch_List">
                        <param name="id" value="111" />
                        <param name="groupid" value="119" />
                        <param name="visible" value="Container(9600).HasFocus(1)" />
                        <param name="label2" value="$INFO[ListItem.Property(year)]$INFO[ListItem.Property(duration),  •  , $LOCALIZE[31020]]$INFO[ListItem.Property(rating),  •  ,]" />
                        <param name="label2vis" value="ListItem.Property(year)" />
                    </include>
                    <include content="GlobalSearch_List">
                        <param name="id" value="121" />
                        <param name="groupid" value="129" />
                        <param name="visible" value="Container(9600).HasFocus(2)" />
                        <param name="label2" value="$INFO[ListItem.Property(year)]$INFO[ListItem.Property(studio),  •  ,]$INFO[ListItem.Property(rating),  •  ,]" />
                        <param name="label2vis" value="ListItem.Property(year)" />
                    </include>
                    <include content="GlobalSearch_List">
                        <param name="id" value="131" />
                        <param name="groupid" value="139" />
                        <param name="visible" value="Container(9600).HasFocus(3)" />
                    </include>
                    <include content="GlobalSearch_List">
                        <param name="id" value="141" />
                        <param name="groupid" value="149" />
                        <param name="visible" value="Container(9600).HasFocus(4)" />
                        <param name="label2" value="$INFO[ListItem.Property(TvShowTitle)]$INFO[ListItem.Property(Season),  •  S,]$INFO[ListItem.Property(Episode),E,]$INFO[ListItem.Property(duration),  •  , $LOCALIZE[31020]]$INFO[ListItem.Property(rating),  •  ,]" />
                        <param name="label2vis" value="ListItem.Property(TvShowTitle)" />
                    </include>
                    <include content="GlobalSearch_List">
                        <param name="id" value="151" />
                        <param name="groupid" value="159" />
                        <param name="visible" value="Container(9600).HasFocus(5)" />
                        <param name="label2" value="$INFO[ListItem.Property(artist)]$INFO[ListItem.Property(album),  •  ,]$INFO[ListItem.Property(year),  •  ,]" />
                        <param name="label2vis" value="ListItem.Property(artist)" />
                    </include>
                    <include content="GlobalSearch_List">
                        <param name="id" value="161" />
                        <param name="groupid" value="169" />
                        <param name="visible" value="Container(9600).HasFocus(6)" />
                    </include>
                    <include content="GlobalSearch_List">
                        <param name="id" value="171" />
                        <param name="groupid" value="179" />
                        <param name="visible" value="Container(9600).HasFocus(7)" />
                        <param name="label2" value="$INFO[ListItem.Property(artist)]$INFO[ListItem.Property(year),  •  ,]" />
                        <param name="label2vis" value="ListItem.Property(artist)" />
                    </include>
                    <include content="GlobalSearch_List">
                        <param name="id" value="181" />
                        <param name="groupid" value="189" />
                        <param name="visible" value="Container(9600).HasFocus(8)" />
                        <param name="label2" value="$INFO[ListItem.Property(artist)]$INFO[ListItem.Property(album),  •  ,]$INFO[ListItem.Property(duration),  •  ,]" />
                        <param name="label2vis" value="ListItem.Property(artist)" />
                    </include>
                    <include content="GlobalSearch_List">
                        <param name="id" value="211" />
                        <param name="groupid" value="219" />
                        <param name="visible" value="Container(9600).HasFocus(9)" />
                    </include>
                    <include content="GlobalSearch_List">
                        <param name="id" value="221" />
                        <param name="groupid" value="229" />
                        <param name="visible" value="Container(9600).HasFocus(10)" />
                    </include>
                    <include content="GlobalSearch_List">
                        <param name="id" value="231" />
                        <param name="groupid" value="239" />
                        <param name="visible" value="Container(9600).HasFocus(11)" />
                    </include>
                </control>

                <!-- Buttons -->
                <control type="grouplist" id="8000">
                    <onleft>9500</onleft>
                    <include>Dialog_Standard_Right_Grouplist</include>
                    <control type="button" id="198">
                        <include>Dialog_Standard_Right_Buttons</include>
                    </control>
                    <control type="button" id="8001">
                        <label>$LOCALIZE[31019]</label>
                        <onclick>Close</onclick>
                        <include>Dialog_Standard_Right_Buttons</include>
                    </control>
                </control>

                <!-- Big Image -->
                <control type="group">
                    <centerright>190</centerright>
                    <top>495</top>
                    <width>300</width>
                    <height>450</height>
                    <control type="image">
                        <texture>$INFO[Container(111).ListItem.Icon]</texture>
                        <aspectratio align="center" aligny="bottom">keep</aspectratio>
                        <visible>Control.IsVisible(111)</visible>
                    </control>
                    <control type="image">
                        <texture>$INFO[Container(121).ListItem.Icon]</texture>
                        <aspectratio align="center" aligny="bottom">keep</aspectratio>
                        <visible>Control.IsVisible(121)</visible>
                    </control>
                    <control type="image">
                        <texture>$INFO[Container(131).ListItem.Icon]</texture>
                        <aspectratio align="center" aligny="bottom">keep</aspectratio>
                        <visible>Control.IsVisible(131)</visible>
                    </control>
                    <control type="image">
                        <texture>$INFO[Container(141).ListItem.Property(art(poster))]</texture>
                        <aspectratio align="center" aligny="bottom">keep</aspectratio>
                        <visible>Control.IsVisible(141)</visible>
                    </control>
                    <control type="image">
                        <texture>$INFO[Container(151).ListItem.Icon]</texture>
                        <aspectratio align="center" aligny="bottom">keep</aspectratio>
                        <visible>Control.IsVisible(151)</visible>
                    </control>
                    <control type="image">
                        <texture>$INFO[Container(161).ListItem.Icon]</texture>
                        <aspectratio align="center" aligny="bottom">keep</aspectratio>
                        <visible>Control.IsVisible(161)</visible>
                    </control>
                    <control type="image">
                        <texture>$INFO[Container(171).ListItem.Icon]</texture>
                        <aspectratio align="center" aligny="bottom">keep</aspectratio>
                        <visible>Control.IsVisible(171)</visible>
                    </control>
                    <control type="image">
                        <texture>$INFO[Container(181).ListItem.Icon]</texture>
                        <aspectratio align="center" aligny="bottom">keep</aspectratio>
                        <visible>Control.IsVisible(181)</visible>
                    </control>
                    <control type="image">
                        <texture>$INFO[Container(191).ListItem.Icon]</texture>
                        <aspectratio align="center" aligny="bottom">keep</aspectratio>
                        <visible>Control.IsVisible(191)</visible>
                    </control>
                </control>

                <!-- Separator -->
                <control type="image">
                    <right>380</right>
                    <top>120</top>
                    <height>825</height>
                    <width>1</width>
                    <texture colordiffuse="dialog_fg_12">common/white.png</texture>
                </control>
                <control type="image">
                    <right>1380</right>
                    <top>120</top>
                    <height>825</height>
                    <width>1</width>
                    <texture colordiffuse="dialog_fg_12">common/white.png</texture>
                </control>
            </control>
        </control>
       
        <control type="label" id="110">
            <visible>false</visible>
        </control>
        <control type="label" id="120">
            <visible>false</visible>
        </control>
        <control type="label" id="130">
            <visible>false</visible>
        </control>
        <control type="label" id="140">
            <visible>false</visible>
        </control>
        <control type="label" id="150">
            <visible>false</visible>
        </control>
        <control type="label" id="160">
            <visible>false</visible>
        </control>
        <control type="label" id="170">
            <visible>false</visible>
        </control>
        <control type="label" id="180">
            <visible>false</visible>
        </control>
        <control type="label" id="210">
            <visible>false</visible>
        </control>
        <control type="label" id="190" description="Searching">
            <visible>false</visible>
        </control>
        <control type="label" id="191" description="Currently Searching">
            <visible>false</visible>
        </control>
        <control type="label" id="199">
            <visible>false</visible>
        </control>

    </controls>
</window>
