<?xml version="1.0" encoding="UTF-8"?>
<colors>
<!--main colors-->
	<color name="base_1">ff3d004d</color><!--main background color-->
	<color name="base_2">ff3d004d</color><!--primary overlay / menu color-->
	<color name="base_3">fff6cbff</color><!--secondary overlay / menu color (home menu)-->
	<color name="accent_1">ff3d004d</color><!--primary accent color (seekbar)-->
	<color name="accent_2">fff6cbff</color><!--secondary accent color (home submenu)-->
	
<!--text-->
	<color name="Color1">fff6cbff</color><!--main textcolor-->
	<color name="Color2">fff6cbff</color><!--secondary textcolor-->
	<color name="Color3">fff6cbff</color><!--tertiary textcolor-->
	<color name="Color7">fff6cbff</color><!--description / plot textcolor-->

<!--buttons / control states (text)-->
	<color name="Focused">FF111111</color>
	<color name="Disabled">ff9a9a9a</color>
	<color name="Selected">ff27ae60</color>
	<color name="Warning">ffff4e4e</color>

<!--columns / lists-->
	<color name="column1">ff3d004d</color><!--main columns text color-->
	<color name="column2">4dff0000</color><!--primary columns base color-->
	<color name="column3">ff2d5a83</color><!--secondary columns base color-->

<!--dialogs-->
	<color name="glyph_nf">ff7d7d7d</color>
	<color name="glyph_fo">ffffffff</color>
	<color name="Color4">fff6cbff</color><!--primary dialog textcolor-->
	<color name="Color5">ff3d004d</color><!--secondary dialog textcolor-->

<!--pvr-->
	<color name="rec1">ffFF1744</color><!--textcolor for unfocused recording items-->
	<color name="rec2">ffB71C1C</color><!--textcolor for focused recording items-->

<!--flags-->
	<color name="flag_1">ddffffff</color><!--(studio) logos, flags-->

</colors>