<?xml version="1.0" encoding="UTF-8"?>
<window >
	<defaultcontrol always="true">9000</defaultcontrol>
	<controls>
		<!-- Info -->
		<control type="group">
	    <include>InfoDialogs_OpenCloseAnimation</include>
			<control type="group">
				<left>45</left>
				<top>160</top>
				<control type="image">
					<width>386</width>
					<height>386</height>
					<texture background="true" diffuse="views/wall/square_diffuse.png">thumbs/thumb_back.png</texture>
				</control>
				<control type="image">
					<width>386</width>
					<height>386</height>
			    <aspectratio align="center" aligny="center" scalediffuse="false">keep</aspectratio>
			    <texture diffuse="views/wall/square_diffuse.png" fallback="windows/pvr/channel_icon_big.png">$INFO[ListItem.Icon]</texture>
				</control>
				<control type="image">
					<width>386</width>
					<height>386</height>
					<aspectratio align="center" aligny="center">stretch</aspectratio>
					<texture background="true">views/wall/square_overlay.png</texture>
				</control>
			</control>
			<control type="group">
				<left>455</left>
				<top>170</top>
				<control type="label">
					<description>Title</description>
					<left>-2</left>
					<top>0</top>
					<width>775</width>
					<height>30</height>
					<font>FontSize_40</font>
					<label>$INFO[ListItem.Title]</label>
					<align>left</align>
					<aligny>center</aligny>
					<textcolor>white</textcolor>
					<shadowcolor>99000000</shadowcolor>
				</control>
				<control type="label">
					<description>Under Title</description>
					<left>0</left>
					<top>32</top>
					<width>775</width>
					<height>30</height>
					<font>FontSize_22</font>
				  <label fallback="195">$INFO[ListItem.Genre]</label>
					<align>left</align>
					<aligny>center</aligny>
					<textcolor>99white</textcolor>
					<shadowcolor>99000000</shadowcolor>
				</control>
				<control type="textbox">
					<description>Description Value</description>
					<left>0</left>
					<top>160</top>
					<width>775</width>
					<height>210</height>
					<font>FontSize_22</font>
					<align>justify</align>
					<textcolor>99white</textcolor>
					<shadowcolor>99000000</shadowcolor>
					<label fallback="195">$VAR[GlobalPlotDescription]</label>
					<autoscroll time="3000" delay="5000" repeat="5000">Skin.HasSetting(AutoScroll)</autoscroll>
				</control>
			</control>
			<control type="group">
				<left>455</left>
				<top>240</top>
				<control type="grouplist">
					<left>0</left>
					<top>0</top>
					<width>775</width>
	        <height>30</height>
				  <orientation>horizontal</orientation>
					<control type="label">
						<textcolor>white</textcolor>
						<shadowcolor>99000000</shadowcolor>
						<font>FontSize_22</font>
						<width min="10" max="675">auto</width>
						<label>$LOCALIZE[19126]:</label>
					</control>
					<control type="label">
						<textcolor>99white</textcolor>
						<shadowcolor>99000000</shadowcolor>
						<font>FontSize_22</font>
						<width min="10" max="675">auto</width>
						<height>30</height>
      	    <label fallback="195">$INFO[ListItem.StartTime]$INFO[ListItem.StartDate, (,)]</label>
					</control>
				</control>
				<control type="grouplist">
					<left>0</left>
					<top>25</top>
					<width>775</width>
	        <height>30</height>
				  <orientation>horizontal</orientation>
					<control type="label">
						<textcolor>white</textcolor>
						<shadowcolor>99000000</shadowcolor>
						<font>FontSize_22</font>
						<width min="10" max="705">auto</width>
						<height>30</height>
						<label>$LOCALIZE[19127]:</label>
					</control>
					<control type="label">
						<textcolor>99white</textcolor>
						<shadowcolor>99000000</shadowcolor>
						<font>FontSize_22</font>
						<width min="10" max="705">auto</width>
						<height>30</height>
      	    <label fallback="195">$INFO[ListItem.EndTime]$INFO[ListItem.EndDate, (,)]</label>
					</control>
				</control>
				<control type="grouplist">
					<left>0</left>
					<top>50</top>
					<width>775</width>
	        <height>30</height>
				  <orientation>horizontal</orientation>
					<control type="label">
						<textcolor>white</textcolor>
						<shadowcolor>99000000</shadowcolor>
						<font>FontSize_22</font>
						<width min="10" max="705">auto</width>
						<height>30</height>
						<label>$LOCALIZE[180]:</label>
					</control>
					<control type="label">
						<textcolor>99white</textcolor>
						<shadowcolor>99000000</shadowcolor>
						<font>FontSize_22</font>
						<width min="10" max="705">auto</width>
						<height>30</height>
            <label>$VAR[ListItemDuration]</label>
					</control>
				</control>
			</control>
		</control>

    <!-- ================= -->
    <!-- == Top Buttons == -->
    <!-- ================= -->
	  <control type="group">
			<left>45</left>
			<top>25</top>
	    <include>InfoDialogs_OpenCloseAnimation</include>
      <!-- Buttons -->
			<control type="grouplist" id="9000">
				<left>0</left>
				<top>0</top>
				<height>0</height>
				<width>1190</width>
				<itemgap>15</itemgap>
				<orientation>horizontal</orientation>
				<onleft>9000</onleft>
				<onright>9000</onright>
				<ondown>50</ondown>
				<control type="label" id="999">
				  <include>TopBigLabel</include>
				  <label>$LOCALIZE[544]</label>
				</control>
				<control type="button" id="4">
					<description>Similar</description>
				  <include>TopMenuButton</include>
					<label>$LOCALIZE[19003]</label>
					<oninfo>PreviousMenu</oninfo>
			    <visible>Window.IsVisible(PVRGuideInfo)</visible>
				</control>
				<control type="button" id="5">
					<description>Switch</description>
				  <include>TopMenuButton</include>
					<label>$LOCALIZE[19165]</label>
					<oninfo>PreviousMenu</oninfo>
			    <visible>Window.IsVisible(PVRGuideInfo)</visible>
				</control>
				<control type="button" id="8">
					<description>Play recording</description>
				  <include>TopMenuButton</include>
					<label>$LOCALIZE[19687]</label>
					<oninfo>PreviousMenu</oninfo>
			    <visible>Window.IsVisible(PVRGuideInfo) | Window.IsActive(PVRRecordingInfo)</visible>
				</control>
				<control type="button" id="6">
					<description>Record</description>
				  <include>TopMenuButton</include>
					<label>-</label>
					<oninfo>PreviousMenu</oninfo>
			    <visible>Window.IsVisible(PVRGuideInfo)</visible>
				</control>
				<control type="button" id="9">
					<description>Add Timer</description>
				  <include>TopMenuButton</include>
					<oninfo>PreviousMenu</oninfo>
					<label>$LOCALIZE[19061]</label>
				</control>
			</control>
      <!-- Content Info -->
			<control type="label">
  			<left>2</left>
  			<top>45</top>
				<width>300</width>
				<height>20</height>
				<font>FontSize_18</font>
				<textcolor>$VAR[Text.GlobalColor]</textcolor>
				<scroll>false</scroll>
				<align>left</align>
				<aligny>center</aligny>
				<label>$VAR[MediaInfoContentInfoLabels]</label>
			</control>
		</control>
	</controls>
</window>