<?xml version="1.0" encoding="UTF-8"?>
<window  id="2001">
	<defaultcontrol always="true">9000</defaultcontrol>
	<onload>ClearProperty(musicinfo)</onload>
	<controls>

		<control type="group">
			<visible>![Window.Is(songinformation) + Window.IsActive(musicinformation)]</visible>
			<visible>!Window.IsActive(FileBrowser)
				     + !Window.IsActive(TextViewer)
			       + !Window.IsActive(progressdialog)
			       + !Window.IsActive(okdialog)
			       + !Window.IsActive(virtualkeyboard)
			       + !Window.IsActive(SelectDialog)
			       + !Window.IsActive(DialogSelect.xml)</visible>
      <include>InfoDialogs_OpenCloseAnimation</include>
			<control type="group">
				<left>45</left>
				<top>160</top>
				<control type="image">
					<width>386</width>
					<height>386</height>
					<aspectratio align="center" aligny="center" scalediffuse="false">scale</aspectratio>
					<texture background="true" fallback="thumbs/fallback_square.png" diffuse="views/wall/square_diffuse.png">$INFO[ListItem.Thumb]</texture>
					<visible>![Control.HasFocus(50) + !String.Contains(Container(50).ListItem.Thumb,DefaultAlbumCover) + !String.IsEqual(ListItem.DBType,album)]</visible>
				</control>
				<control type="image">
					<width>386</width>
					<height>386</height>
					<aspectratio align="center" aligny="center" scalediffuse="false">scale</aspectratio>
					<texture background="true" diffuse="views/wall/square_diffuse.png">$INFO[Container(50).ListItem.Thumb]</texture>
					<visible>[Control.HasFocus(50) + !String.Contains(Container(50).ListItem.Thumb,DefaultAlbumCover)]</visible>
				</control>
				<control type="image">
					<width>386</width>
					<height>386</height>
					<aspectratio align="center" aligny="center">stretch</aspectratio>
					<texture background="true">views/wall/square_overlay.png</texture>
				</control>
			</control>

			<!-- Info -->
			<control type="group">
				<left>455</left>
				<top>170</top>
				<control type="label">
					<description>Head Title</description>
					<left>-2</left>
					<top>0</top>
					<width>775</width>
					<height>30</height>
					<font>FontSize_40</font>
					<label>$VAR[DialogsInfoHeadTitle]</label>
					<align>left</align>
					<aligny>center</aligny>
					<textcolor>white</textcolor>
					<shadowcolor>99000000</shadowcolor>
				</control>
				<control type="label">
					<description>Sub Title</description>
					<left>0</left>
					<top>32</top>
					<width>775</width>
					<height>30</height>
					<font>FontSize_22</font>
					<label>$VAR[DialogsInfoSubTitle]</label>
					<align>left</align>
					<aligny>center</aligny>
					<textcolor>99white</textcolor>
					<shadowcolor>99000000</shadowcolor>
				</control>
				<!-- ARTISTS -->
				<control type="group">
					<visible>String.IsEqual(ListItem.DBType,Artist)</visible>
					<visible>String.IsEmpty(Window.Property(musicinfo))</visible>
					<animation effect="fade" start="0" end="100" time="100" reversible="false">Visible</animation>
					<animation effect="fade" start="100" end="0" time="100" reversible="false">Hidden</animation>
					<left>0</left>
					<top>72</top>
					<!-- Artist Formed label -->
					<control type="grouplist">
						<left>0</left>
						<top>0</top>
						<width>775</width>
		        <height>30</height>
					  <orientation>horizontal</orientation>
						<control type="label">
	            <include>MusicInfoDialogLabel</include>
							<label>$LOCALIZE[21894]:</label>
						</control>
						<control type="label">
	            <include>MusicInfoDialogLabelValue</include>
							<label fallback="195">$INFO[ListItem.Property(Artist_Formed)]</label>
						</control>
					</control>
					<!-- Years Active label -->
					<control type="grouplist">
						<left>0</left>
						<top>25</top>
						<width>775</width>
		        <height>30</height>
					  <orientation>horizontal</orientation>
						<control type="label">
	            <include>MusicInfoDialogLabel</include>
							<label>$LOCALIZE[21898]:</label>
						</control>
						<control type="label">
	            <include>MusicInfoDialogLabelValue</include>
							<label fallback="195">$INFO[ListItem.Property(Artist_YearsActive)]</label>
					    <visible>IsEmpty(ListItem.Property(Artist_Disbanded))</visible>
						</control>
						<control type="label">
	            <include>MusicInfoDialogLabelValue</include>
							<label fallback="195">$INFO[ListItem.Property(Artist_YearsActive),, ($LOCALIZE[21896])]</label>
					    <visible>!IsEmpty(ListItem.Property(Artist_Disbanded))</visible>
						</control>
					</control>
					<!-- Moods label -->
					<control type="grouplist">
						<left>0</left>
						<top>50</top>
						<width>775</width>
		        <height>30</height>
					  <orientation>horizontal</orientation>
						<control type="label">
	            <include>MusicInfoDialogLabel</include>
							<label>$LOCALIZE[175]:</label>
						</control>
						<control type="label">
	            <include>MusicInfoDialogLabelValue</include>
							<label fallback="195">$INFO[ListItem.Property(Artist_Mood)]</label>
						</control>
					</control>
					<!-- Styles label -->
					<control type="grouplist">
						<left>0</left>
						<top>75</top>
						<width>775</width>
		        <height>30</height>
					  <orientation>horizontal</orientation>
						<control type="label">
	            <include>MusicInfoDialogLabel</include>
							<label>$LOCALIZE[176]:</label>
						</control>
						<control type="label">
	            <include>MusicInfoDialogLabelValue</include>
							<label fallback="195">$INFO[ListItem.Property(Artist_Style)]</label>
						</control>
					</control>
				</control>
				<!-- ALBUMS -->
				<control type="group">
					<visible>![String.IsEqual(ListItem.DBType,Artist) | String.IsEqual(ListItem.DBType,Song)]</visible>
					<visible>String.IsEmpty(Window.Property(musicinfo))</visible>
					<animation effect="fade" start="0" end="100" time="100" reversible="false">Visible</animation>
					<animation effect="fade" start="100" end="0" time="100" reversible="false">Hidden</animation>
					<left>0</left>
					<top>72</top>
					<!-- Genre label -->
					<control type="grouplist">
						<left>0</left>
						<top>0</top>
						<width>775</width>
		        <height>30</height>
					  <orientation>horizontal</orientation>
						<control type="label">
	            <include>MusicInfoDialogLabel</include>
							<label>$LOCALIZE[515]:</label>
						</control>
						<control type="label">
	            <include>MusicInfoDialogLabelValue</include>
							<label fallback="195">$INFO[ListItem.Genre]</label>
						</control>
					</control>
					<!-- Year label -->
					<control type="grouplist">
						<left>0</left>
						<top>25</top>
						<width>775</width>
		        <height>30</height>
					  <orientation>horizontal</orientation>
						<control type="label">
	            <include>MusicInfoDialogLabel</include>
							<label>$LOCALIZE[345]:</label>
						</control>
						<control type="label">
	            <include>MusicInfoDialogLabelValue</include>
							<label fallback="195">$INFO[ListItem.Year]</label>
						</control>
					</control>
					<!-- Type label -->
					<control type="grouplist">
						<left>0</left>
						<top>50</top>
						<width>775</width>
		        <height>30</height>
					  <orientation>horizontal</orientation>
						<control type="label">
	            <include>MusicInfoDialogLabel</include>
							<label>$LOCALIZE[146]</label>
						</control>
						<control type="label">
	            <include>MusicInfoDialogLabelValue</include>
							<label fallback="195">$INFO[ListItem.Property(Album_Type)]</label>
						</control>
					</control>					
					<!-- Music Label label -->
					<control type="grouplist">
						<left>0</left>
						<top>75</top>
						<width>775</width>
		        <height>30</height>
					  <orientation>horizontal</orientation>
						<control type="label">
	            <include>MusicInfoDialogLabel</include>
							<label>$LOCALIZE[21899]:</label>
						</control>
						<control type="label">
	            <include>MusicInfoDialogLabelValue</include>
							<label fallback="195">$INFO[ListItem.Property(Album_Label)]</label>
						</control>
					</control>
				</control>
				<!-- SONGS -->
				<control type="group">
					<visible>String.IsEqual(ListItem.DBType,Song)</visible>
					<left>0</left>
					<top>72</top>
					<!-- Genre label -->
					<control type="grouplist">
						<left>0</left>
						<top>0</top>
						<width>775</width>
		        <height>30</height>
					  <orientation>horizontal</orientation>
						<control type="label">
	            <include>MusicInfoDialogLabel</include>
							<label>$LOCALIZE[515]:</label>
						</control>
						<control type="label">
	            <include>MusicInfoDialogLabelValue</include>
						  <label fallback="195">$INFO[ListItem.Genre]</label>
						</control>
					</control>
					<!-- Year label -->
					<control type="grouplist">
						<left>0</left>
						<top>25</top>
						<width>775</width>
		        <height>30</height>
					  <orientation>horizontal</orientation>
						<control type="label">
	            <include>MusicInfoDialogLabel</include>
							<label>$LOCALIZE[562]:</label>
						</control>
						<control type="label">
	            <include>MusicInfoDialogLabelValue</include>
							<label fallback="195">$INFO[ListItem.Year]</label>
						</control>
					</control>				
					<!-- Track Number label -->
					<control type="grouplist">
						<left>0</left>
						<top>50</top>
						<width>775</width>
		        <height>30</height>
					  <orientation>horizontal</orientation>
						<control type="label">
	            <include>MusicInfoDialogLabel</include>
							<label>$LOCALIZE[554]:</label>
						</control>
						<control type="label">
	            <include>MusicInfoDialogLabelValue</include>
							<label fallback="195">$INFO[ListItem.TrackNumber,#]</label>
						  <visible>IntegerGreaterThan(ListItem.TrackNumber,9)</visible>
						</control>
						<control type="label">
	            <include>MusicInfoDialogLabelValue</include>
							<label fallback="195">$INFO[ListItem.TrackNumber,#0]</label>
						  <visible>!IntegerGreaterThan(ListItem.TrackNumber,9)</visible>
						</control>
					</control>
					<!-- Rating label -->
					<control type="grouplist">
						<left>0</left>
						<top>75</top>
						<width>775</width>
		        <height>30</height>
					  <orientation>horizontal</orientation>
						<control type="label">
	            <include>MusicInfoDialogLabel</include>
							<label>$LOCALIZE[38018]:</label>
						</control>
						<control type="label">
              <include>MusicInfoDialogLabelValue</include>
							<label fallback="195">$INFO[ListItem.Rating]</label>
						</control>
					</control>
				</control>
			</control>

			<!-- Descriptions -->
			<control type="textbox">
				<left>455</left>
				<top>360</top>
				<width>775</width>
				<height>185</height>
				<font>FontSize_22</font>
				<align>justify</align>
				<textcolor>99white</textcolor>
				<shadowcolor>99000000</shadowcolor>
				<label fallback="195">$VAR[DialogsInfoPlotDescription]</label>
				<autoscroll time="3000" delay="5000" repeat="5000">Skin.HasSetting(AutoScroll)</autoscroll>
	      <visible>String.IsEmpty(Window.Property(musicinfo))</visible>
			</control>

  		<!-- Albums\Tracks List -->
  		<control type="group">
  			<left>454</left>
  			<top>295</top>
	      <visible>String.IsEqual(Window.Property(musicinfo),1) | String.IsEqual(Window.Property(musicinfo),2)</visible>
  			<animation effect="fade" start="0" end="100" time="100" reversible="false">Visible</animation>
  			<animation effect="fade" start="100" end="0" time="100" reversible="false">Hidden</animation>
  			<control type="list" id="50">
  				<description>Albums\Tracks</description>
  				<left>0</left>
  				<top>0</top>
  				<width>786</width>
  				<height>252</height>
  				<onleft>9000</onleft>
  				<onright>9000</onright>
  				<onup>50</onup>
  				<ondown>50</ondown>
          <onup>noop</onup>
          <ondown>noop</ondown>
          <scrolltime>200</scrolltime>
  				<itemlayout condition="String.IsEqual(ListItem.DBType,Artist)" height="36" width="786">
  					<control type="label">
  						<width>775</width>
  						<height>30</height>
  						<font>FontSize_22</font>
  						<textcolor>99white</textcolor>
  						<shadowcolor>77000000</shadowcolor>
  						<align>left</align>
  						<aligny>center</aligny>
              <label>$INFO[ListItem.Label]</label>
  					</control>
  					<control type="label">
  						<width>775</width>
  						<height>30</height>
  						<font>FontSize_22</font>
  						<textcolor>99white</textcolor>
  						<shadowcolor>77000000</shadowcolor>
  						<align>right</align>
  						<aligny>center</aligny>
              <label fallback="․  ․  ․">$INFO[ListItem.Label2]</label>
  					</control>
  				</itemlayout>
  				<itemlayout condition="String.IsEqual(ListItem.DBType,Album)" height="36" width="786">
  					<control type="label">
  						<width>775</width>
  						<height>30</height>
  						<font>FontSize_22</font>
  						<textcolor>99white</textcolor>
  						<shadowcolor>77000000</shadowcolor>
  						<align>left</align>
  						<aligny>center</aligny>
              <label>$VAR[AlbumInfoDialog_Albums]</label>
  					</control>
  					<control type="label">
  						<width>775</width>
  						<height>30</height>
  						<font>FontSize_22</font>
  						<textcolor>99white</textcolor>
  						<shadowcolor>77000000</shadowcolor>
  						<align>right</align>
  						<aligny>center</aligny>
        	    <label fallback="․  ․  ․">$INFO[ListItem.Duration]</label>
  					</control>
  				</itemlayout>
  				<focusedlayout condition="String.IsEqual(ListItem.DBType,Artist)" height="36" width="786">
  					<control type="label">
  						<width>775</width>
  						<height>30</height>
  						<font>FontSize_22</font>
  						<textcolor>$VAR[FocusUnFocusColor]</textcolor>
  						<shadowcolor>77000000</shadowcolor>
  						<align>left</align>
  						<aligny>center</aligny>
              <label>$INFO[ListItem.Label]</label>
  					</control>
  					<control type="label">
  						<width>775</width>
  						<height>30</height>
  						<font>FontSize_22</font>
  						<textcolor>$VAR[FocusUnFocusColor]</textcolor>
  						<shadowcolor>77000000</shadowcolor>
  						<align>right</align>
  						<aligny>center</aligny>
              <label fallback="․  ․  ․">$INFO[ListItem.Label2]</label>
  					</control>
						<control type="image">
							<width>775</width>
							<height>48</height>
							<texture border="0,29,0,29" colordiffuse="$VAR[Textures.GlobalColor]">dialogs/other/topmenu_underline.png</texture>
							<visible>Control.HasFocus(8333) | Control.HasFocus(50)</visible>
						</control>
  				</focusedlayout>
  				<focusedlayout condition="String.IsEqual(ListItem.DBType,Album)" height="36" width="786">
  					<control type="button">
  				    <include>HiddenItem</include>
              <onfocus>SetFocus(8333)</onfocus>
            </control>
  					<control type="label">
  						<width>775</width>
  						<height>30</height>
  						<font>FontSize_22</font>
  						<textcolor>$VAR[FocusUnFocusColor]</textcolor>
  						<shadowcolor>77000000</shadowcolor>
  						<align>left</align>
  						<aligny>center</aligny>
              <label>$VAR[AlbumInfoDialog_Albums]</label>
  					</control>
  					<control type="label">
  						<width>775</width>
  						<height>30</height>
  						<font>FontSize_22</font>
  						<textcolor>$VAR[FocusUnFocusColor]</textcolor>
  						<shadowcolor>77000000</shadowcolor>
  						<align>right</align>
  						<aligny>center</aligny>
        	    <label fallback="․  ․  ․">$INFO[ListItem.Duration]</label>
  					</control>
						<control type="image">
							<width>775</width>
							<height>48</height>
							<texture border="0,29,0,29" colordiffuse="$VAR[Textures.GlobalColor]">dialogs/other/topmenu_underline.png</texture>
							<visible>Control.HasFocus(8333) | Control.HasFocus(50)</visible>
						</control>
  				</focusedlayout>
  			</control>
  			<control type="group">
  				<left>555</left>
  				<top>45</top>
  				<visible>!String.IsEqual(Window.Property(musicinfo),1) | !String.IsEqual(Window.Property(musicinfo),2)</visible>
					<control type="label">
						<left>-555</left>
						<top>-82</top>
						<width>775</width>
						<height>30</height>
						<font>FontSize_22B</font>
						<textcolor>white</textcolor>
						<shadowcolor>77000000</shadowcolor>
						<align>left</align>
						<aligny>center</aligny>
            <label>$INFO[Container(50).NumItems,$LOCALIZE[132]: ]</label>
            <visible>String.IsEqual(ListItem.DBType,artist)</visible>
					</control>
					<control type="label">
						<left>-555</left>
						<top>-82</top>
						<width>775</width>
						<height>30</height>
						<font>FontSize_22B</font>
						<textcolor>white</textcolor>
						<shadowcolor>77000000</shadowcolor>
						<align>left</align>
						<aligny>center</aligny>
            <label>$INFO[Container(50).NumItems,$LOCALIZE[182]: ]</label>
            <visible>String.IsEqual(ListItem.DBType,album)</visible>
					</control>
  			</control>
  		</control>

			<!-- Path label -->
			<control type="grouplist">
			  <left>45</left>
			  <top>560</top>
				<width>1188</width>
				<align>left</align>
			  <itemgap>6</itemgap>
				<orientation>horizontal</orientation>
				<visible>!IsEmpty(ListItem.FilenameAndPath)</visible>
				<control type="image">
					<width>20</width>
					<height>20</height>
					<colordiffuse>55white</colordiffuse>
					<texture background="true">icons/submenu_info.png</texture>
				</control>
				<control type="label">
					<width>1165</width>
					<height>17</height>
					<font>FontSize_16B</font>
					<label>$INFO[ListItem.FilenameAndPath]</label>
					<textcolor>55white</textcolor>
				  <shadowcolor>99000000</shadowcolor>
          <haspath>true</haspath>
					<scroll>false</scroll>
				</control>
			</control>
		</control>

		<control type="button" id="8333">
		  <include>HiddenItem</include>
	    <onup condition="String.IsEqual(ListItem.DBType,Album)">Control.Move(50,-1)</onup>
	    <onup condition="String.IsEqual(ListItem.DBType,Album)">SetFocus(50)</onup>
	    <ondown condition="String.IsEqual(ListItem.DBType,Album)">Control.Move(50,1)</ondown>
      <ondown condition="String.IsEqual(ListItem.DBType,Album)">SetFocus(50)</ondown>
			<onleft>9000</onleft>
			<onright>9000</onright>
	    <onclick condition="String.IsEqual(ListItem.DBType,Album)">PlayMedia($INFO[ListItem.FileNameAndPath],isdir)</onclick>
		</control>

    <!-- ================= -->
    <!-- == Top Buttons == -->
    <!-- ================= -->
	  <control type="group">
			<left>45</left>
			<top>25</top>
      <include>InfoDialogs_OpenCloseAnimation</include>
			<visible>![Window.Is(songinformation) + Window.IsActive(musicinformation)]</visible>
			<!-- Rating -->
			<control type="grouplist">
				<left>0</left>
				<top>10</top>
				<height>0</height>
				<width>1190</width>
				<itemgap>5</itemgap>
				<align>right</align>
				<orientation>horizontal</orientation>
			  <include>VolumeBarSlideAnimations</include>
			  <visible>!String.IsEqual(ListItem.DBTYPE,artist)</visible>
				<control type="image">
					<width>38</width>
					<height>36</height>
	        <aspectratio>keep</aspectratio>
					<texture>$VAR[InfoDialogsStarRating]</texture>
				</control>
				<control type="label">
					<height>35</height>
					<width min="10" max="1280">auto</width>
					<font>FontSize_40</font>
					<textcolor>88white</textcolor>
					<shadowcolor>99000000</shadowcolor>
			    <align>left</align>
			    <aligny>center</aligny>
					<scroll>false</scroll>
				  <label fallback="12310">$INFO[ListItem.Rating]</label>
				</control>
				<control type="label">
					<height>32</height>
					<width min="10" max="1280">auto</width>
					<font>FontSize_40</font>
					<textcolor>88white</textcolor>
					<shadowcolor>99000000</shadowcolor>
			    <align>left</align>
			    <aligny>center</aligny>
					<scroll>false</scroll>
				  <label>|</label>
				  <visible>!String.IsEmpty(ListItem.UserRating)</visible>
				</control>
				<control type="image">
					<width>38</width>
					<height>36</height>
	        <aspectratio>keep</aspectratio>
					<texture>rating/star_full.png</texture>
				  <visible>!String.IsEmpty(ListItem.UserRating)</visible>
				</control>
				<control type="label">
					<height>35</height>
					<width min="10" max="1280">auto</width>
					<font>FontSize_40</font>
					<textcolor>88white</textcolor>
					<shadowcolor>99000000</shadowcolor>
			    <align>left</align>
			    <aligny>center</aligny>
					<scroll>false</scroll>
				  <label>$INFO[ListItem.UserRating]</label>
				  <visible>!String.IsEmpty(ListItem.UserRating)</visible>
				</control>
			</control>
      <!-- Main Buttons -->
			<control type="grouplist" id="9000">
		    <visible allowhiddenfocus="true">!ControlGroup(9222).HasFocus</visible>
	      <animation type="Visible" reversible="false">
          <effect type="fade" start="0" end="100" time="300" tween="sine" easing="out"  />
          <effect type="slide" start="0,35" end="0,0" time="350" tween="sine" easing="out" />
	      </animation>
	      <animation type="Hidden" reversible="false">
          <effect type="fade" start="100" end="0" time="300" tween="sine" easing="out" />
          <effect type="slide" start="0,0" end="0,35" time="350" tween="sine" easing="out" />
	      </animation>
				<left>0</left>
				<top>0</top>
				<height>0</height>
				<width>1190</width>
				<itemgap>15</itemgap>
				<orientation>horizontal</orientation>
				<onleft>9000</onleft>
				<onright>9000</onright>
				<ondown condition="String.IsEqual(Window.Property(musicinfo),1)">50</ondown>
				<ondown condition="String.IsEqual(Window.Property(musicinfo),2)">8333</ondown>
				<control type="label" id="999">
				  <include>TopBigLabel</include>
				  <label>$LOCALIZE[544]</label>
				</control>
				<control type="button" id="87">
					<description>Play</description>
					<label>$LOCALIZE[208]</label>
				  <include>TopMenuButton</include>
					<onclick condition="String.IsEqual(ListItem.DBTYPE,song)">PlayMedia($INFO[ListItem.FileNameAndPath])</onclick>
					<onclick condition="String.IsEqual(ListItem.DBTYPE,album)">PlayMedia($INFO[ListItem.FolderPath],isdir)</onclick>
					<visible>[String.IsEqual(ListItem.DBTYPE,song) | String.IsEqual(ListItem.DBTYPE,album)] + Window.IsVisible(Music)</visible>
				</control>
	      <control type="button" id="88">
					<description>Biography/Review</description>
          <include>TopMenuButton</include>
					<label>$VAR[BiographyReview_ButtonLabel]</label>
					<onclick condition="String.IsEmpty(Window.Property(musicinfo))">RunScript(script.skin.helper.service,action=textviewer,header=$VAR[BiographyReview_ButtonLabel],message='"$VAR[DialogsInfoPlotDescription]"')</onclick>
					<onclick>ClearProperty(musicinfo)</onclick>
					<visible>Window.IsVisible(Music) + !String.IsEqual(ListItem.DBType,song)</visible>
	      </control>
	      <control type="button" id="89">
					<description>Discography/Tracks</description>
          <include>TopMenuButton</include>
					<label>$VAR[DiscographyTracks_ButtonLabel]</label>
					<onclick condition="String.IsEqual(ListItem.DBType,artist)">SetProperty(musicinfo,1)</onclick>
					<onclick condition="String.IsEqual(ListItem.DBType,album)">SetProperty(musicinfo,2)</onclick>
					<visible>Window.IsVisible(Music) + !String.IsEqual(ListItem.DBType,song)</visible>
	      </control>
				<control type="button" id="86">
					<description>Search YouTube</description>
				  <include>TopMenuButton</include>
					<label>$LOCALIZE[31254]</label>
          <onclick>PreviousMenu</onclick>
					<onclick condition="String.IsEqual(ListItem.DBTYPE,artist)">RunScript(script.extendedinfo,info=youtubebrowser,id=$INFO[ListItem.Artist])</onclick>
					<onclick condition="String.IsEqual(ListItem.DBTYPE,song)">RunScript(script.extendedinfo,info=youtubebrowser,id=$INFO[ListItem.Artist]$INFO[ListItem.Title, - ])</onclick>
					<onclick condition="![String.IsEqual(ListItem.DBType,Artist) | String.IsEqual(ListItem.DBType,Song)]">RunScript(script.extendedinfo,info=youtubebrowser,id=$INFO[ListItem.Artist] $INFO[ListItem.Album])</onclick>
				</control>
				<control type="button" id="84">
					<description>Album Information</description>
					<label>$LOCALIZE[10523]</label>
				  <include>TopMenuButton</include>
					<onclick>SendClick(12)</onclick>
				  <visible>String.IsEqual(ListItem.DBType,Song)</visible>
				</control>
				<control type="button" id="85">
					<description>Edit</description>
				  <include>TopMenuButton</include>
					<label>$LOCALIZE[21435]</label>
					<onclick>ClearProperty(musicinfo)</onclick>
					<onclick>SetFocus(9222)</onclick>
				  <visible>Window.IsVisible(Music)</visible>
				</control>
			</control>

      <!-- Content Info -->
			<control type="label">
  			<left>2</left>
  			<top>45</top>
				<width>300</width>
				<height>20</height>
				<font>FontSize_18</font>
				<textcolor>$VAR[Text.GlobalColor]</textcolor>
				<scroll>false</scroll>
				<align>left</align>
				<aligny>center</aligny>
				<label>$VAR[MediaInfoContentInfoLabels]</label>
			</control>

      <!-- Edit Buttons -->
			<control type="grouplist" id="9222">
		    <visible allowhiddenfocus="true">ControlGroup(9222).HasFocus</visible>
	      <animation type="Visible"  reversible="false">
          <effect type="fade" start="0" end="100" time="300" tween="sine" easing="in"  />
          <effect type="slide" start="0,-35" end="0,0" time="350" tween="cubic" easing="out" />
	      </animation>
	      <animation type="Hidden" reversible="false">
          <effect type="fade" start="100" end="0" time="300" tween="sine" easing="out" />
          <effect type="slide" start="0,0" end="0,-35" time="350" tween="sine" easing="out" />
	      </animation>
				<left>0</left>
				<top>0</top>
				<height>0</height>
				<width>1190</width>
				<itemgap>15</itemgap>
				<orientation>horizontal</orientation>
				<onleft>9222</onleft>
				<onright>9222</onright>
				<onup>9000</onup>
				<ondown>9000</ondown>
				<onback>9000</onback>
				<control type="label" id="998">
				  <include>TopBigLabel</include>
				  <label>$LOCALIZE[21435]</label>
				</control>
				<control type="button" id="6">
					<description>Refresh</description>
					<label>$LOCALIZE[184]</label>
				  <include>TopMenuButton</include>
				</control>
				<control type="button" id="7">
					<description>User Rating</description>
					<label>-</label>
					<include>TopMenuButton</include>
				</control>
				<control type="button" id="10">
					<description>Get Thumb</description>
					<label>$LOCALIZE[13405]</label>
				  <include>TopMenuButton</include>
				</control>
				<control type="button" id="12">
					<description>Get Fanart</description>
					<label>$LOCALIZE[20413]</label>
				  <include>TopMenuButton</include>
				  <visible>!String.IsEqual(ListItem.DBType,Song)</visible>
				</control>
				<control type="button" id="14">
					<description>Library Editor</description>
					<label>$LOCALIZE[31125]</label>
				  <include>TopMenuButton</include>
	        <onclick>RunScript(script.libraryeditor,DBID=$INFO[ListItem.DBID])</onclick>
	        <visible>System.HasAddon(script.libraryeditor)</visible>
				</control>
			</control>
		</control>

	</controls>
</window>