<?xml version="1.0" encoding="utf-8"?>
<window>
	<defaultcontrol always="true">9000</defaultcontrol>
	<onload>ClearProperty(videoinfo)</onload>
  <controls>

		<control type="group">
			<visible>!Window.IsActive(progressdialog)
        		 + !Window.IsActive(okdialog)
        		 + !Window.IsActive(yesnodialog)
        		 + !Window.IsActive(FileBrowser)
				     + !Window.IsActive(TextViewer)
        		 + !Window.IsActive(SelectDialog)
        		 + !Window.IsActive(DialogSelect.xml)
        		 + !Window.IsActive(favourites)
        		 + ![Window.IsActive(PlayerControls) + ![Skin.HasSetting(DisableQuickNav) + !Player.HasMedia]]</visible>
	    <include>InfoDialogs_OpenCloseAnimation</include>
			<include>ShutdownMenuAnimation</include>
			<control type="group">
				<left>45</left>
				<top>140</top>
				<control type="image">
					<width>308</width>
					<height>453</height>
					<aspectratio align="center" aligny="center" scalediffuse="false">scale</aspectratio>
					<texture background="true" fallback="thumbs/fallback_poster_big.png" diffuse="views/wall/poster_diffuse.png">$INFO[Window.Property(Poster)]</texture>
				</control>
				<control type="image">
					<width>308</width>
					<height>453</height>
					<aspectratio align="center" aligny="center">stretch</aspectratio>
					<texture background="true" diffuse="views/wall/poster_diffuse.png">overlays/in_library_big.png</texture>
          <visible>!String.IsEmpty(Window.Property(DBID))</visible>
				</control>
				<control type="image">
					<width>308</width>
					<height>453</height>
					<aspectratio align="center" aligny="center">stretch</aspectratio>
					<texture background="true">views/wall/poster_overlay.png</texture>
				</control>
			</control>

  		<control type="group">
  			<left>375</left>
  			<top>150</top>
  			<visible>!String.IsEmpty(Window.Property(Title))</visible>
				<control type="label">
					<description>Title</description>
  			  <top>-3</top>
					<width>855</width>
					<font>FontSize_40</font>
					<label>$VAR[ExtendedInfoDialogs_Title]</label>
					<align>left</align>
					<aligny>center</aligny>
					<textcolor>white</textcolor>
					<shadowcolor>99000000</shadowcolor>
				</control>
  			<control type="image">
  				<left>0</left>
  				<top>37</top>
  				<width>60</width>
  				<height>25</height>
  				<align>left</align>
  				<aligny>center</aligny>
  		    <colordiffuse>mediaflags</colordiffuse>
  				<texture>$VAR[MPAAMetadataInfoFilmRating]</texture>
        	<visible>String.IsEqual(Window.Property(type),movie)</visible>
  			</control>
  			<control type="image">
  				<left>0</left>
  				<top>37</top>
  				<width>60</width>
  				<height>25</height>
  				<align>left</align>
  				<aligny>center</aligny>
  		    <colordiffuse>mediaflags</colordiffuse>
  				<texture fallback="flags/mpaa/tv/tv-na.png">$INFO[Window.Property(mpaa),flags/mpaa/tv/,.png]</texture>
        	<visible>String.IsEqual(Window.Property(type),tvshow)</visible>
  			</control>
  			<control type="label">
  				<description>SubTitle</description>
  				<left>68</left>
  				<top>37</top>
  				<width>795</width>
  				<height>25</height>
  				<font>FontSize_22</font>
					<label>$INFO[Window.Property(Genre)]</label>
  				<align>left</align>
  				<aligny>center</aligny>
  				<textcolor>99white</textcolor>
  				<shadowcolor>99000000</shadowcolor>
  			</control>
				<!-- Row.1 Labels -->
				<control type="grouplist">
					<left>0</left>
					<top>75</top>
					<width>860</width>
	        <height>30</height>
				  <orientation>horizontal</orientation>
  				<include>VisibleFadeEffect2</include>
  			  <visible>String.IsEmpty(Window.Property(videoinfo))</visible>
					<control type="label">
						<textcolor>white</textcolor>
						<shadowcolor>99000000</shadowcolor>
						<font>FontSize_22</font>
						<width min="10" max="780">auto</width>
  					<label>$VAR[ExtendedInfoDialogs_Row.1.Label]</label>
					</control>
					<control type="label">
						<textcolor>99white</textcolor>
						<shadowcolor>99000000</shadowcolor>
						<font>FontSize_22</font>
						<width min="10" max="780">auto</width>
						<height>30</height>
						<label fallback="195">$INFO[Window.Property(Director)]</label>
        	  <visible>String.IsEqual(Window.Property(type),movie)</visible>
					</control>
					<control type="label">
						<textcolor>99white</textcolor>
						<shadowcolor>99000000</shadowcolor>
						<font>FontSize_22</font>
						<width min="10" max="780">auto</width>
						<height>30</height>
						<label fallback="195">$INFO[Window.Property(Status)]</label>
        	  <visible>String.IsEqual(Window.Property(type),tvshow)</visible>
					</control>
				</control>
				<!-- Row.2 Labels -->
				<control type="grouplist">
					<left>0</left>
					<top>100</top>
					<width>860</width>
	        <height>30</height>
				  <orientation>horizontal</orientation>
  				<include>VisibleFadeEffect2</include>
  			  <visible>String.IsEmpty(Window.Property(videoinfo))</visible>
					<control type="label">
						<textcolor>white</textcolor>
						<shadowcolor>99000000</shadowcolor>
						<font>FontSize_22</font>
						<width min="10" max="780">auto</width>
  					<label>$VAR[ExtendedInfoDialogs_Row.2.Label]</label>
					</control>
					<control type="label">
						<textcolor>99white</textcolor>
						<shadowcolor>99000000</shadowcolor>
						<font>FontSize_22</font>
						<width min="10" max="780">auto</width>
						<height>30</height>
						<label fallback="195">$INFO[Window.Property(Writer)]</label>
        	  <visible>String.IsEqual(Window.Property(type),movie)</visible>
					</control>
					<control type="label">
						<textcolor>99white</textcolor>
						<shadowcolor>99000000</shadowcolor>
						<font>FontSize_22</font>
						<width min="10" max="780">auto</width>
						<height>30</height>
						<label fallback="195">$INFO[Window.Property(Premiered)]</label>
        	  <visible>String.IsEqual(Window.Property(type),tvshow)</visible>
					</control>
				</control>
				<!-- Row.3 Labels -->
				<control type="grouplist">
					<left>0</left>
					<top>125</top>
					<width>860</width>
	        <height>30</height>
				  <orientation>horizontal</orientation>
  				<include>VisibleFadeEffect2</include>
  			  <visible>String.IsEmpty(Window.Property(videoinfo))</visible>
					<control type="label">
						<textcolor>white</textcolor>
						<shadowcolor>99000000</shadowcolor>
						<font>FontSize_22</font>
						<width min="10" max="780">auto</width>
  					<label>$VAR[ExtendedInfoDialogs_Row.3.Label]</label>
					</control>
					<control type="label">
						<textcolor>99white</textcolor>
						<shadowcolor>99000000</shadowcolor>
						<font>FontSize_22</font>
						<width min="10" max="780">auto</width>
						<height>30</height>
						<label fallback="195">$INFO[Window.Property(Studio)]</label>
        	  <visible>String.IsEqual(Window.Property(type),movie)</visible>
					</control>
					<control type="label">
						<textcolor>99white</textcolor>
						<shadowcolor>99000000</shadowcolor>
						<font>FontSize_22</font>
						<width min="10" max="780">auto</width>
						<height>30</height>
						<label fallback="195">$INFO[Window.Property(TotalSeasons)]$INFO[Window.Property(TotalEpisodes), (, $LOCALIZE[20360])]</label>
        	  <visible>String.IsEqual(Window.Property(type),tvshow)</visible>
					</control>
				</control>
				<!-- Row.4 Labels -->
				<control type="grouplist">
					<left>0</left>
					<top>150</top>
					<width>860</width>
	        <height>30</height>
				  <orientation>horizontal</orientation>
  				<include>VisibleFadeEffect2</include>
  			  <visible>String.IsEmpty(Window.Property(videoinfo))</visible>
					<control type="label">
						<textcolor>white</textcolor>
						<shadowcolor>99000000</shadowcolor>
						<font>FontSize_22</font>
						<width min="10" max="780">auto</width>
  					<label>$VAR[ExtendedInfoDialogs_Row.4.Label]</label>
					</control>
					<control type="label">
						<textcolor>99white</textcolor>
						<shadowcolor>99000000</shadowcolor>
						<font>FontSize_22</font>
						<width min="10" max="780">auto</width>
						<height>30</height>
						<label fallback="195">$INFO[Window.Property(Duration),, $LOCALIZE[12391]]</label>
        	  <visible>String.IsEqual(Window.Property(type),movie)</visible>
					</control>
					<control type="label">
						<textcolor>99white</textcolor>
						<shadowcolor>99000000</shadowcolor>
						<font>FontSize_22</font>
						<width min="10" max="780">auto</width>
						<height>30</height>
						<label fallback="195">$INFO[Container(1450).ListItem.Label]</label>
        	  <visible>String.IsEqual(Window.Property(type),tvshow)</visible>
					</control>
				</control>
				<!-- Plot -->
				<control type="textbox">
					<left>0</left>
					<top>195</top>
					<width>855</width>
					<height>240</height>
					<font>FontSize_22</font>
					<align>justify</align>
					<textcolor>99white</textcolor>
					<shadowcolor>99000000</shadowcolor>
					<label>$INFO[Window.Property(Plot)]</label>
					<autoscroll time="3000" delay="5000" repeat="5000">Skin.HasSetting(AutoScroll)</autoscroll>
  			  <visible>String.IsEmpty(Window.Property(videoinfo))</visible>
				  <include>VisibleFadeEffect2</include>
				</control>
			</control>

<!--
  		Media Flaggs *DISABLED*
			<control type="grouplist">
				<left>375</left>
				<top>340</top>
        <width>835</width>
				<height>40</height>
				<align>left</align>
				<aligny>center</aligny>
				<itemgap>7</itemgap>
				<orientation>horizontal</orientation>
				<include>VideoResFlagsConditionsTwo</include>
				<include>AspectRatioFlagsConditionsTwo</include>
				<include>VideoCodecFlagsConditionsTwo</include>
				<include>AudioCodecFlagsConditionsTwo</include>
				<include>AudioChannelsFlagsConditionsTwo</include>
				<visible>String.IsEqual(Window.Property(type),movie) + !String.IsEmpty(Window.Property(DBID))</visible>
			  <visible>String.IsEmpty(Window.Property(videoinfo))</visible>
			  <include>VisibleFadeEffect2</include>
			</control>
-->
  		<!-- Cast & Crew -->
	    <control type="grouplist" id="410">
				<left>363</left>
				<top>310</top>
	      <width>870</width>
	      <height>316</height>
      	<itemgap>0</itemgap>
				<scrolltime tween="quadratic" easing="out">300</scrolltime>
			  <include>VisibleFadeEffect2</include>
			  <visible>StringCompare(Window.Property(videoinfo),1)</visible>
	  		<!-- Cast -->
				<control type="group">
				  <width>870</width>
					<height>316</height>
			    <include content="VideoInfoListHeader">
			      <param name="container_id" value="1000"/>
			      <param name="header_icon" value="icons/tmdb.png"/>
			      <param name="header_label" value="$LOCALIZE[206]"/>
			      <param name="visible" value="IntegerGreaterThan(Container(1000).NumItems,0)"/>
			    </include>
			    <include content="VideoInfoListContainerScripts">
			      <param name="container_id" value="1000"/>
			      <param name="onup" value="9000"/>
			      <param name="ondown" value="750"/>
			    </include>
				</control>
	  		<!-- Crew -->
				<control type="group">
				  <width>870</width>
					<height>316</height>
			    <include content="VideoInfoListHeader">
			      <param name="container_id" value="750"/>
			      <param name="header_icon" value="icons/tmdb.png"/>
			      <param name="header_label" value="$ADDON[script.extendedinfo 32115]"/>
			      <param name="visible" value="IntegerGreaterThan(Container(750).NumItems,0)"/>
			    </include>
			    <include content="VideoInfoListContainerScripts">
			      <param name="container_id" value="750"/>
			      <param name="onup" value="1000"/>
			      <param name="ondown" value="1000"/>
			    </include>
				</control>
			</control>

  		<!-- Movie Facts -->
  		<control type="group">
  			<left>375</left>
  			<top>150</top>
			  <include>VisibleFadeEffect2</include>
			  <visible>StringCompare(Window.Property(videoinfo),2)</visible>
  			<control type="grouplist">
  				<left>0</left>
  				<top>80</top>
  			  <orientation>vertical</orientation>
				  <!-- (Row 1) Status label -->
  				<control type="label">
  					<height min="0" max="20">auto</height>
  					<width>780</width>
  					<label>$INFO[Window.Property(Status),[COLOR=white]$LOCALIZE[126][/COLOR]: ]</label>
  					<font>FontSize_22</font>
  					<textcolor>99white</textcolor>
  					<shadowcolor>99000000</shadowcolor>
					  <visible>!String.IsEmpty(Window.Property(Status))</visible>
  				</control>
				  <!-- (Row 2) Premiere label -->
  				<control type="label">
  					<height min="0" max="20">auto</height>
  					<width>780</width>
  					<label>$INFO[Window.Property(Premiered),[COLOR=white]$LOCALIZE[31004][/COLOR]: ]</label>
  					<font>FontSize_22</font>
  					<textcolor>99white</textcolor>
  					<shadowcolor>99000000</shadowcolor>
					  <visible>!String.IsEmpty(Window.Property(Premiered))</visible>
  				</control>
				  <!-- Language label
  				<control type="label">
  					<height min="0" max="20">auto</height>
  					<width>780</width>
  					<label>$INFO[Window.Property(Country),[COLOR=white]$LOCALIZE[248][/COLOR]: ]</label>
  					<font>FontSize_22</font>
  					<textcolor>99white</textcolor>
  					<shadowcolor>99000000</shadowcolor>
					  <visible>!String.IsEmpty(Window.Property(Country))</visible>
  				</control> -->
				  <!-- (Row 3) Budget label -->
  				<control type="label">
  					<height min="0" max="20">auto</height>
  					<width>780</width>
  					<label>$INFO[Window.Property(Budget),[COLOR=white]$ADDON[script.extendedinfo 32109][/COLOR]: $]</label>
  					<font>FontSize_22</font>
  					<textcolor>99white</textcolor>
  					<shadowcolor>99000000</shadowcolor>
					  <visible>!String.IsEmpty(Window.Property(Budget))</visible>
  				</control>
				  <!-- (Row 4) Revenue label -->
  				<control type="label">
  					<height min="0" max="20">auto</height>
  					<width>780</width>
  					<label>$INFO[Window.Property(Revenue),[COLOR=white]$ADDON[script.extendedinfo 32108][/COLOR]: $]</label>
  					<font>FontSize_22</font>
  					<textcolor>99white</textcolor>
  					<shadowcolor>99000000</shadowcolor>
					  <visible>!String.IsEmpty(Window.Property(Revenue))</visible>
  				</control>
				  <!-- (Row 5) Awards label -->
  				<control type="label">
  					<height min="0" max="20">auto</height>
  					<width>780</width>
  					<label>$INFO[Window.Property(omdb.Awards),[COLOR=white]Awards[/COLOR]: ]</label>
  					<font>FontSize_22</font>
  					<textcolor>99white</textcolor>
  					<shadowcolor>99000000</shadowcolor>
					  <visible>!String.IsEmpty(Window.Property(omdb.Awards))</visible>
  				</control>
				</control>
				<!-- Releases -->
				<control type="label">
					<left>0</left>
					<top>225</top>
					<width>545</width>
					<height>24</height>
					<label>$ADDON[script.extendedinfo 32168]$INFO[Container(650).NumItems, (,)]:</label>
					<font>FontSize_22</font>
					<textcolor>white</textcolor>
					<shadowcolor>99000000</shadowcolor>
				</control>
  		  <control type="grouplist">
  				<left>160</left>
  				<top>225</top>
    			<width>700</width>
    			<height>32</height>
  				<align>left</align>
          <itemgap>5</itemgap>
          <orientation>horizontal</orientation>
					<control type="label">
						<width>auto</width>
						<height>24</height>
						<label>$LOCALIZE[20074]:</label>
						<font>FontSize_22</font>
						<textcolor>white</textcolor>
						<shadowcolor>99000000</shadowcolor>
					</control>
	        <control type="image">
	          <width>5</width>
	        </control>
	        <control type="image">
	          <width>32</width>
	          <height>28</height>
	          <aspectratio>stretch</aspectratio>
		        <texture>$INFO[Container(650).ListItem.Property(iso_3166_1),resource://resource.images.languageflags.colour/,.png]</texture>
	        </control>
					<control type="label">
						<width>auto</width>
						<height>26</height>
						<label>$INFO[Container(650).ListItem.Property(certification)]</label>
						<font>FontSize_22</font>
						<textcolor>white</textcolor>
						<shadowcolor>99000000</shadowcolor>
					</control>
				</control>
				<!-- Certification Description -->
				<control type="textbox">
					<left>160</left>
					<top>250</top>
					<width>700</width>
					<height>180</height>
					<font>FontSize_22</font>
					<align>justify</align>
					<textcolor>99white</textcolor>
					<shadowcolor>99000000</shadowcolor>
          <label fallback="19055">$INFO[Container(650).ListItem.Property(meaning)]</label>
					<autoscroll time="3000" delay="5000" repeat="5000">Skin.HasSetting(AutoScroll)</autoscroll>
				</control>

				<!-- Releases List -->
  			<control type="panel" id="650">
  				<description>Releases</description>
  				<left>0</left>
  				<top>250</top>
  				<width>296</width>
  				<height>186</height>
  				<onleft>9000</onleft>
          <onup>9000</onup>
          <ondown>650</ondown>
          <scrolltime>200</scrolltime>
  				<itemlayout height="30.3" width="296">
  					<control type="label">
  						<left>0</left>
  						<top>0</top>
  						<width>140</width>
  						<height>30</height>
  						<font>FontSize_22</font>
  						<textcolor>99white</textcolor>
  						<shadowcolor>77000000</shadowcolor>
  						<align>left</align>
  						<aligny>center</aligny>
              <label>$INFO[ListItem.Property(release_date)]</label>
  					</control>
  				</itemlayout>
  				<focusedlayout height="30.3" width="296">
  					<control type="label">
  						<left>0</left>
  						<top>0</top>
  						<width>140</width>
  						<height>30</height>
  						<font>FontSize_22</font>
  						<textcolor>$VAR[FocusUnFocusColor]</textcolor>
  						<shadowcolor>77000000</shadowcolor>
  						<align>left</align>
  						<aligny>center</aligny>
  						<scroll>false</scroll>
              <label>$INFO[ListItem.Property(release_date)]</label>
  					</control>
  				</focusedlayout>
  			</control>
			</control>

  		<!-- More Lists -->
	    <control type="grouplist" id="420">
				<left>363</left>
				<top>310</top>
	      <width>870</width>
	      <height>316</height>
      	<itemgap>0</itemgap>
				<scrolltime tween="quadratic" easing="out">300</scrolltime>
			  <include>VisibleFadeEffect2</include>
			  <visible>StringCompare(Window.Property(videoinfo),3)</visible>
	  		<!-- Director Movies -->
				<control type="group">
				  <width>870</width>
					<height>316</height>
					<visible>!String.IsEmpty(Window.Property(Director))</visible>
			    <include content="VideoInfoListHeader">
			      <param name="container_id" value="151"/>
			      <param name="header_icon" value="icons/tmdb.png"/>
			      <param name="header_label" value="$INFO[Window.Property(Director),$LOCALIZE[31019] ]"/>
			      <param name="visible" value="IntegerGreaterThan(Container(151).NumItems,0)"/>
			    </include>
			    <include content="VideoInfoListContainer">
			      <param name="container_id" value="151"/>
			      <param name="onup" value="9000"/>
			      <param name="ondown" value="152"/>
			      <param name="content" value="plugin://script.extendedinfo?info=personmovies&amp;&amp;person=$INFO[Window.Property(Director)]"/>
			    </include>
				</control>
	  		<!-- Writer Movies -->
				<control type="group">
				  <width>870</width>
					<height>316</height>
					<visible>!String.IsEmpty(Window.Property(Writer))</visible>
			    <include content="VideoInfoListHeader">
			      <param name="container_id" value="152"/>
			      <param name="header_icon" value="icons/tmdb.png"/>
			      <param name="header_label" value="$INFO[Window.Property(Writer),$LOCALIZE[31020] ]"/>
			      <param name="visible" value="IntegerGreaterThan(Container(152).NumItems,0)"/>
			    </include>
			    <include content="VideoInfoListContainer">
			      <param name="container_id" value="152"/>
			      <param name="onup" value="151"/>
			      <param name="ondown" value="150"/>
			      <param name="content" value="plugin://script.extendedinfo?info=personmovies&amp;&amp;person=$INFO[Window.Property(Writer)]"/>
			    </include>
				</control>
	  		<!-- Recommended By TMDB Movies/TVShows -->
				<control type="group">
				  <width>870</width>
					<height>316</height>
			    <include content="VideoInfoListHeader">
			      <param name="container_id" value="150"/>
			      <param name="header_icon" value="icons/tmdb.png"/>
			      <param name="header_label" value="$ADDON[script.extendedinfo 32116]"/>
			      <param name="visible" value="IntegerGreaterThan(Container(150).NumItems,0)"/>
			    </include>
			    <include content="VideoInfoListContainerScripts">
			      <param name="container_id" value="150"/>
			      <param name="onup" value="152"/>
			      <param name="ondown" value="151"/>
			    </include>
				</control>
			</control>

  		<!-- Videos -->
  		<control type="group">
				<left>363</left>
				<top>300</top>
			  <width>870</width>
				<height>316</height>
			  <include>VisibleFadeEffect2</include>
			  <visible>StringCompare(Window.Property(videoinfo),4)</visible>
				<animation effect="slide" start="0,0" end="0,-45" time="250" condition="Control.HasFocus(350)">Conditional</animation>
		    <include content="VideoInfoListHeader">
		      <param name="container_id" value="350"/>
		      <param name="header_icon" value="icons/youtube.png"/>
		      <param name="header_label" value="$LOCALIZE[3]"/>
		      <param name="visible" value="IntegerGreaterThan(Container(350).NumItems,0)"/>
		    </include>
				<control type="panel" id="350">
					<left>0</left>
					<top>35</top>
					<width>870</width>
					<height>262</height>
					<onleft>9000</onleft>
					<onright>noop</onright>
					<onup>9000</onup>
					<ondown>350</ondown>
					<orientation>vertical</orientation>
				  <scrolltime tween="sine" easing="out">250</scrolltime>
					<itemlayout width="216" height="131">
						<control type="image">
							<left>10</left>
							<top>0</top>
							<width>206</width>
							<height>119</height>
							<aspectratio align="center" aligny="center">stretch</aspectratio>
							<texture background="true" border="1" diffuse="thumbs/square_diffuse_small.png">thumbs/thumb_back.png</texture>
						</control>
						<control type="image">
							<left>10</left>
							<top>0</top>
							<width>206</width>
							<height>119</height>
							<aspectratio align="center" aligny="center" scalediffuse="false">scale</aspectratio>
							<texture background="true" border="1" fallback="thumbs/fallback_episode_tp.png" diffuse="thumbs/landscape_diffuse.png">$INFO[ListItem.Icon]</texture>
						</control>
						<control type="image">
							<left>10</left>
							<top>0</top>
							<width>206</width>
							<height>119</height>
							<aspectratio align="center" aligny="center">stretch</aspectratio>
							<texture background="true" border="1">thumbs/landscape_overlay.png</texture>
						</control>
					</itemlayout>
					<focusedlayout width="216" height="131">
						<control type="image">
							<left>10</left>
							<top>0</top>
							<width>206</width>
							<height>119</height>
						  <aspectratio align="center" aligny="center">stretch</aspectratio>
						  <texture background="true" border="1" diffuse="thumbs/square_diffuse_small.png">thumbs/thumb_back.png</texture>
						</control>
						<control type="image">
							<left>10</left>
							<top>0</top>
							<width>206</width>
							<height>119</height>
							<aspectratio align="center" aligny="center" scalediffuse="false">scale</aspectratio>
							<texture background="true" border="1" fallback="thumbs/fallback_episode_tp.png" diffuse="thumbs/landscape_diffuse.png">$INFO[ListItem.Icon]</texture>
						</control>
						<control type="image">
							<left>10</left>
							<top>0</top>
							<width>206</width>
							<height>119</height>
						  <aspectratio align="center" aligny="center">stretch</aspectratio>
						  <texture background="true" border="1">thumbs/thumb_play.png</texture>
							<animation reversible="false" effect="fade" start="0" end="100" time="200">Focus</animation>
							<animation reversible="false" effect="fade" start="100" end="0" time="200">UnFocus</animation>
						</control>
						<control type="image">
							<left>10</left>
							<top>0</top>
							<width>206</width>
							<height>119</height>
							<aspectratio align="center" aligny="center">stretch</aspectratio>
							<texture background="true" border="1">thumbs/landscape_overlay.png</texture>
						</control>
					</focusedlayout>
				</control>
			  <control type="label">
					<left>10</left>
					<top>293</top>
					<width>860</width>
					<height>40</height>
					<font>TextboxFont_20</font>
			    <textcolor>white</textcolor>
					<shadowcolor>99000000</shadowcolor>
	        <selectedcolor>white</selectedcolor>
					<scroll>false</scroll>
		      <wrapmultiline>true</wrapmultiline>
					<label>$INFO[Container(350).Listitem.Label]$INFO[Container(350).Listitem.Premiered, (,) ]</label>
					<animation reversible="false" effect="fade" start="100" end="0" time="400" condition="!Control.HasFocus(350)">Conditional</animation>
			  </control>
			</control>

			<!-- Local Path -->
			<control type="grouplist">
			  <left>46</left>
			  <top>605</top>
				<width>1188</width>
				<align>left</align>
			  <itemgap>6</itemgap>
				<orientation>horizontal</orientation>
				<include>VisibleFadeEffect</include>
				<visible>!String.IsEmpty(Window.Property(file))</visible>
				<visible>Integer.IsEqual(Container(420).NumItems,1) | ![StringCompare(Window.Property(videoinfo),1) + ControlGroup(410).HasFocus] + ![StringCompare(Window.Property(videoinfo),3) + ControlGroup(420).HasFocus] + ![StringCompare(Window.Property(videoinfo),4) + Control.HasFocus(350)]</visible>
				<control type="image">
					<width>20</width>
					<height>20</height>
					<colordiffuse>55white</colordiffuse>
					<texture background="true">icons/submenu_info.png</texture>
				</control>
				<control type="label">
					<width>1165</width>
					<height>20</height>
					<font>FontSize_16B</font>
					<label>$INFO[Window.Property(file)]</label>
					<textcolor>55white</textcolor>
          <haspath>true</haspath>
					<scroll>false</scroll>
				</control>
			</control>

			<!-- More... indicator -->
			<control type="grouplist">
			  <left>46</left>
			  <top>605</top>
				<width>1188</width>
				<align>left</align>
			  <itemgap>6</itemgap>
				<orientation>horizontal</orientation>
				<include>VisibleFadeEffect</include>
				<visible>!Integer.IsEqual(Container(420).NumItems,1)</visible>
				<visible>[StringCompare(Window.Property(videoinfo),1) + ControlGroup(410).HasFocus] | [StringCompare(Window.Property(videoinfo),3) + ControlGroup(420).HasFocus] | [StringCompare(Window.Property(videoinfo),4) + Control.HasFocus(350)]</visible>
				<control type="image">
					<width>20</width>
					<height>20</height>
					<texture background="true">icons/submenu_arrow.png</texture>
					<colordiffuse>55white</colordiffuse>
				</control>
				<control type="label">
			    <width min="0" max="720">auto</width>
					<height>20</height>
					<font>FontSize_16B</font>
					<label>$LOCALIZE[22082]</label>
					<textcolor>55white</textcolor>
			    <shadowcolor>99000000</shadowcolor>
					<scroll>false</scroll>
				</control>
			</control>


		</control>

    <!-- ================= -->
    <!-- == Top Buttons == -->
    <!-- ================= -->
	  <control type="group">
			<left>45</left>
			<top>25</top>
      <visible>![Window.IsActive(favourites) | [Window.IsActive(PlayerControls) + ![Skin.HasSetting(DisableQuickNav) + !Player.HasMedia]]]</visible>
      <include>InfoDialogs_OpenCloseAnimation</include>
			<include>ShutdownMenuAnimation</include>
			<!-- NumberRating -->
			<control type="grouplist">
				<left>0</left>
				<top>10</top>
				<height>0</height>
				<width>1190</width>
				<itemgap>5</itemgap>
				<align>right</align>
				<orientation>horizontal</orientation>
			  <include>VolumeBarSlideAnimations</include>
				<control type="image">
					<width>38</width>
					<height>36</height>
	        <aspectratio>keep</aspectratio>
					<texture>$VAR[InfoDialogsStarRating]</texture>
				</control>
				<control type="label">
					<height>35</height>
					<width min="10" max="1280">auto</width>
					<font>FontSize_40</font>
					<textcolor>white</textcolor>
					<shadowcolor>99000000</shadowcolor>
			    <align>left</align>
			    <aligny>center</aligny>
					<scroll>false</scroll>
				  <label fallback="12310">$INFO[Window.Property(Rating)]</label>
				</control>
			</control>
      <!-- Buttons -->
			<control type="grouplist" id="9000">
				<left>0</left>
				<top>0</top>
				<height>0</height>
				<width>1190</width>
				<itemgap>10</itemgap>
				<orientation>horizontal</orientation>
				<onleft>9000</onleft>
				<onright>9000</onright>
				<ondown condition="StringCompare(Window.Property(videoinfo),1)">1000</ondown>
				<ondown condition="StringCompare(Window.Property(videoinfo),2)">650</ondown>
				<ondown condition="StringCompare(Window.Property(videoinfo),3)">151</ondown>
				<ondown condition="StringCompare(Window.Property(videoinfo),4)">350</ondown>
				<control type="label" id="999">
					<width min="10" max="175">auto</width>
				  <include>TopBigLabel</include>
				  <label>$LOCALIZE[544]</label>
				</control>
				<!--
				<control type="button" id="8">
					<description>Play (Movies)</description>
					<label>$LOCALIZE[208]</label>
				  <include>TopMenuButton</include>
				  <visible>!String.IsEmpty(Window.Property(DBID)) + !String.IsEqual(Window.Property(type),tvshow)</visible>
				</control>
				-->
				<control type="button" id="8">
					<description>Play (Movies)</description>
					<label>$LOCALIZE[208]</label>
				  <include>TopMenuButton</include>
				  <onclick>PreviousMenu</onclick>
        	<onclick>AlarmClock(PlayMovie,PlayMedia($INFO[Window.Property(file)]),00:01,silent)</onclick>
				  <visible>!String.IsEmpty(Window.Property(DBID)) + !String.IsEqual(Window.Property(type),tvshow)</visible>
				</control>
				<control type="button" id="120">
					<description>Browse (TVShows)</description>
					<label>$LOCALIZE[1024]</label>
				  <include>TopMenuButton</include>
					<visible>!String.IsEmpty(Window.Property(DBID)) + String.IsEqual(Window.Property(type),tvshow)</visible>
				</control>
				<control type="button" id="82">
					<description>Plot</description>
					<label>$LOCALIZE[207]</label>
  				<onclick>RunScript(script.skin.helper.service,action=textviewer,header=$LOCALIZE[207],message='"$INFO[Window.Property(Plot)][CR][CR][B]$INFO[Window.Property(mpaa)][/B]"')</onclick>
					<onclick>ClearProperty(videoinfo)</onclick>
				  <include>TopMenuButton</include>
				</control>
				<control type="button" id="83">
					<description>Cast</description>
					<label>$LOCALIZE[206] &amp; $ADDON[script.extendedinfo 32115]</label>
					<onclick>SetProperty(videoinfo,1)</onclick>
				  <include>TopMenuButton</include>
				</control>
				<control type="button" id="84">
					<description>Movie Facts</description>
					<label>$LOCALIZE[31270]</label>
					<onclick>SetProperty(videoinfo,2)</onclick>
				  <include>TopMenuButton</include>
        	<visible>String.IsEqual(Window.Property(type),movie)</visible>
				</control>
				<control type="button" id="87">
					<description>Trailer</description>
					<label>$LOCALIZE[20410]</label>
        	<onclick condition="!String.IsEmpty(Window.Property(ID))">SetProperty(videoinfodialog.path,$ESCINFO[Window.Property(ID)],home)</onclick>
        	<onclick condition="!String.IsEmpty(Window.Property(ID)) + Window.IsActive(movieinformation)">Dialog.Close(movieinformation)</onclick>
        	<onclick condition="!String.IsEmpty(Window.Property(ID))">PreviousMenu</onclick>
        	<onclick condition="!String.IsEmpty(Window.Property(ID))">AlarmClock(ActorsPlay,RunScript(script.extendedinfo,info=playtrailer,id=$INFO[Window(Home).Property(videoinfodialog.path)]),00:01,silent)</onclick>
        	<onclick condition="!String.IsEmpty(Window.Property(ID))">AlarmClock(ActorsClear,ClearProperty(videoinfodialog.path,home),00:01,silent)</onclick>
				  <include>TopMenuButton</include>
        	<visible>String.IsEqual(Window.Property(type),movie) + !String.IsEmpty(Window.Property(ID))</visible>
				</control>
				<control type="button" id="86">
					<description>Videos</description>
					<label>$LOCALIZE[3]</label>
					<onclick>SetProperty(videoinfo,4)</onclick>
				  <include>TopMenuButton</include>
				</control>
				<control type="button" id="85">
					<description>More...</description>
					<label>$LOCALIZE[22082]</label>
					<onclick>SetProperty(videoinfo,3)</onclick>
				  <include>TopMenuButton</include>
        	<visible>String.IsEqual(Window.Property(type),movie) | String.IsEqual(Window.Property(type),tvshow) | String.IsEqual(Window.Property(type),season)</visible>
				</control>
			</control>

      <!-- Top Content Info -->
			<control type="label">
  			<left>2</left>
  			<top>45</top>
				<width>300</width>
				<height>20</height>
				<font>FontSize_18</font>
				<textcolor>$VAR[Text.GlobalColor]</textcolor>
				<scroll>false</scroll>
				<align>left</align>
				<aligny>center</aligny>
				<label>$VAR[MediaInfoContentInfoLabels]</label>
			</control>
		</control>

		<!-- Data Provider -->
  	<control type="group">
	    <include>NotificationsAnimations</include>
  	  <animation type="Conditional" reversible="false" condition="!Window.IsActive(notification) + !Window.IsActive(extendedprogressdialog) + ![Window.IsActive(Home) + Player.HasMedia]">
        <include>CommonOpenEffect</include>
  	  </animation>
  	  <animation type="Conditional" reversible="false" condition="Window.IsActive(notification) | Window.IsActive(extendedprogressdialog) | [Window.IsActive(Home) + Player.HasMedia]">
        <include>CommonCloseEffect</include>
  	  </animation>
			<control type="grouplist">
			  <right>38</right>
  			<top>635</top>
				<width>1190</width>
				<height>68</height>
				<itemgap>2</itemgap>
  			<align>right</align>
				<orientation>horizontal</orientation>
  			<control type="group">
					<width>490</width>
  				<control type="label">
  			    <top>15</top>
  					<width>490</width>
  					<height>15</height>
  					<font>FontSize_20B</font>
						<label>$LOCALIZE[31230]</label>
  					<textcolor>homeinfo</textcolor>
						<align>right</align>
  					<scroll>false</scroll>
  				</control>
  				<control type="label">
  			    <top>35</top>
  					<width>490</width>
  					<height>15</height>
  					<font>FontSize_20</font>
						<label>The MovieDB</label>
  					<textcolor>homeinfo</textcolor>
						<align>right</align>
  					<scroll>false</scroll>
  				</control>
  			</control>
				<control type="image">
					<width>68</width>
					<height>68</height>
					<aspectratio>stretch</aspectratio>
					<texture background="true">icons/tmdb.png</texture>
					<colordiffuse>homeinfo</colordiffuse>
				</control>
			</control>
  	</control>

    <control type="panel" id="250">
			<include>HiddenListContainer</include>
      <visible>false</visible>
    </control>
    <control type="panel" id="450">
			<include>HiddenListContainer</include>
      <visible>false</visible>
    </control>
    <control type="panel" id="550">
			<include>HiddenListContainer</include>
      <visible>false</visible>
    </control>
    <control type="panel" id="850">
			<include>HiddenListContainer</include>
      <visible>false</visible>
    </control>
    <control type="panel" id="950">
			<include>HiddenListContainer</include>
      <visible>false</visible>
    </control>
    <control type="panel" id="1050">
			<include>HiddenListContainer</include>
      <visible>false</visible>
    </control>
		<control type="list" id="1150">
			<include>HiddenListContainer</include>
      <visible>false</visible>
    </control>
    <control type="panel" id="1250">
			<include>HiddenListContainer</include>
      <visible>false</visible>
    </control>
    <control type="panel" id="1350">
			<include>HiddenListContainer</include>
      <visible>false</visible>
    </control>
    <control type="panel" id="1450">
			<include>HiddenListContainer</include>
      <visible>false</visible>
    </control>
    <control type="panel" id="2000">
			<include>HiddenListContainer</include>
      <visible>false</visible>
    </control>

  </controls>
</window>
