<?xml version="1.0" encoding="UTF-8"?>
<includes> 

	<!-- ======================== -->
	<!-- ==== List View "50" ==== -->
	<!-- ======================== -->
	<include name="ListView_Addons">

	 <control type="group">
		<visible>Control.IsVisible(50)</visible>
		<visible>Window.IsVisible(AddonBrowser) | Window.IsVisible(Programs) | Container.Content(Addons)</visible>
    <include>CommonViews_VerticalAnimation</include>

		<!-- ==== Thumb/Fanart/Info ==== -->
		<control type="group">
      <visible>!IsEmpty(ListItem.AddonName) + !ListItem.IsParentFolder</visible>
      <include>ListView_ThumbAndFanart</include>
		</control>

		<!-- ==== Thumb ==== -->
		<control type="group">
      <visible>IsEmpty(ListItem.AddonName) + !ListItem.IsParentFolder</visible>
      <include>ListView_Thumb</include>
		</control>

		<!-- ==== Main List ==== -->	
		<control type="group">
			<control type="list" id="50">
        <include>ListViewVars</include>
				<itemlayout height="45" width="710">
					<control type="label">
						<left>12</left>
						<top>10</top>
						<width>55</width>
						<height>25</height>
						<font>FontSize_22</font>
						<textcolor>viewsinfo</textcolor>
						<shadowcolor>77000000</shadowcolor>
						<align>center</align>
						<aligny>center</aligny>
						<label>․  ․  ․</label>
            <visible>!ListItem.IsParentFolder</visible>
					</control>
					<control type="label">
						<left>95</left>
						<top>10</top>
						<width>455</width>
						<height>25</height>
						<font>FontSize_22</font>
						<textcolor>viewsinfo</textcolor>
						<shadowcolor>77000000</shadowcolor>
						<align>left</align>
						<aligny>center</aligny>
						<label>$INFO[ListItem.Label]</label>
					</control>
					<control type="label">
						<left>285</left>
						<top>10</top>
						<width>300</width>
						<height>25</height>
						<font>FontSize_22</font>
						<textcolor>viewsinfo</textcolor>
						<shadowcolor>77000000</shadowcolor>
						<align>right</align>
						<aligny>center</aligny>
						<label fallback="․  ․  ․">$VAR[AddonsLabel2]</label>
						<visible>!ListItem.IsParentFolder</visible>
					</control>
				</itemlayout>
				<focusedlayout height="45" width="710">
		      <control type="group">
			      <include>ListFocusAnimation</include>
						<control type="label">
							<left>7</left>
							<top>10</top>
							<width>65</width>
							<height>25</height>
							<font>FontSize_22</font>
							<textcolor>white</textcolor>
							<shadowcolor>77000000</shadowcolor>
							<align>center</align>
							<aligny>center</aligny>
						  <label>◎  ◎  ◎</label>
              <visible>!ListItem.IsParentFolder</visible>
						</control>
						<control type="label">
							<left>95</left>
							<top>10</top>
							<width>455</width>
							<height>25</height>
							<font>FontSize_22</font>
							<textcolor>white</textcolor>
							<shadowcolor>77000000</shadowcolor>
							<align>left</align>
							<aligny>center</aligny>
					    <scroll>true</scroll>
							<label>$INFO[ListItem.Label]</label>
						</control>
						<control type="label">
  						<left>285</left>
  						<top>10</top>
  						<width>300</width>
  						<height>25</height>
							<font>FontSize_22</font>
							<textcolor>white</textcolor>
							<shadowcolor>77000000</shadowcolor>
							<align>right</align>
							<aligny>center</aligny>
					    <scroll>true</scroll>
						  <label fallback="․  ․  ․">$VAR[AddonsLabel2]</label>
              <visible>!ListItem.IsParentFolder</visible>
						</control>
          </control>
				</focusedlayout>
			</control>
      <include>ListView_Scrollbar</include>
      <include>ListView_Arrows</include>
		</control>
	 </control>		
	</include>


	<!-- ========================== -->
	<!-- ==== Bello View "660" ==== -->
	<!-- ========================== -->
	<include name="BelloView">
		<control type="image">
			<top>50</top>
      <include>FullscreenDimensions</include>
			<texture background="true">windows/home/menu_overlay.png</texture>
		  <include>HomeMenu_OpenCloseSlideAnimation</include>
			<visible>Control.IsVisible(660)</visible>
		</control>
		<control type="group">
			<left>45</left>
			<top>170</top>
			<visible>Control.IsVisible(660)</visible>
			<include>OpenCloseSlideAnimationTwo</include>
			<control type="fixedlist" id="660">
				<left>0</left>
				<top>0</top>
				<width>1190</width>
				<height>256</height>
				<onleft>660</onleft>
				<onright>660</onright>
	      <onup>9111</onup>
	      <ondown>60</ondown>
				<!-- <movement>7</movement> -->
			  <preloaditems>4</preloaditems>
				<orientation>horizontal</orientation>
				<viewtype label="Bello">List</viewtype>
				<pagecontrol>60</pagecontrol>
				<scrolltime tween="quadratic" easing="out">150</scrolltime>
				<itemlayout condition="![StringCompare(Container.FolderPath,musicdb://genres/) | StringCompare(Container.FolderPath,videodb://musicvideos/genres/)]" height="256" width="256">
		      <include>HomeWidgets_Square_ItemLayout</include>
				</itemlayout>
				<itemlayout condition="StringCompare(Container.FolderPath,musicdb://genres/) | StringCompare(Container.FolderPath,videodb://musicvideos/genres/)" height="256" width="256">
		      <include>HomeWidgets_MusicGenres_ItemLayout</include>
				</itemlayout>
				<focusedlayout condition="![StringCompare(Container.FolderPath,musicdb://genres/) | StringCompare(Container.FolderPath,videodb://musicvideos/genres/)]" height="256" width="256">
		      <include>HomeWidgets_Square_Focusedlayout</include>
				</focusedlayout>
				<focusedlayout condition="StringCompare(Container.FolderPath,musicdb://genres/) | StringCompare(Container.FolderPath,videodb://musicvideos/genres/)" height="256" width="256">
		      <include>HomeWidgets_MusicGenres_Focusedlayout</include>
				</focusedlayout>
			</control>
	    <!-- Navigation Arrows -->
			<control type="image">
				<left>-48</left>
				<top>98</top>
		  	<include>WidgetsArrow_Left</include>
			  <visible>Container(660).HasPrevious</visible>
			  <animation effect="slide" start="0,0" end="0,30" condition="[Window.IsVisible(MyVideoNav.xml) + [Container.Content(Files) | Container.Content(Videos)]] + [[Container.HasFolders + Container.HasFiles] | Container.HasFiles]">Conditional</animation>
			  <animation effect="slide" start="0,0" end="0,30" condition="[Window.IsVisible(MyVideoNav.xml) + [Container.Content(Files) | Container.Content(Videos)] + String.IsEqual(Skin.String(BelloViewThumbs),3)] + ![[Container.HasFolders + Container.HasFiles] | Container.HasFiles]">Conditional</animation>
		  </control>
		  <control type="image">
				<left>1191</left>
				<top>98</top>
		  	<include>WidgetsArrow_Right</include>
			  <visible>Container(660).HasNext</visible>
			  <animation effect="slide" start="0,0" end="0,30" condition="[Window.IsVisible(MyVideoNav.xml) + [Container.Content(Files) | Container.Content(Videos)]] + [[Container.HasFolders + Container.HasFiles] | Container.HasFiles]">Conditional</animation>
			  <animation effect="slide" start="0,0" end="0,30" condition="[Window.IsVisible(MyVideoNav.xml) + [Container.Content(Files) | Container.Content(Videos)] + String.IsEqual(Skin.String(BelloViewThumbs),3)] + ![[Container.HasFolders + Container.HasFiles] | Container.HasFiles]">Conditional</animation>
		  </control>
			<control type="scrollbar" id="60">
				<left>0</left>
				<top>197</top>
				<width>1188</width>
				<height>6</height>
				<texturesliderbackground>-</texturesliderbackground>
				<texturesliderbar border="14,0,14,0">views/scrollbar/scrollbar_horizontal.png</texturesliderbar>
				<texturesliderbarfocus border="14,0,14,0">views/scrollbar/scrollbar_horizontal.png</texturesliderbarfocus>
				<textureslidernib>-</textureslidernib>
				<textureslidernibfocus>-</textureslidernibfocus>
				<onup>660</onup>
				<ondown>9555</ondown>
				<showonepage>false</showonepage>
				<orientation>horizontal</orientation>
			  <animation effect="fade" start="100" end="0" time="250" condition="!Control.HasFocus(60) + !Container.Scrolling">Conditional</animation>
			</control>
	  </control>
		<control type="group">
			<left>45</left>
		  <top>485</top>
			<visible>Control.IsVisible(660)</visible>
		  <include>HomeMenu_OpenCloseSlideAnimation</include>
			<control type="label">
				<left>0</left>
				<top>0</top>
				<height>30</height>
				<width>840</width>
				<font>FontSize_36</font>
				<textcolor>white</textcolor>
	      <shadowcolor>99000000</shadowcolor>
				<align>left</align>
		    <aligny>center</aligny>
			  <label>$VAR[MusicLabel]</label>
			</control>
			<control type="label">
				<left>0</left>
				<top>33</top>
				<height>25</height>
				<width>1000</width>
				<font>FontSize_20</font>
				<textcolor>homeinfo</textcolor>
		    <align>left</align>
		    <aligny>center</aligny>
			  <label>$VAR[MusicLabel2]</label>
			</control>
		  <!-- Plot Info -->
		  <control type="group">
				<top>80</top>
			  <animation effect="slide" start="0,0" end="0,-25" condition="String.IsEmpty(Control.GetLabel(63))">Conditional</animation>
				<control type="label" id="63">
					<top>0</top>
					<height>25</height>
					<width>1190</width>
					<textcolor>viewsinfo</textcolor>
					<shadowcolor>77000000</shadowcolor>
					<font>FontSize_20B</font>
					<scrollspeed>30</scrollspeed>
					<align>left</align>
					<label>$VAR[BannersListMusicBottomLabel]</label>
				</control>
		    <control type="textbox">
		      <top>25</top>
		      <width>1190</width>
					<height>50</height>
					<font>TextboxFont_20</font>
					<textcolor>viewsinfo</textcolor>
					<shadowcolor>77000000</shadowcolor>
					<align>left</align>
				  <autoscroll delay="8000" time="2000" repeat="8000">Skin.HasSetting(AutoScroll)</autoscroll>
					<label>$VAR[GlobalPlotDescription]</label>
		    </control>
		  </control>
	  </control>
	</include>


	<!-- ============================== -->
	<!-- ==== Thumbnails View "56" ==== -->
	<!-- ============================== -->
	<include name="ThumbnailsView">
		<control type="group">
			<visible>Control.IsVisible(56)</visible>
	    <include>CommonViews_VerticalAnimation</include>
			<control type="panel" id="56">
				<left>45</left>
				<top>105</top>
				<width>1210</width>
		    <height>544</height>
				<onleft>9111</onleft>
				<onright>60</onright>
				<onup>56</onup>
				<ondown>56</ondown>
        <orientation>vertical</orientation>
				<pagecontrol>60</pagecontrol>
				<preloaditems>6</preloaditems>
				<viewtype label="31085">Icons</viewtype>
        <scrolltime tween="Quadratic" easing="out">350</scrolltime>
        <visible>Container.Content() | [Window.IsVisible(MyMusicNav.xml) + Container.Content(Files)] | Container.Content(Directors) | Container.Content(Years) | Container.Content(Countries) | Container.Content(Studios) | Container.Content(Tags) | Container.Content(Roles)</visible>
				<itemlayout height="272" width="242">
					<control type="image">
						<left>0</left>
						<top>0</top>
						<width>222</width>
						<height>252</height>
						<aspectratio align="center" aligny="center">stretch</aspectratio>
						<texture border="30">views/other/panel.png</texture>
					</control>
					<control type="image">
						<left>4</left>
						<top>4</top>
						<width>214</width>
						<height>204</height>
						<aspectratio align="center" aligny="center">stretch</aspectratio>
						<texture border="9">thumbs/thumb_border.png</texture>
					</control>
					<control type="image">
						<left>1</left>
						<top>162</top>
						<width>220</width>
						<height>82</height>
						<aspectratio align="center" aligny="center">stretch</aspectratio>
						<texture border="9">views/other/title_overlay.png</texture>
					</control>
					<control type="image">
						<left>10</left>
						<top>10</top>
						<width>202</width>
						<height>192</height>
						<aspectratio align="center" aligny="center">scale</aspectratio>
					  <texture background="true" fallback="thumbs/fallback_square_tp.png">$VAR[ThumbnailsIcon]</texture>
					</control>
					<control type="label">
						<left>5</left>
						<top>220</top>
						<width>212</width>
						<height>24</height>
						<textcolor>99white</textcolor>
						<shadowcolor>99000000</shadowcolor>
						<font>FontSize_20</font>
						<scroll>false</scroll>
						<align>center</align>
						<label>$INFO[ListItem.Label]</label>
					</control>
				</itemlayout>
				<focusedlayout height="272" width="242">
					<control type="image">
						<left>0</left>
						<top>0</top>
						<width>222</width>
						<height>252</height>
						<aspectratio align="center" aligny="center">stretch</aspectratio>
						<texture border="30">views/other/panel.png</texture>
					</control>
					<control type="image">
						<left>4</left>
						<top>4</top>
						<width>214</width>
						<height>204</height>
						<aspectratio align="center" aligny="center">stretch</aspectratio>
						<texture border="9">thumbs/thumb_border.png</texture>
					</control>
					<control type="image">
						<left>1</left>
						<top>162</top>
						<width>220</width>
						<height>82</height>
						<aspectratio align="center" aligny="center">stretch</aspectratio>
						<texture border="9">views/other/title_overlay.png</texture>
					</control>
					<control type="image">
						<left>10</left>
						<top>10</top>
						<width>202</width>
						<height>192</height>
						<colordiffuse>$VAR[DiffuseColorThumbnailsViewThumbs]</colordiffuse>
						<aspectratio align="center" aligny="center">scale</aspectratio>
					  <texture background="true" fallback="thumbs/fallback_square_tp.png">$VAR[ThumbnailsIcon]</texture>
					</control>
					<control type="label">
						<left>5</left>
						<top>220</top>
						<width>212</width>
						<height>24</height>
						<textcolor>$VAR[Text.GlobalColor]</textcolor>
						<shadowcolor>99000000</shadowcolor>
						<font>FontSize_20</font>
						<scrollspeed>35</scrollspeed>
						<align>center</align>
						<label>$INFO[ListItem.Label]</label>
					</control>
					<control type="image">
						<left>0</left>
						<top>0</top>
						<width>222</width>
						<height>212</height>
		        <colordiffuse>$VAR[Textures.GlobalColor]</colordiffuse>
						<aspectratio align="center" aligny="center">stretch</aspectratio>
						<texture border="30">views/other/focus_panel.png</texture>
	          <include>ThumbnailsFocusAnimation</include>
					</control>
				</focusedlayout>
			</control>
			<control type="scrollbar" id="60">
				<right>30</right>
				<top>100</top>
				<width>6</width>
				<height>518</height>
				<texturesliderbackground>-</texturesliderbackground>
				<texturesliderbar border="0,14,0,14">views/scrollbar/scrollbar.png</texturesliderbar>
				<texturesliderbarfocus border="0,14,0,14">views/scrollbar/scrollbar.png</texturesliderbarfocus>
				<textureslidernib>-</textureslidernib>
				<textureslidernibfocus>-</textureslidernibfocus>
				<onleft>56</onleft>
				<onright>9111</onright>
				<showonepage>false</showonepage>
				<orientation>vertical</orientation>
			  <animation effect="fade" start="50" end="0" time="150" condition="!Control.HasFocus(60) + !Container.Scrolling">Conditional</animation>
				<visible>Control.IsVisible(56)</visible>
			</control>
		</control>
	</include>


	<!-- ====================================== -->
	<!-- ==== Thumbnails View Addons "560" ==== -->
	<!-- ====================================== -->
	<include name="ThumbnailsView_Addons">
		<control type="group">
			<visible>Control.IsVisible(560)</visible>
	    <include>CommonViews_VerticalAnimation</include>
			<control type="panel" id="560">
        <include>Thumbnails_PanelVars</include>
        <visible>Container.Content(addons) + Container.HasFiles</visible>
				<itemlayout condition="!Skin.HasSetting(ShowSmallAddonsThumbs)" height="248" width="239.5">
          <include>ThumbnailsBig_ItemLayout</include>
				</itemlayout>
				<itemlayout condition="Skin.HasSetting(ShowSmallAddonsThumbs)" height="166" width="171">
          <include>ThumbnailsSmall_ItemLayout</include>
				</itemlayout>
				<focusedlayout condition="!Skin.HasSetting(ShowSmallAddonsThumbs)" height="248" width="239.5">
          <include>ThumbnailsBig_FocusedLayout</include>
				</focusedlayout>
				<focusedlayout condition="Skin.HasSetting(ShowSmallAddonsThumbs)" height="166" width="171">
          <include>ThumbnailsSamll_FocusedLayout</include>
				</focusedlayout>
			</control>
			<control type="button">
				<left>47</left>
				<top>616</top>
      	<width>1185</width>
				<font>FontSize_26B</font>
				<textcolor>99white</textcolor>
				<shadowcolor>77000000</shadowcolor>
	      <include>HiddenItem</include>
      	<label>$INFO[ListItem.Label]</label>
				<label2>$VAR[AddonsLabel2]</label2>
        <visible>!ListItem.IsParentFolder</visible>
			</control>
			<include>Thumbnails_Scrollbar</include>
		</control>
	</include>

</includes>
