<window>
    <defaultcontrol always="true">52</defaultcontrol>

    <backgroundcolor>0</backgroundcolor>
    <onload condition="String.IsEmpty(Window(home).Property(SkinInitStarted)) + !String.IsEmpty(Skin.String(StartupPlaylist))">PlayMedia($ESCINFO[Skin.String(StartupPlaylist)])</onload>
    <onload>SetProperty(SkinInitStarted,1,home)</onload>
    <controls>
        <control type="group">
            <visible>!Player.HasVideo</visible>
            <visible>!String.IsEmpty(Window(home).Property(SkinInitStarted))</visible>
            <include>Global_Background_Settings</include>
            <include>Statusbar</include>
            
            <control type="list" id="52">
                <visible>!Window.IsVisible(ProfileSettings.xml)</visible>
                <left>635</left>
                <top>360</top>
                <width>650</width>
                <height>360</height>
                <onleft>61</onleft>
                <onright>noop</onright>
                <onup>52</onup>
                <ondown>52</ondown>
                <pagecontrol>61</pagecontrol>
                <scrolltime tween="cubic" easing="out">500</scrolltime>
                <itemlayout height="120">
                    <control type="label">
                        <left>150</left>
                        <top>22</top>
                        <width>490</width>
                        <height>40</height>
                        <textcolor>main_fg_70</textcolor>
                        <font>SmallBold</font>
                        <label>$INFO[ListItem.Label]</label>
                    </control>
                    <control type="label">
                        <left>150</left>
                        <top>61</top>
                        <width>490</width>
                        <height>40</height>
                        <textcolor>main_fg_30</textcolor>
                        <label>$INFO[ListItem.Label2]</label>
                        <font>Font-ListInfo</font>
                    </control>
                </itemlayout>
                <focusedlayout height="120">
                    <control type="group">
                        <animation effect="slide" start="0,120" end="0,0" time="300" reversible="false" tween="back" easing="out" condition="Container(52).OnPrevious">Focus</animation>
                        <animation effect="slide" start="0,-120" end="0,0" time="300" reversible="false" tween="back" easing="out" condition="Container(52).OnNext">Focus</animation>
                        <left>8</left>
                        <centertop>50%</centertop>
                        <width>111</width>
                        <height>111</height>
                        <control type="image">
                            <aspectratio scalediffuse="false">scale</aspectratio>
                            <texture colordiffuse="main_fg_30">diffuse/dialogselect.png</texture>
                        </control>
                        <control type="image">
                            <aspectratio scalediffuse="false">scale</aspectratio>
                            <texture diffuse="diffuse/dialogselect.png" fallback="DefaultArtist.png" colordiffuse="dfFFFFFF">$INFO[Listitem.Icon]</texture>
                        </control>
                    </control>

                    <control type="group">
                        <control type="label">
                            <left>150</left>
                            <top>22</top>
                            <width>490</width>
                            <height>40</height>
                            <font>SmallBold</font>
                            <textcolor>Selected</textcolor>
                            <label>$INFO[ListItem.Label]</label>
                        </control>
                        <control type="label">
                            <left>150</left>
                            <top>61</top>
                            <width>490</width>
                            <height>40</height>
                            <textcolor>Selected</textcolor>
                            <animation effect="fade" start="100" end="75" condition="true">Conditional</animation>
                            <label>$INFO[ListItem.Label2]</label>
                            <font>Font-ListInfo</font>
                        </control>
                    </control>
                </focusedlayout>
            </control>
        </control>
    </controls>
</window>
