<settings>

  <!-- Search Dialog -->
  
  <setting id="SearchType" value="||SKIPSTRING||" label="[B]Movie Search[/B]" condition="" icon="icons/videos.png" description="Metalliq Search">
		<onselect condition="System.hasAddon(plugin.video.metalliq)">ActivateWindow(10025,&quot;plugin://plugin.video.metalliq/movies/search&quot;,return)</onselect>
		<onselect condition="!System.hasAddon(plugin.video.metalliq)">InstallAddon(plugin.video.metalliq)</onselect>
	</setting>
	
	<setting id="SearchType" value="||SKIPSTRING||" label="[B]TV Show Search[/B]" condition="" icon="icons/videos.png" description="Metalliq Search">
		<onselect condition="System.hasAddon(plugin.video.metalliq)">ActivateWindow(10025,&quot;plugin://plugin.video.metalliq/tv/search&quot;,return)</onselect>
		<onselect condition="!System.hasAddon(plugin.video.metalliq)">InstallAddon(plugin.video.metalliq)</onselect>
	</setting>
	
	<setting id="SearchType" value="||SKIPSTRING||" label="[B]Live TV Search[/B]" condition="" icon="icons/videos.png" description="FTFA Search">
		<onselect condition="System.hasAddon(plugin.video.FTFA)">ActivateWindow(10025,&quot;plugin://plugin.video.FTFA/?action=addSearch&quot;,return)</onselect>
		<onselect condition="!System.hasAddon(plugin.video.FTFA)">InstallAddon(plugin.video.metalliq)</onselect>
	</setting>
	
	<setting id="SearchType" value="||SKIPSTRING||" label="[B]Cartoons Search[/B]" condition="" icon="icons/videos.png" description="Cartoon8 Search">
		<onselect condition="System.hasAddon(plugin.video.cartoons8)">ActivateWindow(10025,&quot;plugin://plugin.video.cartoons8/?iconimage=C%3a%5cUsers%5cDavid%5cAppData%5cRoaming%5cKodi%5caddons%5cplugin.video.cartoons8%5ccartoon.png&amp;mode=8&amp;name=9Cartoon%20-%20Search&amp;url=http%3a%2f%2f9cartoon.me%2fSearch%3fs%3d&quot;,return)</onselect>
		<onselect condition="!System.hasAddon(plugin.video.cartoons8)">InstallAddon(plugin.video.metalliq)</onselect>
	</setting>
	
	<setting id="SearchType" value="||SKIPSTRING||" label="[B]Music Search[/B]" condition="" icon="icons/videos.png" description="Metalliq Search">
		<onselect condition="System.hasAddon(plugin.video.metalliq)">ActivateWindow(10025,&quot;plugin://plugin.video.metalliq/music/search&quot;,return)</onselect>
		<onselect condition="!System.hasAddon(plugin.video.metalliq)">InstallAddon(plugin.video.metalliq)</onselect>
	</setting>
	
	
  
  <setting id="SearchType" value="||SKIPSTRING||" label="[B]$LOCALIZE[3][/B]" condition="" icon="icons/videos.png" description="$LOCALIZE[31381]">
		<onselect condition="System.hasAddon(script.globalsearch)">RunScript(script.globalsearch,movies=true&amp;tvshows=true&amp;episodes=true&amp;musicvideos=true)</onselect>
		<onselect condition="!System.hasAddon(script.globalsearch)">InstallAddon(script.globalsearch)</onselect>
	</setting>
  <setting id="SearchType" value="||SKIPSTRING||" label="[B]$LOCALIZE[2][/B]" condition="" icon="icons/music.png" description="$LOCALIZE[31382]">
		<onselect condition="System.hasAddon(script.globalsearch)">RunScript(script.globalsearch,artists=true&amp;albums=true&amp;songs=true)</onselect>
		<onselect condition="!System.hasAddon(script.globalsearch)">InstallAddon(script.globalsearch)</onselect>
	</setting>
  <setting id="SearchType" value="||SKIPSTRING||" label="[B]$LOCALIZE[24001][/B]" condition="" icon="icons/addons.png" description="$LOCALIZE[31383]">
		<onselect condition="True">ActivateWindow(addonbrowser,addons://search/,return)</onselect>
	</setting>
	
	
	
  <setting id="SearchType" value="||SKIPSTRING||" label="[B]YouTube[/B]" condition="" icon="icons/youtube.png" description="$LOCALIZE[31384]">
		<onselect condition="System.hasAddon(plugin.video.youtube)">ActivateWindow(videos,plugin://plugin.video.youtube/kodion/search/list/,return)</onselect>
		<onselect condition="!System.hasAddon(plugin.video.youtube)">InstallAddon(plugin.video.youtube)</onselect>
	</setting>
  <setting id="SearchType" value="||SKIPSTRING||" label="[B]TheMovieDB[/B]" condition="" icon="icons/tmdb.png" description="$LOCALIZE[31385]">
		<onselect condition="System.hasAddon(script.extendedinfo)">RunScript(script.extendedinfo,info=moviedbbrowser,search=True)</onselect>
		<onselect condition="!System.hasAddon(script.extendedinfo)">InstallAddon(script.extendedinfo)</onselect>
	</setting>

  <!-- Update IMDB Info  -->
  <setting id="IMDBUpdate" value="||SKIPSTRING||" label="$LOCALIZE[13409]" condition="" icon="special://skin/extras/icons/UpdateIMDb.png" description="">
		<onselect condition="True">RunScript(script.imdbupdate,movies|top250,hidden))</onselect>
	</setting>
  <setting id="IMDBUpdate" value="||SKIPSTRING||" label="$LOCALIZE[20074]" condition="" icon="special://skin/extras/icons/UpdateIMDb.png" description="">
		<onselect condition="True">RunScript(script.imdbupdate,mpaa,hidden))</onselect>
	</setting>

  <!-- Quick Navigation Widgets -->
  <setting id="QuickNavWidgetType" value="1" label="$LOCALIZE[31374]" condition="" icon="" description="" default="true"/>
  <setting id="QuickNavWidgetType" value="2" label="$LOCALIZE[31013]" condition="" icon="" description=""/>
  <setting id="QuickNavWidgetType" value="3" label="$LOCALIZE[5]" condition="" icon="" description=""/>
  <setting id="QuickNavWidgetType" value="4" label="$LOCALIZE[31379]" condition="" icon="" description=""/>

  <!-- Quick Navigation Movies Widgets -->
  <setting id="QuickNavWidgetMoviesType" value="1" label="$LOCALIZE[231]" condition="" icon="" description="" default="true"/>
  <setting id="QuickNavWidgetMoviesType" value="2" label="$LOCALIZE[31241]" condition="" icon="" description=""/>
  <setting id="QuickNavWidgetMoviesType" value="3" label="$LOCALIZE[31260]" condition="" icon="" description=""/>
  <setting id="QuickNavWidgetMoviesType" value="4" label="$LOCALIZE[31247]" condition="" icon="" description=""/>
  <setting id="QuickNavWidgetMoviesType" value="5" label="$LOCALIZE[31200]" condition="" icon="" description=""/>

  <!-- Quick Navigation TVShows Widgets -->
  <setting id="QuickNavWidgetTVShowsType" value="1" label="$LOCALIZE[231]" condition="" icon="" description="" default="true"/>
  <setting id="QuickNavWidgetTVShowsType" value="2" label="$LOCALIZE[31242]" condition="" icon="" description=""/>
  <setting id="QuickNavWidgetTVShowsType" value="3" label="$LOCALIZE[31261]" condition="" icon="" description=""/>
  <setting id="QuickNavWidgetTVShowsType" value="4" label="$LOCALIZE[31248]" condition="" icon="" description=""/>
  <setting id="QuickNavWidgetTVShowsType" value="5" label="$LOCALIZE[31201]" condition="" icon="" description=""/>

  <!-- Quick Navigation Music Widgets -->
  <setting id="QuickNavWidgetMusicType" value="1" label="$LOCALIZE[231]" condition="" icon="" description="" default="true"/>
  <setting id="QuickNavWidgetMusicType" value="2" label="$LOCALIZE[31243]" condition="" icon="" description=""/>
  <setting id="QuickNavWidgetMusicType" value="3" label="$LOCALIZE[31262]" condition="" icon="" description=""/>
  <setting id="QuickNavWidgetMusicType" value="4" label="$LOCALIZE[31249]" condition="" icon="" description=""/>
  <setting id="QuickNavWidgetMusicType" value="5" label="$LOCALIZE[31202]" condition="" icon="" description=""/>

  <!-- Download Extra Art -->
  <setting id="ExtraArt" value="||SKIPSTRING||" label="[B]Poster[/B]" condition="" icon="icons/movies.png" description="$LOCALIZE[31155]">
		<onselect condition="True">RunScript(script.artwork.downloader,mode=custom,mediatype=movie,poster)</onselect>
	</setting>
  <setting id="ExtraArt" value="||SKIPSTRING||" label="[B]ClearLogo[/B]" condition="" icon="icons/movies.png" description="$LOCALIZE[31160]">
		<onselect condition="True">RunScript(script.artwork.downloader,mode=custom,mediatype=movie,clearlogo)</onselect>
	</setting>
  <setting id="ExtraArt" value="||SKIPSTRING||" label="[B]DiscArt[/B]" condition="" icon="icons/movies.png" description="$LOCALIZE[31165]">
		<onselect condition="True">RunScript(script.artwork.downloader,mode=custom,mediatype=movie,discart)</onselect>
	</setting>
  <setting id="ExtraArt" value="||SKIPSTRING||" label="[B]Landscape[/B]" condition="" icon="icons/movies.png" description="$LOCALIZE[31152]">
		<onselect condition="True">RunScript(script.artwork.downloader,mode=custom,mediatype=movie,landscape)</onselect>
	</setting>
  <setting id="ExtraArt" value="||SKIPSTRING||" label="[B]Poster[/B]" condition="" icon="icons/tvshows.png" description="$LOCALIZE[31150]">
		<onselect condition="True">RunScript(script.artwork.downloader,mode=custom,mediatype=tvshow,poster)</onselect>
	</setting>
  <setting id="ExtraArt" value="||SKIPSTRING||" label="[B]ClearLogo[/B]" condition="" icon="icons/tvshows.png" description="$LOCALIZE[31146]">
		<onselect condition="True">RunScript(script.artwork.downloader,mode=custom,mediatype=tvshow,clearlogo)</onselect>
	</setting>
  <setting id="ExtraArt" value="||SKIPSTRING||" label="[B]ClearArt[/B]" condition="" icon="icons/tvshows.png" description="$LOCALIZE[31147]">
		<onselect condition="True">RunScript(script.artwork.downloader,mode=custom,mediatype=tvshow,clearart)</onselect>
	</setting>
  <setting id="ExtraArt" value="||SKIPSTRING||" label="[B]Landscape[/B]" condition="" icon="icons/tvshows.png" description="$LOCALIZE[31148]">
		<onselect condition="True">RunScript(script.artwork.downloader,mode=custom,mediatype=tvshow,landscape)</onselect>
	</setting>
  <setting id="ExtraArt" value="||SKIPSTRING||" label="[B]Banner[/B]" condition="" icon="icons/tvshows.png" description="$LOCALIZE[31149]">
		<onselect condition="True">RunScript(script.artwork.downloader,mode=custom,mediatype=tvshow,banner)</onselect>
	</setting>


  <!-- RSS Video Feeds -->
	<setting id="RSSVideoFeedURL" value="Euronews" label="Euronews (Default)" condition="" icon="https://yt3.ggpht.com/-E6JZH-KyyCc/AAAAAAAAAAI/AAAAAAAAAAA/fqL-p-2Wk40/s176-c-k-no-mo-rj-c0xffffff/photo.jpg" description="" default="True">
		<onselect condition="True">Skin.SetString(RSSVideoFeedType,User)</onselect>
	</setting>
	<setting id="RSSVideoFeedURL" value="bbcnews" label="BBC News" condition="" icon="https://yt3.ggpht.com/-Em-drWQ3uYI/AAAAAAAAAAI/AAAAAAAAAAA/b-RZ1gDQAIc/s176-c-k-no-mo-rj-c0xffffff/photo.jpg" description="">
		<onselect condition="True">Skin.SetString(RSSVideoFeedType,User)</onselect>
	</setting>
	<setting id="RSSVideoFeedURL" value="CNN" label="CNN News" condition="" icon="https://yt3.ggpht.com/-K12xTWC-rMI/AAAAAAAAAAI/AAAAAAAAAAA/2N_u5pcKB3w/s176-c-k-no-mo-rj-c0xffffff/photo.jpg" description="">
		<onselect condition="True">Skin.SetString(RSSVideoFeedType,User)</onselect>
	</setting>
	<setting id="RSSVideoFeedURL" value="CBSNewsOnline" label="CBS News" condition="" icon="https://yt3.ggpht.com/-NSs-ufs2ZJU/AAAAAAAAAAI/AAAAAAAAAAA/bb7gM6EYgns/s176-c-k-no-mo-rj-c0xffffff/photo.jpg" description="">
		<onselect condition="True">Skin.SetString(RSSVideoFeedType,User)</onselect>
	</setting>
	<setting id="RSSVideoFeedURL" value="NationalGeographic" label="National Geographic" condition="" icon="https://yt3.ggpht.com/-gVuW1PB5eQU/AAAAAAAAAAI/AAAAAAAAAAA/TFf3A48Pyuk/s176-c-k-no-mo-rj-c0xffffff/photo.jpg" description="">
		<onselect condition="True">Skin.SetString(RSSVideoFeedType,User)</onselect>
	</setting>
	<setting id="RSSVideoFeedURL" value="historychannel" label="History Channel" condition="" icon="https://yt3.ggpht.com/-tIQN2Z8Fv0k/AAAAAAAAAAI/AAAAAAAAAAA/MubIOjgS83Q/s176-c-k-no-mo-rj-c0xffffff/photo.jpg" description="">
		<onselect condition="True">Skin.SetString(RSSVideoFeedType,User)</onselect>
	</setting>
	<setting id="RSSVideoFeedURL" value="DiscoveryNetworks" label="Discovery Channel" condition="" icon="https://yt3.ggpht.com/-9swW14alzl0/AAAAAAAAAAI/AAAAAAAAAAA/rcZu2EH9hJo/s176-c-k-no-mo-rj-c0xffffff/photo.jpg" description="">
		<onselect condition="True">Skin.SetString(RSSVideoFeedType,User)</onselect>
	</setting>
	<setting id="RSSVideoFeedURL" value="Vice" label="Vice" condition="" icon="https://yt3.ggpht.com/-SuohYAOTZvs/AAAAAAAAAAI/AAAAAAAAAAA/JHg2bUQ0Gjc/s176-c-k-no-mo-rj-c0xffffff/photo.jpg" description="">
		<onselect condition="True">Skin.SetString(RSSVideoFeedType,User)</onselect>
	</setting>
	<setting id="RSSVideoFeedURL" value="TMZ" label="TMZ" condition="" icon="https://yt3.ggpht.com/-pKxxdeCAn9Y/AAAAAAAAAAI/AAAAAAAAAAA/m42e4FCrq4I/s176-c-k-no-mo-rj-c0xffffff/photo.jpg" description="">
		<onselect condition="True">Skin.SetString(RSSVideoFeedType,User)</onselect>
	</setting>
	<setting id="RSSVideoFeedURL" value="TEDxTalks" label="TEDx Talks" condition="" icon="https://yt3.ggpht.com/-yjj95JJQEm8/AAAAAAAAAAI/AAAAAAAAAAA/qkyW_xNpwSo/s288-c-k-no-mo-rj-c0xffffff/photo.jpg" description="">
		<onselect condition="True">Skin.SetString(RSSVideoFeedType,User)</onselect>
	</setting>
	<setting id="RSSVideoFeedURL" value="engadget" label="Engadget" condition="" icon="https://yt3.ggpht.com/-Lw5iOOjxJgg/AAAAAAAAAAI/AAAAAAAAAAA/9Ny1l4XhZ_I/s288-c-k-no-mo-rj-c0xffffff/photo.jpg" description="">
		<onselect condition="True">Skin.SetString(RSSVideoFeedType,User)</onselect>
	</setting>
	<setting id="RSSVideoFeedURL" value="TheEllenShow" label="The Ellen Show" condition="" icon="https://yt3.ggpht.com/-dDZUkj9sY4g/AAAAAAAAAAI/AAAAAAAAAAA/oy6dm2Uy8dc/s176-c-k-no-mo-rj-c0xffffff/photo.jpg" description="">
		<onselect condition="True">Skin.SetString(RSSVideoFeedType,User)</onselect>
	</setting>
	<setting id="RSSVideoFeedURL" value="latenight" label="The Jimmy Fallon Show" condition="" icon="https://yt3.ggpht.com/-x3CU1CXklQI/AAAAAAAAAAI/AAAAAAAAAAA/jPQ9GJeU53g/s176-c-k-no-mo-rj-c0xffffff/photo.jpg" description="">
		<onselect condition="True">Skin.SetString(RSSVideoFeedType,User)</onselect>
	</setting>
	<setting id="RSSVideoFeedURL" value="TheLateLateShow" label="The James Corden Show" condition="" icon="https://yt3.ggpht.com/-NhxJe9XKyV8/AAAAAAAAAAI/AAAAAAAAAAA/XkSb5PFaHP8/s176-c-k-no-mo-rj-c0xffffff/photo.jpg" description="">
		<onselect condition="True">Skin.SetString(RSSVideoFeedType,User)</onselect>
	</setting>
	<setting id="RSSVideoFeedURL" value="JimmyKimmelLive" label="Jimmy Kimmel Live" condition="" icon="https://yt3.ggpht.com/-icjlceY943o/AAAAAAAAAAI/AAAAAAAAAAA/U0fuYSj5vJ0/s176-c-k-no-mo-rj-c0xffffff/photo.jpg" description="">
		<onselect condition="True">Skin.SetString(RSSVideoFeedType,User)</onselect>
	</setting>
	<setting id="RSSVideoFeedURL" value="VH1" label="VH1" condition="" icon="https://yt3.ggpht.com/-WF6qT32CVUc/AAAAAAAAAAI/AAAAAAAAAAA/KF_jhtLuMl4/s176-c-k-no-mo-rj-c0xffffff/photo.jpg" description="">
		<onselect condition="True">Skin.SetString(RSSVideoFeedType,User)</onselect>
	</setting>
	<setting id="RSSVideoFeedURL" value="VEVO" label="VEVO" condition="" icon="https://yt3.ggpht.com/-hmxOepMtptM/AAAAAAAAAAI/AAAAAAAAAAA/nzePQZGAM2Y/s176-c-k-no-mo-rj-c0xffffff/photo.jpg" description="">
		<onselect condition="True">Skin.SetString(RSSVideoFeedType,User)</onselect>
	</setting>
	<setting id="RSSVideoFeedURL" value="Tomorrowland" label="Tomorrowland" condition="" icon="https://yt3.ggpht.com/-3XgUfBpSx-U/AAAAAAAAAAI/AAAAAAAAAAA/dvkt4EKQbMs/s176-c-k-no-mo-rj-c0xffffff/photo.jpg" description="">
		<onselect condition="True">Skin.SetString(RSSVideoFeedType,User)</onselect>
	</setting>
	<setting id="RSSVideoFeedURL" value="Mostv" label="Ministry of Sound" condition="" icon="https://yt3.ggpht.com/-YsWQXYt1j-0/AAAAAAAAAAI/AAAAAAAAAAA/d0CmXS3VzcA/s176-c-k-no-mo-rj-c0xffffff/photo.jpg" description="">
		<onselect condition="True">Skin.SetString(RSSVideoFeedType,User)</onselect>
	</setting>
	<setting id="RSSVideoFeedURL" value="comedycentral" label="Comedy Central" condition="" icon="https://yt3.ggpht.com/-ios1OK1LQyc/AAAAAAAAAAI/AAAAAAAAAAA/1lJALaYer2c/s176-c-k-no-mo-rj-c0xffffff/photo.jpg" description="">
		<onselect condition="True">Skin.SetString(RSSVideoFeedType,User)</onselect>
	</setting>
	<setting id="RSSVideoFeedURL" value="FunnyorDie" label="Funny Or Die" condition="" icon="https://yt3.ggpht.com/-hBhdcAb62Uo/AAAAAAAAAAI/AAAAAAAAAAA/NUpkCfVpTIU/s176-c-k-no-mo-rj-c0xffffff/photo.jpg" description="">
		<onselect condition="True">Skin.SetString(RSSVideoFeedType,User)</onselect>
	</setting>
	<setting id="RSSVideoFeedURL" value="Americanvogue" label="American Vogue" condition="" icon="https://yt3.ggpht.com/-ZjnF2tgOMbM/AAAAAAAAAAI/AAAAAAAAAAA/hq47_GKOLXY/s176-c-k-no-mo-rj-c0xffffff/photo.jpg" description="">
		<onselect condition="True">Skin.SetString(RSSVideoFeedType,User)</onselect>
	</setting>
	<setting id="RSSVideoFeedURL" value="fashiontvhotplus" label="FashionTV" condition="" icon="https://yt3.ggpht.com/-TkrMLwqICV0/AAAAAAAAAAI/AAAAAAAAAAA/vqqSNtCHiRE/s288-c-k-no-mo-rj-c0xffffff/photo.jpg" description="">
		<onselect condition="True">Skin.SetString(RSSVideoFeedType,User)</onselect>
	</setting>
	<setting id="RSSVideoFeedURL" value="laliga" label="Spanish La Liga" condition="" icon="https://yt3.ggpht.com/-y0T08L7H6No/AAAAAAAAAAI/AAAAAAAAAAA/hSqnWXZcSeM/s176-c-k-no-mo-rj-c0xffffff/photo.jpg" description="">
		<onselect condition="True">Skin.SetString(RSSVideoFeedType,User)</onselect>
	</setting>
	<setting id="RSSVideoFeedURL" value="realmadridcf" label="Real Madrid FC" condition="" icon="https://yt3.ggpht.com/-zvPqz5WM4EE/AAAAAAAAAAI/AAAAAAAAAAA/fh1Q0Ycpv2M/s176-c-k-no-mo-rj-c0xffffff/photo.jpg" description="">
		<onselect condition="True">Skin.SetString(RSSVideoFeedType,User)</onselect>
	</setting>
	<setting id="RSSVideoFeedURL" value="fatv" label="English FA Cup" condition="" icon="https://yt3.ggpht.com/-85wjjwedsu0/AAAAAAAAAAI/AAAAAAAAAAA/81VVr2J4Ytc/s176-c-k-no-mo-rj-c0xffffff/photo.jpg" description="">
		<onselect condition="True">Skin.SetString(RSSVideoFeedType,User)</onselect>
	</setting>
	<setting id="RSSVideoFeedURL" value="LiverpoolFC" label="Liverpool FC" condition="" icon="https://yt3.ggpht.com/-TrtEHOgcMFE/AAAAAAAAAAI/AAAAAAAAAAA/K547x_dy1bY/s176-c-k-no-mo-rj-c0xffffff/photo.jpg" description="">
		<onselect condition="True">Skin.SetString(RSSVideoFeedType,User)</onselect>
	</setting>
	<setting id="RSSVideoFeedURL" value="legacalcioserieatim" label="Italian Serie A" condition="" icon="https://yt3.ggpht.com/-_BwK8MbJZhA/AAAAAAAAAAI/AAAAAAAAAAA/pFVJsBctIJs/s176-c-k-no-mo-rj-c0xffffff/photo.jpg" description="">
		<onselect condition="True">Skin.SetString(RSSVideoFeedType,User)</onselect>
	</setting>
	<setting id="RSSVideoFeedURL" value="juventus" label="Juventus FC" condition="" icon="https://yt3.ggpht.com/-Q-63nFpEfSE/AAAAAAAAAAI/AAAAAAAAAAA/ggZKI_npPI0/s176-c-k-no-mo-rj-c0xffffff/photo.jpg" description="">
		<onselect condition="True">Skin.SetString(RSSVideoFeedType,User)</onselect>
	</setting>
	<setting id="RSSVideoFeedURL" value="TheFootballDaily" label="Football Daily" condition="" icon="https://yt3.ggpht.com/-enmySwhRKW4/AAAAAAAAAAI/AAAAAAAAAAA/XyJeO8eB-4E/s176-c-k-no-mo-rj-c0xffffff/photo.jpg" description="">
		<onselect condition="True">Skin.SetString(RSSVideoFeedType,User)</onselect>
	</setting>
	<setting id="RSSVideoFeedURL" value="kick" label="Kick" condition="" icon="https://yt3.ggpht.com/-_yIYyLNHV3w/AAAAAAAAAAI/AAAAAAAAAAA/HwGIKT6uQ0M/s176-c-k-no-mo-rj-c0xffffff/photo.jpg" description="">
		<onselect condition="True">Skin.SetString(RSSVideoFeedType,User)</onselect>
	</setting>
	<setting id="RSSVideoFeedURL" value="Formula1" label="Formula 1" condition="" icon="https://yt3.ggpht.com/-p4tzDhRHziM/AAAAAAAAAAI/AAAAAAAAAAA/BgBf89zrN30/s176-c-k-no-mo-rj-c0xffffff/photo.jpg" description="">
		<onselect condition="True">Skin.SetString(RSSVideoFeedType,User)</onselect>
	</setting>
	<setting id="RSSVideoFeedURL" value="WWEFanNation" label="WWE" condition="" icon="https://yt3.ggpht.com/-5PUl_QbabAQ/AAAAAAAAAAI/AAAAAAAAAAA/MbgCFPQeJrQ/s176-c-k-no-mo-rj-c0xffffff/photo.jpg" description="">
		<onselect condition="True">Skin.SetString(RSSVideoFeedType,User)</onselect>
	</setting>
	<setting id="RSSVideoFeedURL" value="NBA" label="NBA" condition="" icon="https://yt3.ggpht.com/-iykIxE6HFpM/AAAAAAAAAAI/AAAAAAAAAAA/qho7mLdsPLc/s176-c-k-no-mo-rj-c0xffffff/photo.jpg" description="">
		<onselect condition="True">Skin.SetString(RSSVideoFeedType,User)</onselect>
	</setting>
	<setting id="RSSVideoFeedURL" value="gametrailers" label="Game Trailers" condition="" icon="https://yt3.ggpht.com/-pmi2cPz9Gcg/AAAAAAAAAAI/AAAAAAAAAAA/Vwe8LyJRZgk/s176-c-k-no-mo-rj-c0xffffff/photo.jpg" description="">
		<onselect condition="True">Skin.SetString(RSSVideoFeedType,User)</onselect>
	</setting>
	<setting id="RSSVideoFeedURL" value="FilmTrailerZone" label="Film Trailer Zone" condition="" icon="https://yt3.ggpht.com/-26xSEhsiWcQ/AAAAAAAAAAI/AAAAAAAAAAA/8-FlYqWWx3I/s176-c-k-no-mo-rj-c0xffffff/photo.jpg" description="">
		<onselect condition="True">Skin.SetString(RSSVideoFeedType,User)</onselect>
	</setting>
	<setting id="RSSVideoFeedURL" value="FilmsActuTrailers" label="Fresh Movie Trailers" condition="" icon="https://yt3.ggpht.com/-VmnWFt29mbM/AAAAAAAAAAI/AAAAAAAAAAA/2EWzCkZnbe4/s176-c-k-no-mo-rj-c0xffffff/photo.jpg" description="">
		<onselect condition="True">Skin.SetString(RSSVideoFeedType,User)</onselect>
	</setting>
	<setting id="RSSVideoFeedURL" value="movieclipsTRAILERS" label="Movieclips Trailers" condition="" icon="https://yt3.ggpht.com/-IT-HVCNwnkU/AAAAAAAAAAI/AAAAAAAAAAA/UpKKb5P-gkk/s176-c-k-no-mo-rj-c0xffffff/photo.jpg" description="">
		<onselect condition="True">Skin.SetString(RSSVideoFeedType,User)</onselect>
	</setting>
	<setting id="RSSVideoFeedURL" value="MovieclipsCOMINGSOON" label="Movieclips Coming Soon" condition="" icon="https://yt3.ggpht.com/-1dpwtEHwZss/AAAAAAAAAAI/AAAAAAAAAAA/uVqPE9BoIaY/s288-c-k-no-mo-rj-c0xffffff/photo.jpg" description="">
		<onselect condition="True">Skin.SetString(RSSVideoFeedType,User)</onselect>
	</setting>
	<setting id="RSSVideoFeedURL" value="joblomovienetwork" label="JoBlo Movie Trailers" condition="" icon="https://yt3.ggpht.com/-YBXOrlEE_J4/AAAAAAAAAAI/AAAAAAAAAAA/Lk5QlKb9ntE/s176-c-k-no-mo-rj-c0xffffff/photo.jpg" description="">
		<onselect condition="True">Skin.SetString(RSSVideoFeedType,User)</onselect>
	</setting>
	<setting id="RSSVideoFeedURL" value="DerRaizer97" label="Entertainment Access" condition="" icon="https://yt3.ggpht.com/-jXgoAXlIJ_g/AAAAAAAAAAI/AAAAAAAAAAA/WGAe2Mr3G80/s176-c-k-no-mo-rj-c0xffffff/photo.jpg" description="">
		<onselect condition="True">Skin.SetString(RSSVideoFeedType,User)</onselect>
	</setting>
	<setting id="RSSVideoFeedURL" value="movietrailers" label="ONE Media" condition="" icon="https://yt3.ggpht.com/-q3yclmvjVzk/AAAAAAAAAAI/AAAAAAAAAAA/jVaGJKJjUps/s176-c-k-no-mo-rj-c0xffffff/photo.jpg" description="">
		<onselect condition="True">Skin.SetString(RSSVideoFeedType,User)</onselect>
	</setting>
	<setting id="RSSVideoFeedURL" value="Filme" label="KinoCheck International" condition="" icon="https://yt3.ggpht.com/-P_ZY4MNGn90/AAAAAAAAAAI/AAAAAAAAAAA/7ZHNL4Qrhi8/s176-c-k-no-mo-rj-c0xffffff/photo.jpg" description="">
		<onselect condition="True">Skin.SetString(RSSVideoFeedType,User)</onselect>
	</setting>
	<setting id="RSSVideoFeedURL" value="YouTube" label="YouTube Spotlight" condition="" icon="https://yt3.ggpht.com/-dL2jeHlm2Ok/AAAAAAAAAAI/AAAAAAAAAAA/ZCMMkRj-hrw/s176-c-k-no-mo-rj-c0xffffff/photo.jpg" description="">
		<onselect condition="True">Skin.SetString(RSSVideoFeedType,User)</onselect>
	</setting>
	<setting id="RSSVideoFeedURL" value="||PROMPTSTRING||" label="Custom YouTube User ID" condition="" icon="icons/youtube_red.png" description="">
		<onselect condition="True">Skin.SetString(RSSVideoFeedType,User)</onselect>
		<onselect condition="True">Skin.SetString(RSSVideoFeedURL.Label)</onselect>
	</setting>
	<setting id="RSSVideoFeedURL" value="||PROMPTSTRING||" label="Custom YouTube Channel ID" condition="" icon="icons/youtube_red.png" description="">
		<onselect condition="True">Skin.SetString(RSSVideoFeedType,Channel)</onselect>
		<onselect condition="True">Skin.SetString(RSSVideoFeedURL.Label)</onselect>
	</setting>

</settings>
