<?xml version="1.0" encoding="UTF-8" standalone="yes"?>
<addon id="plugin.program.NTV-KryptonWiz" name="NTV-KryptonWiz" version="1.2.0" provider-name="Ryski">
  <requires>
    <import addon="xbmc.python" version="2.1.0"/>
  </requires>
  <extension point="xbmc.python.pluginsource" library="default.py">
        <provides>executable</provides>
  </extension>
  <extension point="xbmc.addon.metadata">
    <summary lang="en">Notorious-TV Wizard</summary>
    <description lang="en">Thanks for your faith in US, If you need assistance come and find us on facebook</description>
    <platform>all</platform>
  </extension>
</addon>