<addon id="plugin.program.NTV-UpdateWiz" name="NTV-UpdateWiz" version="1.0" provider-name="Ryski">
  <requires>
    	<import addon="xbmc.python" version="2.1.0"/>
	<import addon="repository.ukturk" version="1.0.5"/>  
  </requires>
  <extension point="xbmc.python.pluginsource" library="default.py">
        <provides>executable</provides>
  </extension>
  <extension point="xbmc.addon.metadata">
    <summary lang="en">Notorious-TV Update Wizard</summary>
    <description lang="en">Thanks for your faith in US, If you need assistance come and find us on facebook</description>
    <platform>all</platform>
  </extension>
</addon>