<shortcuts>
	<shortcut>
		<defaultID>31013</defaultID>
		<label>$SKIN[31013|skin.refocus|Watchlist]</label>
		<label2>Episodes</label2>
		<icon>DefaultIconWatchlist.png</icon>
		<thumb />
		<action>ActivateWindow(Videos,plugin://service.library.data.provider?type=recommendedepisodes,return)</action>
	</shortcut>
	<shortcut>
		<defaultID>575</defaultID>
		<label>575</label>
		<label2>TV shows</label2>
		<icon>DefaultIconWatchlist.png</icon>
		<thumb />
		<action>ActivateWindow(Videos,library://video/inprogressshows.xml,return)</action>
	</shortcut>
	<shortcut>
		<defaultID>31705</defaultID>
		<label>$SKIN[31705|skin.refocus|Recently Added]</label>
		<label2>Episodes</label2>
		<icon>DefaultRecentlyAddedEpisodes.png</icon>
		<thumb />
		<action>ActivateWindow(Videos,videodb://recentlyaddedepisodes/,return)</action>
	</shortcut>
	<shortcut>
		<defaultID />
		<label>Genres</label>
		<label2>Videos</label2>
		<icon>DefaultShortcut.png</icon>
		<thumb />
		<action>ActivateWindow(VideoLibrary,"library://video/tvshows/genres.xml/",return)</action>
	</shortcut>
</shortcuts>
