<?xml version="1.0" encoding="UTF-8"?>
<addon id="skin.bello.6.nero" version="1.0.8" name="Bello 6 NTV Mod" provider-name="Nessus, eQUIV, iCanuck, Eric Wright, Ryski Mod">
  <requires>
		<import addon="xbmc.gui" version="5.12.0"/>
		<import addon="script.skinshortcuts" version="1.0.17"/>
		<import addon="script.skin.helper.service" version="1.1.3"/>
		<import addon="script.extendedinfo" version="5.6.0"/>
		<import addon="service.library.data.provider" version="0.3.0"/>
		<import addon="script.skin.helper.widgets" version="1.0.22"/>
	</requires>
	<extension point="xbmc.gui.skin" effectslowdown="0.75" debugging="false">
	    <res width="1280" height="720" aspect="16:9" default="true" folder="720p"/>
	</extension>
  <extension point="xbmc.addon.metadata">
    <summary lang="af">'n GUI vir Kodi Media Sentrum</summary>
    <summary lang="ar">واجهة رسومية لمركز الوسائط Kodi</summary>
    <summary lang="bg">Потребителски интерфейс за Kodi</summary>
    <summary lang="ca">Una interfície gràfica per a l'Kodi</summary>
    <summary lang="da">En GUI til Kodi Media Center</summary>
    <summary lang="de">Ein GUI für das Kodi Media Center</summary>
    <summary lang="el">Ένα Γραφικό Περιβάλλον για το Kodi</summary>
    <summary lang="en">A GUI for Kodi Media Center</summary>
    <summary lang="en_AU">A GUI for Kodi Media Centre</summary>
    <summary lang="en_NZ">A GUI for Kodi Media Centre</summary>
    <summary lang="en_US">A GUI for Kodi Media Center</summary>
    <summary lang="es">Una interfaz gráfica para Kodi</summary>
    <summary lang="fr">Un thème pour Kodi Media Center</summary>
    <summary lang="fr_CA">Une IUG pour le centre multimédia Kodi </summary>
    <summary lang="gl">Un GUI para Centro de Medios Kodi</summary>
    <summary lang="he">ממשק משתמש עבור Kodi מדיה סנטר</summary>
    <summary lang="hu">Felszín az  Kodi Média centerhez</summary>
    <summary lang="it">Un Interfaccia per Kodi Media Center</summary>
    <summary lang="ja">Kodi メディアセンター用 GUI</summary>
    <summary lang="ko">Kodi Media Center를 위한 그래픽 사용자 인터페이스</summary>
    <summary lang="lt">Kodi media centro GUI</summary>
    <summary lang="ms">GUI untuk Pusat Media Kodi</summary>
    <summary lang="nl">Een gebruikersinterface voor Kodi Media Center </summary>
    <summary lang="pl">Interfejs użytkownika dla Kodi Media Center</summary>
    <summary lang="pt">Uma Interface para o Centro de Média Kodi</summary>
    <summary lang="pt_BR">Uma interface gráfica para o Kodi Media Center</summary>
    <summary lang="ru">Обложка для Kodi</summary>
    <summary lang="sl">Uporabniški vmesnik za medijsko središče Kodi</summary>
    <summary lang="sv">Ett grafiskt användargränssnitt för Kodi</summary>
    <summary lang="th">ส่วนติดต่อผู้ใช้ สำหรับศูนย์รวมสื่อ Kodi</summary>
    <summary lang="tr">Kodi Media Center İçin Arayüz</summary>
    <summary lang="zh">Kodi媒体中心的一个图形用户界面</summary>
    <summary lang="zh_TW">一個 Kodi 多媒體中心的圖形介面</summary>
    <description lang="bg">Bello е потребителски интерфейс за Kodi. Целта му е да Ви удовлетвори в максимална степен, чрез своя уникален, бърз и удобен интерфейс, като същевременно не Ви лишава от най-новите функционалности на Kodi.</description>
    <description lang="de">Bello ist eine Benutzeroberfläche für das Kodi Media Center. Das Ziel von Bello ist es, Ihr Unterhaltungserlebnis mit der schnellen, einzigartigen und einheitlichen Oberfläche zusammen mit den neusten Kodi-Features zu maximieren.</description>
    <description lang="el">Το Bello είναι ένα Γραφικό Περιβάλλον Εργασίας (GUI) για το Κέντρο Πολυμέσων Kodi. Στόχος του Bello είναι να μεγιστοποιήσει την ψυχαγωγική σας εμπειρία μέσω του γρήγορου, μοναδικού και ενοποιημένου περιβάλλοντός του, που περιλαμβάνει όλες τις νέες λειτουργίες του Kodi.</description>
    <description lang="en">This is the 6th generation of Bello skin for Kodi. Bello 6 is aiming to maximize your Kodi entertainment experience with its NEW Unique, Clean and Elegant interface while providing users a highly customization level and lots of cool features!</description>
    <description lang="en_AU">This is the 6th generation of Bello skin for Kodi. Bello 6 is aiming to maximize your Kodi entertainment experience with its NEW Unique, Clean and Elegant interface while providing users a highly customization level and lots of cool features!</description>
    <description lang="en_NZ">This is the 6th generation of Bello skin for Kodi. Bello 6 is aiming to maximize your Kodi entertainment experience with its NEW Unique, Clean and Elegant interface while providing users a highly customization level and lots of cool features!</description>
    <description lang="en_US">This is the 6th generation of Bello skin for Kodi. Bello 6 is aiming to maximize your Kodi entertainment experience with its NEW Unique, Clean and Elegant interface while providing users a highly customization level and lots of cool features!</description>
    <description lang="es">Bello es una interfaz gráfica para Kodi. La meta de Bello es maximizar la experiencia de Kodi con su interfaz única, rápida y unificada y las últimas novedades de Kodi. </description>
    <description lang="fr">Bello est un thème pour Kodi Media Center. Le but de Bello est de maximiser votre expérience Kodi avec son interface rapide, fluide et unique pour toutes les fonctionnalités d'Kodi.</description>
    <description lang="fr_CA">Bello est une IUG pour le centre multimédia Kodi. Le but de Bello est de maximiser votre expérience de divertissement Kodi avec une interface rapide, unique et unifiée, ainsi qu'avec toutes les dernières fonctions de Kodi. </description>
    <description lang="gl">Bello e unha GUI para o Centro Multimedia Kodi. O obxectivo de Bello é que goce ó máximo da experiencia en entretemento no Kodi, unha interface única e unificada xunto con todas as funcións do Kodi.</description>
    <description lang="he">המעטפת Bello היא ממשק משתמש עבור Kodi. מטרת Bello היא להעצים את חוויית השימוש ב־Kodi בעזרת ממשק מהיר, ייחודי ואחיד עם כל היכולות החדשות של Kodi.</description>
    <description lang="hu">A Bello egy felszín az Kodi média centerhez. A Bello célja hogy maximalizálja az Kodi élvezeti értékét az egyedi, gyors és egyszerű felülettel és az Kodi legújabb fejlesztéseinek felhasználásával.</description>
    <description lang="it">Bello è un'interfaccia per Kodi Media Center. L'obiettivo di Bello è di massimizzare la tua esperienza di intrattenimento con Kodi con la sua interfaccia veloce, unica ed unificata insieme alle nuove caratteristiche di Kodi.</description>
    <description lang="ko">Bello는 Kodi Media Center의 그래픽 인터페이스입니다. Bello의 목표는 모든 최신 기능들에 대해 빠르고 독특하며 일관된 인터페이스를 제공하여 Kodi 엔터테인먼트 경험을 최대화하는데 있습니다.</description>
    <description lang="lt">Bello Kodi Media Center GUI. Bello tikslas yra maksimaliai padidinti Kodi pramogą, unikali ir vieninga sąsaja kartu su visomis naujausiomis Kodi funkcijomis.</description>
    <description lang="ms">Bello ialah GUI untuk Pusat Media Kodi. Matlamat Bello ialah untuk pengalaman hiburan Kodi yang maksimum dengan antaramuka yang pantas, unik dan sepadu bersama-sama dengan semua fitur terkini Kodi.</description>
    <description lang="nl">Bello is een gebruikersinterface voor Kodi Media Center. Het doel van Bello is jouw Kodi entertainmentbeleving te maximaliseren met zijn snelle, unieke en universele interface samen met de laatste mogelijkheden van Kodi</description>
    <description lang="pl">Bello to graficzny interfejs użytkownika dla Kodi Media Center. Celem Bello jest dostarczenie maksymalnej wygody użytkowania Kodi z wykorzystaniem szybkiego, unikalnego oraz ujednoliconego interfejsu, wraz z wszystkimi najnowszymi funkcjonalnościami Kodi.</description>
    <description lang="pt_BR">Bello é uma interface gráfica para o Kodi. A meta de Bello é maximizar sua experiência de entretenimento com o Kodi através de sua interface única, rápida e integrada com todos os últimos recursos do Kodi.</description>
    <description lang="ru">Bello - это обложка для Kodi. Ee быстрый, неповторимый и законченный интерфейс вместе возможностями Kodi позволят вам получить максимальное удовольствие от вашей цифровой коллекции.</description>
    <description lang="sv">Bello är ett GUI för Kodi Media Center. Syftet med Bello är att fullborda din Kodi upplevelse med ett snabbt, unikt och samlat gränssnitt tillsammans med de allra senaste funktionerna av Kodi.</description>
    <description lang="tr">Bello, Kodi Media Center için bir GKA'dır. Bello'nun hedefi, hızlı ve benzersiz arayüzüyle, Kodi eğlence deneyiminizi en son ve bütün özellikleriyle maksimuma çıkarmaktır.</description>
    <description lang="zh">Bello是一个Kodi媒体中心的图形界面. Bello的目标是通过快速, 独特和统一的界面以及最新的Kodi特性, 来最大化你的Kodi娱乐体验.</description>
    <disclaimer lang="af">Muis gebruik word nie ondersteun</disclaimer>
    <disclaimer lang="ar">غير معتمد استخدام الماوس</disclaimer>
    <disclaimer lang="bg">Ползването на мишка не се поддържа</disclaimer>
    <disclaimer lang="ca">L'ús del ratolí no està suportat</disclaimer>
    <disclaimer lang="da">Mus understøttes ikke</disclaimer>
    <disclaimer lang="de">Verwendung der Maus wird nicht unterstützt</disclaimer>
    <disclaimer lang="el">Χωρίς υποστήριξη για ποντίκι</disclaimer>
    <disclaimer lang="en">Mouse usage is not supported</disclaimer>
    <disclaimer lang="en_AU">Mouse usage is not supported</disclaimer>
    <disclaimer lang="en_NZ">Mouse usage is not supported</disclaimer>
    <disclaimer lang="en_US">Mouse usage is not supported</disclaimer>
    <disclaimer lang="es">El uso de ratón no esta soportado</disclaimer>
    <disclaimer lang="fr">L'utilisation de la souris n'est pas supportée.</disclaimer>
    <disclaimer lang="fr_CA">L'utilisation de la souris n'est pas prise en charge</disclaimer>
    <disclaimer lang="gl">Uso do rato non soportado</disclaimer>
    <disclaimer lang="he">אין תמיכה בעכבר</disclaimer>
    <disclaimer lang="hu">Egér használata nem támogatott</disclaimer>
    <disclaimer lang="it">L'utilizzo del mouse non è supportato</disclaimer>
    <disclaimer lang="ko">마우스 지원 안 함</disclaimer>
    <disclaimer lang="lt">Pelės naudojimas nepalaikomas</disclaimer>
    <disclaimer lang="mk">Користењето на глувче не е поддржано</disclaimer>
    <disclaimer lang="ms">Penggunaan tetikus tidak disokong</disclaimer>
    <disclaimer lang="nl">Het gebruik van een muis wordt niet ondersteund</disclaimer>
    <disclaimer lang="pl">Brak obsługi myszy</disclaimer>
    <disclaimer lang="pt">Não é possível utilizar o rato</disclaimer>
    <disclaimer lang="pt_BR">Uso de mouse não é suportado</disclaimer>
    <disclaimer lang="ru">Использование мыши не поддерживается</disclaimer>
    <disclaimer lang="sl">Uporaba miške ni podprta</disclaimer>
    <disclaimer lang="sv">Att använda musen fungerar inte</disclaimer>
    <disclaimer lang="th">ไม่รองรับการใช้งานด้วยเมาท์</disclaimer>
    <disclaimer lang="tr">Fare kullanımı desteklenmiyor</disclaimer>
    <disclaimer lang="zh">不支持使用鼠标</disclaimer>
    <disclaimer lang="zh_TW">不支援使用滑鼠</disclaimer>
    <platform>all</platform>
    <license>Creative Commons Attribution-NonCommercial-Share Alike 4.0 International License</license>
    <forum>http://forum.kodi.tv/forumdisplay.php?fid=198</forum>
    <email>nessus85100 at hotmail dot com</email>
    <source>https://github.com/Nessus85100/Bello.6</source>
    <news>For a full list of changes visit https://github.com/Nessus85100/Bello.6/commits/master</news>
		<assets>
			<icon>resources/icon.png</icon>
			<fanart>resources/fanart.jpg</fanart>
			<screenshot>resources/screenshot-01.jpg</screenshot>
			<screenshot>resources/screenshot-02.jpg</screenshot>
			<screenshot>resources/screenshot-03.jpg</screenshot>
			<screenshot>resources/screenshot-04.jpg</screenshot>
			<screenshot>resources/screenshot-05.jpg</screenshot>
			<screenshot>resources/screenshot-06.jpg</screenshot>
			<screenshot>resources/screenshot-07.jpg</screenshot>
			<screenshot>resources/screenshot-08.jpg</screenshot>
			<screenshot>resources/screenshot-09.jpg</screenshot>
			<screenshot>resources/screenshot-10.jpg</screenshot>
			<screenshot>resources/screenshot-11.jpg</screenshot>
			<screenshot>resources/screenshot-12.jpg</screenshot>
			<screenshot>resources/screenshot-13.jpg</screenshot>
			<screenshot>resources/screenshot-14.jpg</screenshot>
			<screenshot>resources/screenshot-15.jpg</screenshot>
			<screenshot>resources/screenshot-16.jpg</screenshot>
			<screenshot>resources/screenshot-17.jpg</screenshot>
			<screenshot>resources/screenshot-18.jpg</screenshot>
			<screenshot>resources/screenshot-19.jpg</screenshot>			
		</assets>
  </extension>
</addon>
