<?xml version="1.0" encoding="UTF-8"?>
<window>
	<defaultcontrol always="true">50</defaultcontrol>
	<views>50,522,572,574,58</views>
	<controls>

	<!--global includes-->
		<include>global_Background</include>
		<include>global_Includes</include>
		<include>global_MenuGuide</include>
		<include>PageControls</include>

	<!--window header-->
		<include name="windowTitle">
			<param name="Label" value="$VAR[window:Title.Addons]"/>
		</include>

		<include>global_Itemcount</include>

	<!--view includes-->
		<include>view_List</include><!--view 50-->
		<include>view_SlideSquare</include><!--view 522-->
		<include>view_IconSquare</include><!--view 572-->
		<include>view_IconSquareSmall</include><!--view 574-->
		<include>view_Tiles</include><!--view 58-->

	<!--menu-->
		<include>menu_Addons</include>
	</controls>
</window> 