<?xml version="1.0" encoding="UTF-8"?>
<window>
	<defaultcontrol>10</defaultcontrol>
	<include>transition_Dialog</include>
	<coordinates>
		<system>1</system>
		<left>340</left>
		<top>168</top>
	</coordinates>
	<controls>
		<control type="group">
			<width>600</width>
			<height>385</height>
			<control type="image" id="0">
				<width>600</width>
				<height>385</height>
				<include>dialog_Window</include>
			</control>
			<control type="label" id="20">
				<width>592</width>
				<label>$LOCALIZE[1007]</label>
				<include>dialog_Windowtitle</include>
			</control>
			<control type="group">
				<left>4</left>
				<top>60</top>
				<control type="image">
					<width>592</width>
					<include>dialog_Separator</include>
				</control>
				<!--protocol-->
				<control type="spincontrolex" id="10">
					<top>0</top>
					<width>592</width>
					<label>$LOCALIZE[1008]</label>
					<reverse>yes</reverse>
					<onup>18</onup>
					<ondown>11</ondown>
					<onleft>10</onleft>
					<onright>10</onright>
					<include>dialog_ControlCommons</include>
					<include>dialog_Spin</include>
				</control>
				<!--server name-->
				<control type="edit" id="11">
					<top>40</top>
					<width>553</width>
					<onup>10</onup>
					<onleft>12</onleft>
					<onright>12</onright>
					<ondown>16</ondown>
					<include>dialog_ControlCommons</include>
				</control>
				<!--server browse-->
				<control type="group">
					<left>552</left>
					<top>40</top>
					<control type="button" id="12">
						<label>-</label>
						<onup>10</onup>
						<onleft>11</onleft>
						<onright>11</onright>
						<ondown>16</ondown>
						<include>dialog_Inline-edit</include>
					</control>
					<control type="image">
						<height>39</height>
						<include>dialog_Separator-y</include>
					</control>
					<control type="image">
						<top>39</top>
						<width>40</width>
						<include>dialog_Separator</include>
					</control>
				</control>
				<!--remote path-->
				<control type="edit" id="16">
					<top>80</top>
					<width>592</width>
					<label>-</label>
					<onup>11</onup>
					<onleft>16</onleft>
					<onright>16</onright>
					<ondown>13</ondown>
					<include>dialog_ControlCommons</include>
				</control>
				<!--port-->
				<control type="edit" id="13">
					<top>120</top>
					<width>592</width>
					<label>$LOCALIZE[1013]</label>
					<onup>16</onup>
					<onleft>13</onleft>
					<onright>13</onright>
					<ondown>14</ondown>
					<include>dialog_ControlCommons</include>
				</control>
				<!--username-->
				<control type="edit" id="14">
					<top>160</top>
					<width>592</width>
					<label>$LOCALIZE[1014]</label>
					<onup>13</onup>
					<onleft>14</onleft>
					<onright>14</onright>
					<ondown>15</ondown>
					<include>dialog_ControlCommons</include>
				</control>
				<!--password-->
				<control type="edit" id="15">
					<top>200</top>
					<width>592</width>
					<label>$LOCALIZE[15052]</label>
					<onup>14</onup>
					<onleft>15</onleft>
					<onright>15</onright>
					<ondown>18</ondown>
					<include>dialog_ControlCommons</include>
				</control>
			</control>

		<!--dialog buttons-->
			<control type="grouplist" id="9001">
				<right>20</right>
				<bottom>20</bottom>
				<width>254</width>
				<height>40</height>
				<onup>15</onup>
				<ondown>10</ondown>
				<itemgap>10</itemgap>
				<orientation>horizontal</orientation>
				<!--ok-->
				<control type="button" id="18">
					<label>$LOCALIZE[186]</label>
					<include>dialog_WindowButton</include>
				</control>
				<!--cancel-->
				<control type="button" id="19">
					<label>$LOCALIZE[222]</label>
					<include>dialog_WindowButton</include>
				</control>
			</control>
		</control>
	</controls>
</window>