<?xml version="1.0" encoding="UTF-8"?>
<window>
	<defaultcontrol always="true">300</defaultcontrol>
	<coordinates>
		<system>2</system>
		<left>273</left>
		<top>300</top>
	</coordinates>
	<controls>
		<control type="group">
			<width>740</width>
			<height>385</height>
			<include>transition_Dialog</include>
			<animation effect="slide" start="0,0" end="0,200" time="0" condition="Skin.HasSetting(keyboard.enable)">Conditional</animation>
			<visible>!Window.IsVisible(numericinput)</visible>
			<control type="image" id="1">
				<include>dialog_Window</include>
				<width>740</width>
				<height>385</height>
				<visible>!Skin.HasSetting(keyboard.enable)</visible>
			</control>
			<control type="image" id="1">
				<include>dialog_Window</include>
				<width>740</width>
				<height>125</height>
				<visible>Skin.HasSetting(keyboard.enable)</visible>
			</control>
			<control type="label" id="311">
				<width>761</width>
				<include>dialog_Windowtitle</include>
			</control>
			<control type="edit" id="312">
				<centerleft>50%</centerleft>
				<top>59</top>
				<width>700</width>
				<align>center</align>
				<texturenofocus border="3">dialogs/keyboard/edit-nf.png</texturenofocus>
				<texturefocus border="3">dialogs/keyboard/edit-fo.png</texturefocus>
				<include>dialog_Edit</include>
			</control>
			<control type="group" id="1000">
				<left>20</left>
				<top>120</top>
				<visible>!Skin.HasSetting(keyboard.enable)</visible>

			<!-- row 1 -->
				<control type="grouplist" id="1100">
					<itemgap>2</itemgap>
					<orientation>horizontal</orientation>
					<!--layout-->
					<control type="button" id="309">
						<label>$LOCALIZE[20177]</label>
						<width>200</width>
						<onup>300</onup>
						<ondown>302</ondown>
						<textoffsetx>15</textoffsetx>
						<align>left</align>
						<include>dialog_KeyboardButton</include>
					</control>
					<!--(0,0) key button-->
					<control type="button" id="100">
						<description>(0,0) key button</description>
						<onup>32</onup>
						<ondown>120</ondown>
						<include>dialog_KeyboardButton</include>
					</control>
					<!--(0,1) key button-->
					<control type="button" id="101">
						<onup>32</onup>
						<ondown>121</ondown>
						<include>dialog_KeyboardButton</include>
					</control>
					<!--(0,2) key button-->
					<control type="button" id="102">
						<onup>32</onup>
						<ondown>122</ondown>
						<include>dialog_KeyboardButton</include>
					</control>
					<!--(0,3) key button-->
					<control type="button" id="103">
						<onup>32</onup>
						<ondown>123</ondown>
						<include>dialog_KeyboardButton</include>
					</control>
					<!--(0,4) key button-->
					<control type="button" id="104">
						<onup>8</onup>
						<ondown>124</ondown>
						<include>dialog_KeyboardButton</include>
					</control>
					<!--(0,5) key button-->
					<control type="button" id="105">
						<onup>8</onup>
						<ondown>125</ondown>
						<include>dialog_KeyboardButton</include>
					</control>
					<!--(0,6) key button-->
					<control type="button" id="106">
						<onup>8</onup>
						<ondown>126</ondown>
						<include>dialog_KeyboardButton</include>
					</control>
					<!--(0,7) key button-->
					<control type="button" id="107">
						<onup>8</onup>
						<ondown>127</ondown>
						<include>dialog_KeyboardButton</include>
					</control>
					<!--(0,8) key button-->
					<control type="button" id="108">
						<onup>305</onup>
						<ondown>128</ondown>
						<include>dialog_KeyboardButton</include>
					</control>
					<!--(0,9) key button-->
					<control type="button" id="109">
						<onup>305</onup>
						<ondown>129</ondown>
						<include>dialog_KeyboardButton</include>
					</control>
					<!--(0,10) key button-->
					<control type="button" id="110">
						<onup>306</onup>
						<ondown>130</ondown>
						<include>dialog_KeyboardButton</include>
					</control>
					<!--(0,11) key button-->
					<control type="button" id="111">
						<onup>306</onup>
						<ondown>131</ondown>
						<include>dialog_KeyboardButton</include>
					</control>
				</control>
			<!--row 2-->
				<control type="grouplist">
					<orientation>horizontal</orientation>
					<top>50</top>
					<itemgap>2</itemgap>
					<!--shift-->
					<control type="radiobutton" id="302">	
						<label>$LOCALIZE[20178]</label>
						<onup>309</onup>
						<ondown>303</ondown>
						<include>dialog_KeyboardRadio</include>
					</control>
					<!--(1,0) key button-->
					<control type="button" id="120">
						<onup>100</onup>
						<ondown>140</ondown>
						<include>dialog_KeyboardButton</include>
					</control>
					<!--(1,1) key button-->
					<control type="button" id="121">
						<onup>101</onup>
						<ondown>141</ondown>
						<include>dialog_KeyboardButton</include>
					</control>
					<!--(1,2) key button-->
					<control type="button" id="122">
						<onup>102</onup>
						<ondown>142</ondown>
						<include>dialog_KeyboardButton</include>
					</control>
					<!--(1,3) key button-->
					<control type="button" id="123">
						<onup>103</onup>
						<ondown>143</ondown>
						<include>dialog_KeyboardButton</include>
					</control>
					<!--(1,4) key button-->
					<control type="button" id="124">
						<onup>104</onup>
						<ondown>144</ondown>
						<include>dialog_KeyboardButton</include>
					</control>
					<!--(1,5) key button-->
					<control type="button" id="125">
						<onup>105</onup>
						<ondown>145</ondown>
						<include>dialog_KeyboardButton</include>
					</control>
					<!--(1,6) key button-->
					<control type="button" id="126">
						<onup>106</onup>
						<ondown>146</ondown>
						<include>dialog_KeyboardButton</include>
					</control>
					<!--(1,7) key button-->
					<control type="button" id="127">
						<onup>107</onup>
						<ondown>147</ondown>
						<include>dialog_KeyboardButton</include>
					</control>
					<!--(1,8) key button-->
					<control type="button" id="128">
						<onup>108</onup>
						<ondown>148</ondown>
						<include>dialog_KeyboardButton</include>
					</control>
					<!--(1,9) key button-->
					<control type="button" id="129">
						<onup>109</onup>
						<ondown>149</ondown>
						<include>dialog_KeyboardButton</include>
					</control>
					<!--(1,10) key button-->
					<control type="button" id="130">
						<onup>110</onup>
						<ondown>150</ondown>
						<include>dialog_KeyboardButton</include>
					</control>
					<!--(1,11) key button-->
					<control type="button" id="131">
						<onup>111</onup>
						<ondown>151</ondown>
						<include>dialog_KeyboardButton</include>
					</control>
				</control>
			<!--row 3-->
				<control type="grouplist">
					<top>100</top>
					<orientation>horizontal</orientation>
					<itemgap>2</itemgap>
					<!--CAPS-->
					<control type="radiobutton" id="303">
						<label>$LOCALIZE[20179]</label>
						<onup>302</onup>
						<ondown>304</ondown>
						<include>dialog_KeyboardRadio</include>
					</control>
					<!--(2,0) key button-->
					<control type="button" id="140">
						<description>(2,0) key button</description>
						<onup>120</onup>
						<ondown>160</ondown>
						<include>dialog_KeyboardButton</include>
					</control>
					<!--(2,1) key button-->
					<control type="button" id="141">
						<onup>121</onup>
						<ondown>161</ondown>
						<include>dialog_KeyboardButton</include>
					</control>
					<!--(2,2) key button-->
					<control type="button" id="142">
						<onup>122</onup>
						<ondown>162</ondown>
						<include>dialog_KeyboardButton</include>
					</control>
					<!--(2,3) key button-->
					<control type="button" id="143">
						<onup>123</onup>
						<ondown>163</ondown>
						<include>dialog_KeyboardButton</include>
					</control>
					<!--(2,4) key button-->
					<control type="button" id="144">
						<onup>124</onup>
						<ondown>164</ondown>
						<include>dialog_KeyboardButton</include>
					</control>
					<!--(2,5) key button-->
					<control type="button" id="145">
						<onup>125</onup>
						<ondown>165</ondown>
						<include>dialog_KeyboardButton</include>
					</control>
					<!--(2,6) key button-->
					<control type="button" id="146">
						<onup>126</onup>
						<ondown>166</ondown>
						<include>dialog_KeyboardButton</include>
					</control>
					<!--(2,7) key button-->
					<control type="button" id="147">
						<onup>127</onup>
						<ondown>167</ondown>
						<include>dialog_KeyboardButton</include>
					</control>
					<!--(2,8) key button-->
					<control type="button" id="148">
						<onup>128</onup>
						<ondown>168</ondown>
						<include>dialog_KeyboardButton</include>
					</control>
					<!--(2,9) key button-->
					<control type="button" id="149">
						<onup>129</onup>
						<ondown>169</ondown>
						<include>dialog_KeyboardButton</include>
					</control>
					<!--(2,10) key button-->
					<control type="button" id="150">
						<onup>130</onup>
						<ondown>170</ondown>
						<include>dialog_KeyboardButton</include>
					</control>
					<!--(2,11) key button-->
					<control type="button" id="151">
						<onup>131</onup>
						<ondown>171</ondown>
						<include>dialog_KeyboardButton</include>
					</control>
				</control>
			<!--row 4-->
				<control type="grouplist">
					<top>150</top>
					<itemgap>2</itemgap>
					<orientation>horizontal</orientation>
					<!-- IP
					<control type="button" id="307">
						<onup>303</onup>
						<ondown>300</ondown>
						<label>IP</label>
						<include>dialog_KeyboardRadio</include>
					</control>
					-->
					<!--symbols-->
					<control type="radiobutton" id="304">
						<label>$LOCALIZE[20180]</label>
						<onup>303</onup>
						<ondown>300</ondown>
						<include>dialog_KeyboardRadio</include>
					</control>
					<!--(4,0) key button-->
					<control type="button" id="160">
						<onup>140</onup>
						<ondown>32</ondown>
						<include>dialog_KeyboardButton</include>
					</control>
					<!--(4,1) key button-->
					<control type="button" id="161">
						<onup>141</onup>
						<ondown>32</ondown>
						<include>dialog_KeyboardButton</include>
					</control>
					<!--(4,2) key button-->
					<control type="button" id="162">
						<onup>142</onup>
						<ondown>32</ondown>
						<include>dialog_KeyboardButton</include>
					</control>
					<!--(4,3) key button-->
					<control type="button" id="163">
						<onup>143</onup>
						<ondown>32</ondown>
						<include>dialog_KeyboardButton</include>
					</control>
					<!--(4,4) key button-->
					<control type="button" id="164">
						<onup>144</onup>
						<ondown>8</ondown>
						<include>dialog_KeyboardButton</include>
					</control>
					<!--(4,5) key button-->
					<control type="button" id="165">
						<onup>145</onup>
						<ondown>8</ondown>
						<include>dialog_KeyboardButton</include>
					</control>
					<!--(4,6) key button-->
					<control type="button" id="166">
						<onup>146</onup>
						<ondown>8</ondown>
						<include>dialog_KeyboardButton</include>
					</control>
					<!--(4,7) key button-->
					<control type="button" id="167">
						<onup>147</onup>
						<ondown>8</ondown>
						<include>dialog_KeyboardButton</include>
					</control>
					<!--(4,8) key button-->
					<control type="button" id="168">
						<onup>148</onup>
						<ondown>305</ondown>
						<include>dialog_KeyboardButton</include>
					</control>
					<!--(4,9) key button-->
					<control type="button" id="169">
						<onup>149</onup>
						<ondown>306</ondown>
						<include>dialog_KeyboardButton</include>
					</control>
					<!--(4,10) key button-->
					<control type="button" id="170">
						<onup>150</onup>
						<ondown>306</ondown>
						<include>dialog_KeyboardButton</include>
					</control>
					<!--(4,11) key button-->
					<control type="button" id="171">
						<onup>151</onup>
						<ondown>306</ondown>
						<include>dialog_KeyboardButton</include>
					</control>
				</control>
			<!--row 5-->
				<control type="grouplist">
					<top>200</top>
					<itemgap>2</itemgap>
					<orientation>horizontal</orientation>
					<!--done-->
					<control type="button" id="300">
						<width>200</width>
						<label>$LOCALIZE[20177]</label>
						<onup>304</onup>
						<ondown>309</ondown>
						<include>dialog_KeyboardButton</include>
					</control>
					<!--space-->
					<control type="button" id="32">
						<width>248</width>
						<label>$LOCALIZE[20182]</label>
						<onup>161</onup>
						<ondown>101</ondown>
						<include>dialog_KeyboardButton</include>
					</control>
					<!--backspace-->
					<control type="button" id="8">
						<width>148</width>
						<label>$LOCALIZE[20181]</label>
						<onup>165</onup>
						<ondown>105</ondown>
						<include>dialog_KeyboardButton</include>
					</control>
					<!--previous-->
					<control type="button" id="305">
						<label>&lt;</label>
						<onup>168</onup>
						<ondown>108</ondown>
						<include>dialog_KeyboardButton</include>
					</control>
					<!--next-->
					<control type="button" id="306">
						<label>&gt;</label>
						<onup>169</onup>
						<ondown>110</ondown>
						<include>dialog_KeyboardButton</include>
					</control>
				</control>
			</control>
		</control>
	</controls>
</window>