<?xml version="1.0" encoding="UTF-8"?>
<window>
	<defaultcontrol always="true">636</defaultcontrol>
	<controls>
		<!--trigger button to allow interaction while info panel is active--> 
		<control type="button" id="636">
			<onleft>Action(StepBack)</onleft>
			<onright>Action(StepForward)</onright>
			<onup>Action(ChapterOrBigStepForward)</onup>
			<ondown>Action(ChapterOrBigStepBack)</ondown>
			<onclick>ActivateWindow(videoosd)</onclick>
			<oninfo>Back</oninfo>
			<include>TriggerButton</include>
		</control>
		<control type="group">			
			<visible>![Window.IsVisible(videoosd) | Window.IsVisible(osdvideosettings) | Window.IsVisible(osdaudiosettings) | Window.IsVisible(sliderdialog) | Window.IsVisible(videobookmarks) | Window.IsVisible(subtitlesearch) | Window.IsActive(pvrosdguide) | Window.IsActive(pvrosdchannels)]</visible>
			<control type="group">
				<include>transition_OSD</include>
				<include>clock</include>
				<include>osd_Info</include>
				<include>osd_Seekbar</include>
				<visible>!VideoPlayer.Content(livetv)</visible>
			</control>
			<control type="group">
				<include>transition_OSD</include>
				<include>clock</include>
				<include name="osd_Info">
					<param name="ArtWidth" value="120"/>
					<param name="TextLeft" value="140"/>
					<param name="Icon" default="DefaultAddonPVRClient.png"/>
				</include>
				<include>osd_Seekbar</include>
				<visible>VideoPlayer.Content(livetv)</visible>
			</control>
		</control>
	</controls>
</window>