<?xml version="1.0" encoding="UTF-8"?>
<window>
	<defaultcontrol>9001</defaultcontrol>
	<include>transition_Dialog</include>
	<coordinates>
		<system>1</system>
		<left>340</left>
		<top>73</top>
	</coordinates>
	<controls>
		<control type="group">
			<left>4</left>
			<top>60</top>
			<width>600</width>
			<height>575</height>
			<include name="dialog_WindowCommons">
				<param name="DialogWidth" value="600" />
				<param name="DialogHeight" value="575" />
				<param name="DialogHeader" value="$LOCALIZE[19065]" />
				<param name="DialogHeaderID" value="0" />
			</include>
			<control type="group">
				<left>4</left>
				<top>60</top>
				<control type="image">
					<width>592</width>
					<include>dialog_Separator</include>
				</control>
				<control type="grouplist" id="5">
					<width>592</width>
					<height>440</height>
					<itemgap>-1</itemgap>
					<onup>9001</onup>
					<ondown>9001</ondown>
				</control>
			</control>
			<!--default button-->
			<control type="button" id="7">
				<include>dialog_ControlCommons</include>
			</control>
			<!--default radiobutton-->
			<control type="radiobutton" id="8">
				<include>dialog_ControlCommons</include>
				<include>dialog_Radio</include>
			</control>
			<!--default spincontrolex-->
			<control type="spincontrolex" id="9">
				<include>dialog_ControlCommons</include>
				<include>dialog_Spin</include>
			</control>
			<!--default slider-->
			<control type="sliderex" id="13">
				<include>dialog_ControlCommons</include>
				<include>dialog_Slider</include>
			</control>
			<!--default separator-->
			<control type="image" id="11">
				<visible>false</visible>
			</control>
			<!--default edit-->
			<control type="edit" id="12">
				<include>dialog_Edit</include>
				<include>dialog_ControlCommons</include>
			</control>
			<!--dialog controls-->
			<control type="grouplist" id="9001">
				<right>20</right>
				<bottom>20</bottom>
				<width>250</width>
				<height>40</height>
				<itemgap>10</itemgap>
				<orientation>horizontal</orientation>
				<!--ok-->
				<control type="button" id="28">
					<label>$LOCALIZE[186]</label>
					<include>dialog_WindowButton</include>
				</control>
				<!--cancel-->
				<control type="button" id="29">
					<label>$LOCALIZE[222]</label>
					<include>dialog_WindowButton</include>
				</control>
			</control>
		</control>
	</controls>
</window>