<includes>
<!--textures-->
	<include name="dialog_Window">
		<texture border="10">dialogs/frame/window.png</texture>
	</include>

	<include name="dialog_Separator">
		<height>1</height>
		<texture border="0,0,0,1">dialogs/separator.png</texture>
	</include>

	<include name="dialog_SectionSeparator">
		<height>2</height>
		<texture border="0,0,0,1">dialogs/separator.png</texture>
	</include>

	<include name="dialog_Separator-y">
		<width>1</width>
		<texture border="0,0,0,1">dialogs/separator.png</texture>
	</include>

	<include name="dialog_Menu">
		<texture border="20">dialogs/frame/menu.png</texture>
	</include>

<!--window-->
	<include name="dialog_WindowCommons">
		<definition>
			<control type="image">
				<width>$PARAM[DialogWidth]</width>
				<height>$PARAM[DialogHeight]</height>
				<texture border="10">dialogs/frame/window.png</texture>
			</control>
			<control type="label" id="$PARAM[DialogHeaderID]">
				<width>$PARAM[DialogWidth]</width>
				<label>$PARAM[DialogHeader]</label>
				<top>5</top>
				<font>light_Dialog</font>
				<align>center</align>
				<aligny>center</aligny>
				<height>50</height>
				<textcolor>Color4</textcolor>
				<scroll>false</scroll>
			</control>
			<control type="image">
				<top>$PARAM[DialogSeparatorTop]</top>
				<width>$PARAM[DialogWidth]</width>
				<include>dialog_Separator</include>
				<visible>$PARAM[DialogSeparator]</visible>
			</control>
		</definition>
	</include>

	<include name="dialog_List-layout">
		<param name="ContainerLeft" default="0"/>
		<param name="ContainerHeight" default="40"/>
		<param name="ContainerWidth" />
		<param name="Width" />
		<param name="Left" default="15"/>
		<param name="Right" default="15"/>
		<param name="Height" default="38"/>
		<param name="Label1"/>
		<param name="Font" default="regular"/>
		<param name="Color" default="Color4"/>
		<param name="SelectedColor" default="Selected"/>
		<param name="Texture" default="dialogs/select-nf.png"/>
		<definition>
			<control type="group">
				<width>$PARAM[ContainerWidth]</width>
				<height>$PARAM[ContainerHeight]</height>
				<control type="image">
					<width>$PARAM[ContainerWidth]</width>
					<height>$PARAM[ContainerHeight]</height>
					<texture>$PARAM[Texture]</texture>
				</control>
				<control type="label">
					<left>$PARAM[Left]</left>
					<width>$PARAM[Width]</width>
					<height>$PARAM[Height]</height>
					<label>$PARAM[Label1]</label>
					<font>$PARAM[Font]</font>
					<textcolor>$PARAM[Color]</textcolor>
					<selectedcolor>$PARAM[SelectedColor]</selectedcolor>
				</control>
			</control>
		</definition>
	</include> 

	<include name="dialog_Common-List">
		<param name="ID"/>
		<param name="ContainerLeft" default="4"/>
		<param name="ContainerTop"/>
		<param name="ContainerWidth"/>
		<param name="ContainerHeight"/>
		<param name="Width"/>
		<param name="Height" default="40"/>
		<param name="OnLeft" default="noop"/>
		<param name="OnRight" default="noop"/>
		<param name="OnUp" default="$PARAM[ID]"/>
		<param name="OnDown" default="$PARAM[ID]"/>
		<param name="PageControl"/>
		<param name="IconSize" default="32"/>
		<param name="Left" default="15"/>
		<param name="Right" default="15"/>
		<param name="ShowIcon" default="false"/>
		<param name="ShowLabel2" default="false"/>
		<definition>
			<control type="list" id="$PARAM[ID]">
				<left>$PARAM[ContainerLeft]</left>
				<top>$PARAM[ContainerTop]</top>
				<width>$PARAM[ContainerWidth]</width>
				<height>$PARAM[ContainerHeight]</height>
				<onleft>$PARAM[OnLeft]</onleft>
				<onright>$PARAM[OnRight]</onright>
				<onup>$PARAM[OnUp]</onup>
				<ondown>$PARAM[OnDown]</ondown>
				<pagecontrol>$PARAM[PageControl]</pagecontrol>
				<preloaditems>4</preloaditems>
				<include>global_ListScroll</include>
				<itemlayout width="$PARAM[ContainerWidth]" height="$PARAM[Height]">
					<control type="image">
						<width>$PARAM[ContainerWidth]</width>
						<height>40</height>
						<texture border="3">dialogs/select-nf.png</texture>
					</control>
					<control type="image">
						<left>10</left>
						<centerbottom>50%</centerbottom>
						<width>$PARAM[IconSize]</width>
						<height>$PARAM[IconSize]</height>
						<colordiffuse>Color4</colordiffuse>
						<texture>$INFO[ListItem.ActualIcon]</texture>
						<visible>$PARAM[ShowIcon]</visible>
					</control>
					<control type="label">
						<left>$PARAM[Left]</left>
						<width>$PARAM[Width]</width>
						<height>38</height>
						<label>$INFO[ListItem.Label]</label>
						<font>regular</font>
						<aligny>center</aligny>
						<textcolor>Color4</textcolor>
						<selectedcolor>Selected</selectedcolor>
						<include>autoscroll_Line</include>
					</control>
					<control type="label">
						<right>$PARAM[Right]</right>
						<width>$PARAM[Width]</width>
						<label>$INFO[ListItem.Label2]</label>
						<align>right</align>
						<include>dialog_CommonListItem</include>
						<visible>$PARAM[ShowLabel2]</visible>
					</control>
				</itemlayout>
				<focusedlayout width="$PARAM[ContainerWidth]" height="$PARAM[Height]">
					<control type="image">
						<width>$PARAM[ContainerWidth]</width>
						<include>dialog_CommonList</include>
						<visible>!Control.HasFocus($PARAM[ID])</visible>
					</control>
					<control type="image">
						<width>$PARAM[ContainerWidth]</width>
						<include>dialog_CommonListFocus</include>
						<visible>Control.HasFocus($PARAM[ID])</visible>
					</control>
					<control type="image">
						<left>10</left>
						<centerbottom>50%</centerbottom>
						<width>$PARAM[IconSize]</width>
						<height>$PARAM[IconSize]</height>
						<colordiffuse>Color1</colordiffuse>
						<texture>$INFO[ListItem.ActualIcon]</texture>
						<visible>Control.HasFocus($PARAM[ID])</visible>
						<visible>$PARAM[ShowIcon]</visible>
					</control>
					<control type="image">
						<left>10</left>
						<centerbottom>50%</centerbottom>
						<width>$PARAM[IconSize]</width>
						<height>$PARAM[IconSize]</height>
						<colordiffuse>Color4</colordiffuse>
						<texture>$INFO[ListItem.ActualIcon]</texture>
						<visible>!Control.HasFocus($PARAM[ID])</visible>
						<visible>$PARAM[ShowIcon]</visible>
					</control>
					<control type="label">
						<left>$PARAM[Left]</left>
						<width>$PARAM[Width]</width>
						<label>$INFO[ListItem.Label]</label>
						<include>dialog_CommonListItem</include>
						<visible>!Control.HasFocus($PARAM[ID])</visible>
					</control>
					<control type="label">
						<left>$PARAM[Left]</left>
						<width>$PARAM[Width]</width>
						<label>$INFO[ListItem.Label]</label>
						<include>dialog_CommonListItemFocus</include>
						<visible>Control.HasFocus($PARAM[ID])</visible>
					</control>
					<control type="label">
						<right>$PARAM[Right]</right>
						<width>$PARAM[Width]</width>
						<label>$INFO[ListItem.Label2]</label>
						<align>right</align>
						<include>dialog_CommonListItem</include>
						<visible>$PARAM[ShowLabel2]</visible>
						<visible>!Control.HasFocus($PARAM[ID])</visible>
					</control>
					<control type="label">
						<right>$PARAM[Right]</right>
						<width>$PARAM[Width]</width>
						<label>$INFO[ListItem.Label2]</label>
						<align>right</align>
						<include>dialog_CommonListItemFocus</include>
						<visible>$PARAM[ShowLabel2]</visible>
						<visible>Control.HasFocus($PARAM[ID])</visible>
					</control>
				</focusedlayout>
			</control>
		</definition>
	</include>

	<include name="dialog_Common-List2">
		<param name="ID"/>
		<param name="ContainerLeft" default="0"/>
		<param name="ContainerTop" default="0"/>
		<param name="ContainerWidth"/>
		<param name="ContainerHeight" default="80"/>
		<param name="OnLeft"/>
		<param name="OnRight"/>
		<param name="OnUp" default="$PARAM[ID]"/>
		<param name="OnDown" default="$PARAM[ID]"/>
		<param name="Left" default="90"/>
		<param name="Width" default="350"/>
		<param name="Height" default="30"/>
		<param name="LayoutHeight" default="80"/>
		<param name="Font" default="regular"/>
		<param name="Font2" default="regular"/>
		<param name="TextColor" default="Color4"/>
		<param name="TextColorFocus" default="Color1"/>
		<param name="Texture" default="dialogs/select-nf.png"/>
		<param name="TextureFocus" default="dialogs/select-fo.png"/>
		<param name="Label1" default="$INFO[ListItem.Label]"/>
		<param name="Label2" default="$INFO[ListItem.Label2]"/>
		<param name="IconSize" default="72"/>
		<param name="Icon"/>
		<param name="DefaultIconSize" default="64"/>
		<param name="DefaultIcon"/>
		<definition>
			<control type="scrollbar" id="$PARAM[PageControl]">
				<visible>false</visible>
			</control>
			<control type="list" id="$PARAM[ID]">
				<left>$PARAM[ContainerLeft]</left>
				<top>$PARAM[ContainerTop]</top>
				<width>$PARAM[ContainerWidth]</width>
				<height>$PARAM[ContainerHeight]</height>
				<onleft>$PARAM[OnLeft]</onleft>
				<onright>$PARAM[OnRight]</onright>
				<onup>$PARAM[OnUp]</onup>
				<ondown>$PARAM[OnDown]</ondown>
				<pagecontrol>$PARAM[PageControl]</pagecontrol>
				<itemlayout height="80" width="$PARAM[ContainerWidth]">
					<control type="image">
						<width>$PARAM[ContainerWidth]</width>
						<height>$PARAM[Height]</height>
						<texture border="3">$PARAM[Texture]</texture>
					</control>
					<control type="image">
						<left>4</left>
						<top>4</top>
						<width>$PARAM[IconSize]</width>
						<height>$PARAM[IconSize]</height>
						<texture>$PARAM[Icon]</texture>
						<aspectratio>keep</aspectratio>
						<visible>$PARAM[ShowIcon]</visible>
					</control>
					<!--audio dsp manager specific-->
					<control type="image">
						<left>8</left>
						<top>8</top>
						<width>$PARAM[DefaultIconSize]</width>
						<height>$PARAM[DefaultIconSize]</height>
						<texture>$PARAM[DefaultIcon]</texture>
						<colordiffuse>Color4</colordiffuse>
						<aspectratio>keep</aspectratio>
						<visible>StringCompare(ListItem.Property(Icon),"")</visible>
					</control>
					<!---->
					<control type="label">
						<top>10</top>
						<left>$PARAM[Left]</left>
						<width>$PARAM[Width]</width>
						<label>$PARAM[Label1]</label>
						<font>$PARAM[Font]</font>
						<textcolor>$PARAM[TextColor]</textcolor>
					</control>
					<control type="label">
						<bottom>15</bottom>
						<left>$PARAM[Left]</left>
						<width>$PARAM[Width]</width>
						<font>$PARAM[Font2]</font>
						<textcolor>$PARAM[TextColor]</textcolor>
						<label>$PARAM[Label2]</label>
					</control>
				</itemlayout>
				<focusedlayout height="80" width="$PARAM[ContainerWidth]">
					<control type="group">
						<visible>Control.HasFocus($PARAM[ID])</visible>
						<control type="image">
							<width>$PARAM[ContainerWidth]</width>
							<height>$PARAM[Height]</height>
							<texture border="3">$PARAM[TextureFocus]</texture>
						</control>
						<control type="image">
							<left>4</left>
							<top>4</top>
							<width>$PARAM[IconSize]</width>
							<height>$PARAM[IconSize]</height>
							<texture>$PARAM[Icon]</texture>
							<aspectratio>keep</aspectratio>
							<visible>$PARAM[ShowIcon]</visible>
						</control>
						<!--audio dsp manager specific-->
						<control type="image">
							<left>8</left>
							<top>8</top>
							<width>$PARAM[DefaultIconSize]</width>
							<height>$PARAM[DefaultIconSize]</height>
							<texture>$PARAM[DefaultIcon]</texture>
							<colordiffuse>Color1</colordiffuse>
							<aspectratio>keep</aspectratio>
							<visible>StringCompare(ListItem.Property(Icon),"")</visible>
						</control>
						<!---->
						<control type="label">
							<top>10</top>
							<left>$PARAM[Left]</left>
							<width>$PARAM[Width]</width>
							<label>$PARAM[Label1]</label>
							<font>$PARAM[Font]</font>
							<textcolor>$PARAM[TextColorFocus]</textcolor>
						</control>
						<control type="label">
							<bottom>15</bottom>
							<left>$PARAM[Left]</left>
							<width>$PARAM[Width]</width>
							<font>$PARAM[Font2]</font>
							<textcolor>$PARAM[TextColorFocus]</textcolor>
							<label>$PARAM[Label2]</label>
						</control>
					</control>
					<control type="group">
						<visible>!Control.HasFocus($PARAM[ID])</visible>
						<control type="image">
							<width>$PARAM[ContainerWidth]</width>
							<height>$PARAM[Height]</height>
							<texture border="3">$PARAM[Texture]</texture>
						</control>
						<control type="image">
							<left>4</left>
							<top>4</top>
							<width>$PARAM[IconSize]</width>
							<height>$PARAM[IconSize]</height>
							<texture>$PARAM[Icon]</texture>
							<aspectratio>keep</aspectratio>
							<visible>$PARAM[ShowIcon]</visible>
						</control>
						<!--audio dsp manager specific-->
						<control type="image">
							<left>8</left>
							<top>8</top>
							<width>$PARAM[DefaultIconSize]</width>
							<height>$PARAM[DefaultIconSize]</height>
							<texture>$PARAM[DefaultIcon]</texture>
							<colordiffuse>Color4</colordiffuse>
							<aspectratio>keep</aspectratio>
							<visible>StringCompare(ListItem.Property(Icon),"")</visible>
						</control>
						<!---->
						<control type="label">
							<top>10</top>
							<left>$PARAM[Left]</left>
							<width>$PARAM[Width]</width>
							<label>$PARAM[Label1]</label>
							<font>$PARAM[Font]</font>
							<textcolor>$PARAM[TextColor]</textcolor>
						</control>
						<control type="label">
							<bottom>15</bottom>
							<left>$PARAM[Left]</left>
							<width>$PARAM[Width]</width>
							<font>$PARAM[Font2]</font>
							<textcolor>$PARAM[TextColor]</textcolor>
							<label>$PARAM[Label2]</label>
						</control>
					</control>
				</focusedlayout>
			</control>
		</definition>
	</include>

	<include name="dialog_Windowtitle">
		<left>4</left>
		<top>5</top>
		<font>light_Dialog</font>
		<align>center</align>
		<aligny>center</aligny>
		<height>51</height>
		<textcolor>Color4</textcolor>
		<scroll>false</scroll>
	</include>
	<include name="dialog_WindowButton">	
		<width>120</width>
		<height>40</height>
		<font>regular_Small-U-B</font>
		<align>center</align>
		<textoffsetx>10</textoffsetx>
		<textoffsety>6</textoffsety>
		<textcolor>Color4</textcolor>
		<focusedcolor>Color1</focusedcolor>
		<texturenofocus border="2">dialogs/button-nf.png</texturenofocus>
		<texturefocus>dialogs/button-fo.png</texturefocus>
		<radiowidth>48</radiowidth>
		<radioheight>24</radioheight>
		<textureradioonnofocus colordiffuse="glyph_nf">dialogs/radio/on-nf.png</textureradioonnofocus>
		<textureradiooffnofocus colordiffuse="glyph_nf">dialogs/radio/off-nf.png</textureradiooffnofocus>
		<textureradioonfocus colordiffuse="glyph_fo">dialogs/radio/on-fo.png</textureradioonfocus>
		<textureradioofffocus colordiffuse="glyph_fo">dialogs/radio/off-fo.png</textureradioofffocus>
	</include>

<!--global-->
	<include name="dialog_ControlCommons">
		<height>40</height>
		<font>regular</font>
		<textoffsetx>15</textoffsetx>
		<textoffsety>4</textoffsety>
		<textcolor>Color4</textcolor>
		<focusedcolor>Color1</focusedcolor>
		<selectedcolor>Selected</selectedcolor>
		<disabledcolor>Disabled</disabledcolor>
		<texturefocus border="0,0,0,1">dialogs/select-fo.png</texturefocus>
		<texturenofocus border="0,0,0,1">dialogs/select-nf.png</texturenofocus>
		<alttexturefocus border="0,0,0,1">dialogs/select-fo.png</alttexturefocus>
		<alttexturenofocus border="0,0,0,1">dialogs/select-nf.png</alttexturenofocus>
	</include>

	<include name="dialog_MenuButton">
		<height>40</height>
		<font>regular</font>
		<textoffsetx>15</textoffsetx>
		<textoffsety>3</textoffsety>
		<textcolor>Color4</textcolor>
		<focusedcolor>Color1</focusedcolor>
		<selectedcolor>Selected</selectedcolor>
		<texturefocus border="20,0,20,0">dialogs/frame/menu_select.png</texturefocus>
		<texturenofocus border="20,0,20,0">dialogs/frame/menu_center.png</texturenofocus>
		<alttexturefocus border="20,0,20,0">dialogs/frame/menu_select.png</alttexturefocus>
		<alttexturenofocus border="20,0,20,0">dialogs/frame/menu_center.png</alttexturenofocus>
	</include>

	<include name="dialog_Text">
		<font>regular</font>
		<textcolor>Color4</textcolor>
		<include>autoscroll_Dialog</include>
	</include>

	<include name="dialog_Edit">
		<height>40</height>
		<font>regular</font>
		<textoffsetx>15</textoffsetx>
		<textoffsety>5</textoffsety>
		<textcolor>Color4</textcolor>
	</include>

	<include name="dialog_Header">
		<font>condensed</font>
	</include>

	<include name="dialog_KeyboardButton">
		<font>regular</font>
		<texturenofocus>dialogs/key-nf.png</texturenofocus>
		<texturefocus>dialogs/button-fo.png</texturefocus>
		<textcolor>Color4</textcolor>
		<focusedcolor>Color1</focusedcolor>
		<width>48</width>
		<height>48</height>
		<align>center</align>
		<textoffsety>8</textoffsety>
	</include>

	<include name="dialog_KeyboardRadio">
		<width>200</width>
		<height>48</height>
		<align>left</align>
		<font>regular</font>
		<textcolor>Color4</textcolor>
		<focusedcolor>Color1</focusedcolor>
		<textoffsetx>15</textoffsetx>
		<textoffsety>8</textoffsety>
		<radiowidth>20</radiowidth>
		<radioheight>20</radioheight>
		<radioposx>170</radioposx>
		<texturenofocus>dialogs/key-nf.png</texturenofocus>
		<texturefocus>dialogs/button-fo.png</texturefocus>
		<textureradioonnofocus colordiffuse="glyph_nf">dialogs/radio/on-nf.png</textureradioonnofocus>
		<textureradiooffnofocus colordiffuse="glyph_nf">dialogs/radio/off-nf.png</textureradiooffnofocus>
		<textureradioonfocus colordiffuse="glyph_fo">dialogs/radio/on-fo.png</textureradioonfocus>
		<textureradioofffocus colordiffuse="glyph_fo">dialogs/radio/off-fo.png</textureradioofffocus>
	</include>

	<include name="dialog_Radio">
		<radiowidth>48</radiowidth>
		<radioheight>24</radioheight>
		<textureradioonnofocus colordiffuse="glyph_nf">dialogs/radio/on-nf.png</textureradioonnofocus>
		<textureradiooffnofocus colordiffuse="glyph_nf">dialogs/radio/off-nf.png</textureradiooffnofocus>
		<textureradioonfocus colordiffuse="glyph_fo">dialogs/radio/on-fo.png</textureradioonfocus>
		<textureradioofffocus colordiffuse="glyph_fo">dialogs/radio/off-fo.png</textureradioofffocus>
	</include>

	<include name="dialog_Spin">
		<textoffsety>-2</textoffsety>
		<aligny>center</aligny>
		<spinwidth>26</spinwidth>
		<spinheight>26</spinheight>
		<textureup>dialogs/spin/up-nf.png</textureup>
		<texturedown>dialogs/spin/down-nf.png</texturedown>
		<textureupfocus>dialogs/spin/up-fo.png</textureupfocus>
		<texturedownfocus>dialogs/spin/down-fo.png</texturedownfocus>
	</include>

	<include name="dialog_Slider">
		<sliderwidth>125</sliderwidth>
		<sliderheight>32</sliderheight>
		<texturesliderbar>dialogs/slider/bar.png</texturesliderbar>
		<textureslidernib>dialogs/slider/nib-nf.png</textureslidernib>
		<textureslidernibfocus>dialogs/slider/nib-fo.png</textureslidernibfocus>
	</include>

	<include name="dialog_Scrollbar">
		<texturesliderbackground>-</texturesliderbackground>
		<texturesliderbar colordiffuse="Color4">dialogs/pagecontrol/grip-nf.png</texturesliderbar>
		<texturesliderbarfocus colordiffuse="Color5">dialogs/pagecontrol/grip-fo.png</texturesliderbarfocus>
	</include>
	

<!--list controls-->
	<include name="dialog_CommonList">
		<height>40</height>
		<texture border="3">dialogs/select-nf.png</texture>
	</include>

	<include name="dialog_CommonListItem">
		<left>15</left>
		<height>38</height>
		<font>regular</font>
		<aligny>center</aligny>
		<textcolor>Color4</textcolor>
		<selectedcolor>Selected</selectedcolor>
	</include>

	<include name="dialog_CommonListFocus">
		<height>40</height>
		<texture border="3">dialogs/select-fo.png</texture>
	</include>

	<include name="dialog_CommonListItemFocus">
		<left>15</left>
		<height>38</height>
		<font>regular</font>
		<aligny>center</aligny>
		<textcolor>Color1</textcolor>
		<selectedcolor>Selected</selectedcolor>
		<include>autoscroll_Line</include>
	</include>

<!--inline buttons-->
	<include name="dialog_Inline-remove">
		<width>40</width>
		<height>40</height>
		<texturenofocus colordiffuse="glyph_nf">dialogs/inline/remove-nf.png</texturenofocus>
		<texturefocus colordiffuse="Color4">dialogs/inline/remove-fo.png</texturefocus>
	</include>
	<include name="dialog_Inline-add">
		<width>40</width>
		<height>40</height>
		<texturenofocus colordiffuse="glyph_nf">dialogs/inline/add-nf.png</texturenofocus>
		<texturefocus colordiffuse="Color4">dialogs/inline/add-fo.png</texturefocus>
	</include>
	<include name="dialog_Inline-edit">
		<width>40</width>
		<height>40</height>
		<texturenofocus colordiffuse="glyph_nf">dialogs/inline/edit-nf.png</texturenofocus>
		<texturefocus colordiffuse="Color4">dialogs/inline/edit-fo.png</texturefocus>
	</include>
	<include name="dialog_Inline-up">
		<width>40</width>
		<height>40</height>
		<texturenofocus colordiffuse="glyph_nf">dialogs/inline/up-nf.png</texturenofocus>
		<texturefocus colordiffuse="Color4">dialogs/inline/up-fo.png</texturefocus>
	</include>
	<include name="dialog_Inline-down">
		<width>40</width>
		<height>40</height>
		<texturenofocus colordiffuse="glyph_nf">dialogs/inline/down-nf.png</texturenofocus>
		<texturefocus colordiffuse="Color4">dialogs/inline/down-fo.png</texturefocus>
	</include>
</includes>