<?xml version="1.0" encoding="UTF-8"?>
<window type="dialog">
	<defaultcontrol always="true">700</defaultcontrol>
	<controls>
		<control type="group">
			<left>479</left>
			<top>205</top>
			<include>transition_Dialog</include>

			<control type="image">
				<width>322</width>
				<height>60</height>
				<texture border="20,0,20,1">dialogs/frame/menu_player.png</texture>
			</control>

			<control type="grouplist" id="700">
				<left>7</left>
				<top>8</top>
				<onup>608</onup>
				<ondown>601</ondown>
				<itemgap>4</itemgap>
				<orientation>horizontal</orientation>
				<control type="button" id="701">
					<texturefocus>player/prev-fo.png</texturefocus>
					<texturenofocus>player/prev-nf.png</texturenofocus>
					<include>player_Button</include>
					<onclick>PlayerControl(Previous)</onclick>
				</control>
				<control type="button" id="702">
					<texturefocus>player/rwd-fo.png</texturefocus>
					<texturenofocus>player/rwd-nf.png</texturenofocus>
					<include>player_Button</include>
					<onclick>PlayerControl(Rewind)</onclick>
					<enable>Player.SeekEnabled</enable>
				</control>
				<control type="togglebutton" id="703">
					<texturenofocus>player/pause-nf.png</texturenofocus>
					<texturefocus>player/pause-fo.png</texturefocus>
					<alttexturenofocus>player/play-nf.png</alttexturenofocus>
					<alttexturefocus>player/play-fo.png</alttexturefocus>
					<usealttexture>Player.Paused | Player.Forwarding | Player.Rewinding</usealttexture>
					<include>player_Button</include>
					<onclick>PlayerControl(Play)</onclick>
				</control>
				<control type="button" id="704">
					<texturefocus>player/stop-fo.png</texturefocus>
					<texturenofocus>player/stop-nf.png</texturenofocus>
					<include>player_Button</include>
					<onclick>PlayerControl(Stop)</onclick>
				</control>
				<control type="button" id="705">
					<texturefocus>player/fwd-fo.png</texturefocus>
					<texturenofocus>player/fwd-nf.png</texturenofocus>
					<include>player_Button</include>
					<onclick>PlayerControl(Forward)</onclick>
					<enable>Player.SeekEnabled</enable>
				</control>
				<control type="button" id="706">
					<texturefocus>player/next-fo.png</texturefocus>
					<texturenofocus>player/next-nf.png</texturenofocus>
					<include>player_Button</include>
					<onclick>PlayerControl(Next)</onclick>
				</control>
			</control>
			<control type="grouplist" id="600">
				<top>60</top>
				<width>322</width>
				<height>660</height>
				<onleft>600</onleft>
				<onright>600</onright>
				<onup>700</onup>
				<ondown>700</ondown>
				<itemgap>0</itemgap>
				<!--visualization select-->
				<control type="button" id="601">
					<width>322</width>
					<label>$LOCALIZE[250]</label>
					<onclick>Dialog.Close(MusicOSD,true)</onclick>
					<onclick>Addon.Default.Set(xbmc.player.musicviz)</onclick>
					<include>dialog_MenuButton</include>
				</control>
				<!--presets-->
				<control type="button" id="602">
					<width>322</width>
					<label>$LOCALIZE[13388]</label>
					<include>dialog_MenuButton</include>
					<onclick>ActivateWindow(visualisationpresetlist)</onclick>
					<enable>Visualisation.HasPresets</enable>
				</control>
				<!--Last.fm-->
				<control type="button" id="603">
					<width>322</width>
					<label>$LOCALIZE[15200] $LOCALIZE[33079]</label>
					<include>dialog_MenuButton</include>
					<onclick>Dialog.Close(MusicOSD,true)</onclick>
					<onclick>XBMC.LastFM.Love</onclick>
					<visible>LastFM.RadioPlaying</visible>
				</control>
				<control type="button" id="604">
					<width>322</width>
					<label>$LOCALIZE[15200] $LOCALIZE[33080]</label>
					<include>dialog_MenuButton</include>
					<onclick>Dialog.Close(MusicOSD,true)</onclick>
					<onclick>XBMC.LastFM.Ban</onclick>
					<visible>LastFM.RadioPlaying</visible>
				</control>
				<!--get lyrics-->
				<control type="togglebutton" id="605">
					<width>322</width>
					<label>$LOCALIZE[31322]</label>
					<onclick>noop</onclick>
					<onclick>Close</onclick>
					<onclick>XBMC.RunScript($INFO[Skin.String(addon.lyrics.path)])</onclick>
					<altclick>Skin.SetAddon(addon.lyrics.path,xbmc.python.lyrics)</altclick>
					<onclick>Close</onclick>
					<altclick>Close</altclick>
					<altclick>XBMC.RunScript($INFO[Skin.String(addon.lyrics.path)])</altclick>
					<usealttexture>IsEmpty(Skin.String(addon.lyrics.path))</usealttexture>
					<include>dialog_MenuButton</include>
				</control>
				<!--random-->
				<control type="button" id="606">
					<width>322</width>
					<label>$LOCALIZE[13319]$INFO[Playlist.Random,: ]</label>
					<include>dialog_MenuButton</include>
					<onclick>XBMC.PlayerControl(Random)</onclick>
				</control>
				<!--repeat-->
				<control type="button" id="607">
					<width>322</width>
					<label>$LOCALIZE[486]$INFO[Playlist.Repeat,: ]</label>
					<include>dialog_MenuButton</include>
					<onclick>XBMC.PlayerControl(Repeat)</onclick>
				</control>
				<control type="image" id="608">
					<width>322</width>
					<height>20</height>
					<texture border="20,0,20,0">dialogs/frame/menu_bottom.png</texture>
				</control>
			</control>
		</control>
	</controls>
</window>