<?xml version="1.0" encoding="UTF-8"?>
<window>
	<defaultcontrol always="true">10</defaultcontrol>
	<menucontrol>6000</menucontrol>
	<views>10,11,12,13</views>
	<controls>
		<include>global_Background</include>
		<include>global_Includes</include>
		<include>global_MenuGuide</include>

		<!--window header-->
		<include name="windowTitle">
			<param name="Label" value="$VAR[window:Title.PVR]"/>
		</include>

		<include>global_Itemcount</include>

		<!--view includes-->
		<control type="group" id="50">
			<include>transition_Content</include>
			<include>view_GuideTimeline</include>
			<include>view_GuideNow</include>
			<include>view_GuideNext</include>
			<include>view_GuideChannels</include>
		</control>

		<!--info includes-->
		<include>detail_PVR</include>

		<!--scrollbars-->
		<include>PageControls</include>
		
		<!--menu-->
		<include>menu_TV</include>
	</controls>
</window>