<?xml version="1.0" encoding="UTF-8"?>
<window>
	<defaultcontrol always="true">50</defaultcontrol>
	<menucontrol>6000</menucontrol>
	<views>50,521,522,572,575,58</views>
	<controls>
		<include>global_Background</include>
		<include>global_Includes</include>
		<include>global_MenuGuide</include>

		<!--window header-->
		<include name="windowTitle">
			<param name="Label" value="$VAR[window:Title.PVR]"/>
		</include>

		<include name="global_Itemcount">
			<param name="InfoLabel" value="[B]$INFO[Container.NumItems][/B] $LOCALIZE[31143], $LOCALIZE[31144] $INFO[Container.SortMethod]$INFO[Pvr.BackendDiskspace, &#8226; ]"/>
		</include>

		<!--view includes-->
		<include>view_List</include><!--50-->
		<include>view_SlideLandscape</include><!--521-->
		<include>view_SlideSquare</include><!--522-->
		<include>view_IconSquare</include><!--572-->
		<include>view_IconWide</include><!--575-->
		<include>view_Tiles</include><!--58-->

		<!--scrollbars-->
		<include>PageControls</include>
		
		<!--scrollbars-->
		<include>PageControls</include>

		<!--menu-->
		<include>menu_TV</include>
		
	</controls>
</window>