<?xml version="1.0" encoding="UTF-8"?>
<window>
	<defaultcontrol always="true">50</defaultcontrol>
	<menucontrol>6000</menucontrol>
	<views>50</views>
	<controls>
		<include>global_Background</include>
		<include>global_Includes</include>
		<include>global_MenuGuide</include>

		<!--window header-->
		<include name="windowTitle">
			<param name="Label" value="$VAR[window:Title.PVR]"/>
		</include>

		<include>global_Itemcount</include>

		<!--view includes-->
		<include>view_PVR-timers</include>
		
		<!--scrollbars-->
		<include>PageControls</include>
		
		<!--menu-->
		<include>menu_TV</include>
	</controls>
</window>