<?xml version='1.0' encoding='UTF-8'?>
<includes>
	<include name="skinshortcuts-mainmenu">
		<item id="1">
			<property name="id">$NUMBER[1]</property>
			<label>$ADDON[script.skinshortcuts 32022]</label>
			<label2>Live TV</label2>
			<icon>DefaultShortcut.png</icon>
			<thumb>$INFO[Window(Home).Property(SkinHelper.PvrBackground)]</thumb>
			<property name="labelID">livetv</property>
			<property name="defaultID">livetv</property>
			<visible>[PVR.HasTVChannels] + [PVR.HasTVChannels]</visible>
			<onclick>ActivateWindow(TVGuide)</onclick>
			<property name="path">ActivateWindow(TVGuide)</property>
			<property name="list">TVGuide</property>
			<visible>StringCompare(System.ProfileName,Entertainment)</visible>
			<property name="submenuVisibility">livetv</property>
			<property name="group">mainmenu</property>
			<property name="hasSubmenu">True</property>
		</item>
		<item id="2">
			<property name="id">$NUMBER[2]</property>
			<label>$LOCALIZE[10004]</label>
			<label2>Settings</label2>
			<icon>DefaultIconSettings.png</icon>
			<thumb />
			<property name="labelID">settings</property>
			<property name="defaultID">settings</property>
			<onclick>ActivateWindow(Settings)</onclick>
			<property name="path">ActivateWindow(Settings)</property>
			<property name="list">Settings</property>
			<visible>StringCompare(System.ProfileName,Entertainment)</visible>
			<property name="submenuVisibility">settings</property>
			<property name="group">mainmenu</property>
			<property name="hasSubmenu">True</property>
		</item>
		<item id="3">
			<property name="id">$NUMBER[3]</property>
			<label>$LOCALIZE[13009]</label>
			<label2>Kodi Command</label2>
			<icon>DefaultIconKodi.png</icon>
			<thumb />
			<property name="labelID">13009</property>
			<property name="defaultID">13009</property>
			<visible>System.ShowExitButton</visible>
			<onclick>Quit</onclick>
			<property name="path">Quit</property>
			<property name="list">Quit</property>
			<visible>StringCompare(System.ProfileName,Entertainment)</visible>
			<property name="submenuVisibility">num-13009</property>
			<property name="group">mainmenu</property>
			<property name="hasSubmenu">False</property>
		</item>
		<item id="4">
			<property name="id">$NUMBER[4]</property>
			<label>Emma Hewitt - Burn the Sky Down [Full Album] - YouTube.MKV</label>
			<label2>Favourite</label2>
			<icon>DefaultFolder.png</icon>
			<thumb />
			<property name="labelID">emmahewitt-burntheskydown-fullalbum-youtube-mkv</property>
			<property name="defaultID">emmahewitt-burntheskydown-fullalbum-youtube-mkv</property>
			<property name="translatedPath">PlayMedia("special://home/media/Emma Hewitt - Burn the Sky Down [Full Album] - YouTube.MKV",return)</property>
			<onclick>PlayMedia("special://home/media/Emma Hewitt - Burn the Sky Down [Full Album] - YouTube.MKV",return)</onclick>
			<property name="path">PlayMedia("special://home/media/Emma Hewitt - Burn the Sky Down [Full Album] - YouTube.MKV",return)</property>
			<property name="list">PlayMedia(special://home/media/Emma Hewitt - Burn the Sky Down [Full Album] - YouTube.MKV,return)</property>
			<visible>StringCompare(System.ProfileName,Entertainment)</visible>
			<property name="submenuVisibility">emmahewitt-burntheskydown-fullalbum-youtube-mkv</property>
			<property name="group">mainmenu</property>
			<property name="hasSubmenu">False</property>
		</item>
	</include>
	<include />
	<include name="skinshortcuts-submenu">
		<item id="1">
			<property name="id">$NUMBER[1]</property>
			<property name="mainmenuid">1</property>
			<label>$LOCALIZE[22020]</label>
			<label2>Live TV</label2>
			<icon>special://skin/extras/defaulticonswide/DefaultTVShows.png</icon>
			<thumb />
			<property name="labelID">22020</property>
			<property name="defaultID">22020</property>
			<visible>[PVR.HasTVChannels] + StringCompare(Container(9000).ListItem.Property(submenuVisibility),livetv)</visible>
			<onclick>ActivateWindow(TVGuide)</onclick>
			<property name="path">ActivateWindow(TVGuide)</property>
			<property name="list">TVGuide</property>
			<visible>StringCompare(System.ProfileName,Entertainment)</visible>
			<property name="group">livetv</property>
			<property name="isSubmenu">True</property>
		</item>
		<item id="2">
			<property name="id">$NUMBER[2]</property>
			<property name="mainmenuid">1</property>
			<label>$LOCALIZE[19019]</label>
			<label2>Live TV</label2>
			<icon>special://skin/extras/defaulticonswide/DefaultTVShows.png</icon>
			<thumb />
			<property name="labelID">19019</property>
			<property name="defaultID">19019</property>
			<visible>[PVR.HasTVChannels] + StringCompare(Container(9000).ListItem.Property(submenuVisibility),livetv)</visible>
			<onclick>ActivateWindow(TVChannels)</onclick>
			<property name="path">ActivateWindow(TVChannels)</property>
			<property name="list">TVChannels</property>
			<visible>StringCompare(System.ProfileName,Entertainment)</visible>
			<property name="group">livetv</property>
			<property name="isSubmenu">True</property>
		</item>
		<item id="3">
			<property name="id">$NUMBER[3]</property>
			<property name="mainmenuid">1</property>
			<label>$LOCALIZE[19163]</label>
			<label2>Live TV</label2>
			<icon>special://skin/extras/defaulticonswide/DefaultTVShows.png</icon>
			<thumb />
			<property name="labelID">19163</property>
			<property name="defaultID">19163</property>
			<visible>[PVR.HasTVChannels] + StringCompare(Container(9000).ListItem.Property(submenuVisibility),livetv)</visible>
			<onclick>ActivateWindow(TVRecordings)</onclick>
			<property name="path">ActivateWindow(TVRecordings)</property>
			<property name="list">TVRecordings</property>
			<visible>StringCompare(System.ProfileName,Entertainment)</visible>
			<property name="group">livetv</property>
			<property name="isSubmenu">True</property>
		</item>
		<item id="4">
			<property name="id">$NUMBER[4]</property>
			<property name="mainmenuid">1</property>
			<label>$LOCALIZE[19040]</label>
			<label2>Live TV</label2>
			<icon>special://skin/extras/defaulticonswide/DefaultTVShows.png</icon>
			<thumb />
			<property name="labelID">19040</property>
			<property name="defaultID">19040</property>
			<visible>[PVR.HasTVChannels] + StringCompare(Container(9000).ListItem.Property(submenuVisibility),livetv)</visible>
			<onclick>ActivateWindow(TVTimers)</onclick>
			<property name="path">ActivateWindow(TVTimers)</property>
			<property name="list">TVTimers</property>
			<visible>StringCompare(System.ProfileName,Entertainment)</visible>
			<property name="group">livetv</property>
			<property name="isSubmenu">True</property>
		</item>
		<item id="5">
			<property name="id">$NUMBER[5]</property>
			<property name="mainmenuid">1</property>
			<label>$LOCALIZE[137]</label>
			<label2>Live TV</label2>
			<icon>special://skin/extras/defaulticonswide/DefaultTVShows.png</icon>
			<thumb />
			<property name="labelID">137</property>
			<property name="defaultID">137</property>
			<visible>[PVR.HasTVChannels] + StringCompare(Container(9000).ListItem.Property(submenuVisibility),livetv)</visible>
			<onclick>ActivateWindow(TVSearch)</onclick>
			<property name="path">ActivateWindow(TVSearch)</property>
			<property name="list">TVSearch</property>
			<visible>StringCompare(System.ProfileName,Entertainment)</visible>
			<property name="group">livetv</property>
			<property name="isSubmenu">True</property>
		</item>
		<item id="1">
			<property name="id">$NUMBER[1]</property>
			<property name="mainmenuid">2</property>
			<label>Maintenance</label>
			<label2>Custom item</label2>
			<icon>DefaultShortcut.png</icon>
			<thumb>image://special%3a%2f%2fhome%2faddons%5cscript.rawmaintenance%5cmedia%5ccache.png/</thumb>
			<property name="labelID">maintenance</property>
			<property name="defaultID" />
			<onclick>ActivateWindow(Programs,"plugin://plugin.program.echowizard/?url=http%3A%2F%2Ftdbrepo.com%2F&amp;mode=5&amp;name=%5BCOLOR+ghostwhite%5D%5BB%5DMAINTENANCE+TOOLS%5B%2FCOLOR%5D%5B%2FB%5D&amp;iconimage=C%3A%5CUsers%5CDavid%5CAppData%5CRoaming%5CKodi%5Caddons%5Cplugin.program.echowizard%5Cresources%5Cart%5Ctools.png&amp;fanart=C%3A%5CUsers%5CDavid%5CAppData%5CRoaming%5CKodi%5Caddons%5Cplugin.program.echowizard%5Cresources%5Cart%5Cmaintwall.jpg&amp;description=",return)</onclick>
			<property name="path">ActivateWindow(Programs,"plugin://plugin.program.echowizard/?url=http%3A%2F%2Ftdbrepo.com%2F&amp;mode=5&amp;name=%5BCOLOR+ghostwhite%5D%5BB%5DMAINTENANCE+TOOLS%5B%2FCOLOR%5D%5B%2FB%5D&amp;iconimage=C%3A%5CUsers%5CDavid%5CAppData%5CRoaming%5CKodi%5Caddons%5Cplugin.program.echowizard%5Cresources%5Cart%5Ctools.png&amp;fanart=C%3A%5CUsers%5CDavid%5CAppData%5CRoaming%5CKodi%5Caddons%5Cplugin.program.echowizard%5Cresources%5Cart%5Cmaintwall.jpg&amp;description=",return)</property>
			<property name="list">plugin://plugin.program.echowizard/?url=http%3A%2F%2Ftdbrepo.com%2F&amp;mode=5&amp;name=%5BCOLOR+ghostwhite%5D%5BB%5DMAINTENANCE+TOOLS%5B%2FCOLOR%5D%5B%2FB%5D&amp;iconimage=C%3A%5CUsers%5CDavid%5CAppData%5CRoaming%5CKodi%5Caddons%5Cplugin.program.echowizard%5Cresources%5Cart%5Ctools.png&amp;fanart=C%3A%5CUsers%5CDavid%5CAppData%5CRoaming%5CKodi%5Caddons%5Cplugin.program.echowizard%5Cresources%5Cart%5Cmaintwall.jpg&amp;description=</property>
			<visible>[StringCompare(System.ProfileName,Entertainment)] + StringCompare(Container(9000).ListItem.Property(submenuVisibility),settings)</visible>
			<property name="group">settings</property>
			<property name="isSubmenu">True</property>
		</item>
		<item id="2">
			<property name="id">$NUMBER[2]</property>
			<property name="mainmenuid">2</property>
			<label>$LOCALIZE[7]</label>
			<label2>Common Shortcut</label2>
			<icon>special://skin/extras/hometiles/filemanager.png</icon>
			<thumb />
			<property name="labelID">7</property>
			<property name="defaultID">7</property>
			<onclick>ActivateWindow(FileManager)</onclick>
			<property name="path">ActivateWindow(FileManager)</property>
			<property name="list">FileManager</property>
			<visible>[StringCompare(System.ProfileName,Entertainment)] + StringCompare(Container(9000).ListItem.Property(submenuVisibility),settings)</visible>
			<property name="group">settings</property>
			<property name="isSubmenu">True</property>
		</item>
		<item id="3">
			<property name="id">$NUMBER[3]</property>
			<property name="mainmenuid">2</property>
			<label>Add-on Browser</label>
			<label2>Settings</label2>
			<icon>special://skin/extras/icons/addons.png</icon>
			<thumb />
			<property name="labelID">add-onbrowser</property>
			<property name="defaultID">24001</property>
			<onclick>ActivateWindow(AddonBrowser)</onclick>
			<property name="path">ActivateWindow(AddonBrowser)</property>
			<property name="list">AddonBrowser</property>
			<visible>[StringCompare(System.ProfileName,Entertainment)] + StringCompare(Container(9000).ListItem.Property(submenuVisibility),settings)</visible>
			<property name="group">settings</property>
			<property name="isSubmenu">True</property>
		</item>
		<item id="4">
			<property name="id">$NUMBER[4]</property>
			<property name="mainmenuid">2</property>
			<label>$LOCALIZE[1037]</label>
			<label2>Videos</label2>
			<icon>special://skin/extras/icons/video-addons.png</icon>
			<thumb />
			<property name="labelID">1037</property>
			<property name="defaultID">1037</property>
			<onclick>ActivateWindow(Videos,Addons,return)</onclick>
			<property name="path">ActivateWindow(Videos,Addons,return)</property>
			<property name="list">Addons</property>
			<visible>[StringCompare(System.ProfileName,Entertainment)] + StringCompare(Container(9000).ListItem.Property(submenuVisibility),settings)</visible>
			<property name="group">settings</property>
			<property name="isSubmenu">True</property>
		</item>
	</include>
	<include name="skinshortcuts-allmenus">
		<item id="1">
			<property name="id">$NUMBER[1]</property>
			<label>$ADDON[script.skinshortcuts 32022]</label>
			<label2>Live TV</label2>
			<icon>DefaultShortcut.png</icon>
			<thumb>$INFO[Window(Home).Property(SkinHelper.PvrBackground)]</thumb>
			<property name="labelID">livetv</property>
			<property name="defaultID">livetv</property>
			<visible>[PVR.HasTVChannels] + [PVR.HasTVChannels]</visible>
			<onclick condition="StringCompare(Window(10000).Property(submenuVisibility),livetv)">ActivateWindow(TVGuide)</onclick>
			<property name="path">ActivateWindow(TVGuide)</property>
			<property name="list">TVGuide</property>
			<visible>StringCompare(System.ProfileName,Entertainment)</visible>
			<property name="submenuVisibility">livetv</property>
			<property name="group">mainmenu</property>
			<property name="hasSubmenu">True</property>
			<onclick>SetProperty(submenuVisibility,livetv,10000)</onclick>
		</item>
		<item id="1">
			<property name="id">$NUMBER[1]</property>
			<property name="mainmenuid">1</property>
			<label>$LOCALIZE[22020]</label>
			<label2>Live TV</label2>
			<icon>special://skin/extras/defaulticonswide/DefaultTVShows.png</icon>
			<thumb />
			<property name="labelID">22020</property>
			<property name="defaultID">22020</property>
			<visible>[PVR.HasTVChannels] + StringCompare(Window(10000).Property(submenuVisibility),livetv)</visible>
			<onclick>ActivateWindow(TVGuide)</onclick>
			<property name="path">ActivateWindow(TVGuide)</property>
			<property name="list">TVGuide</property>
			<visible>StringCompare(System.ProfileName,Entertainment)</visible>
			<property name="group">livetv</property>
			<property name="isSubmenu">True</property>
			<property name="submenuVisibility">livetv</property>
		</item>
		<item id="2">
			<property name="id">$NUMBER[2]</property>
			<property name="mainmenuid">1</property>
			<label>$LOCALIZE[19019]</label>
			<label2>Live TV</label2>
			<icon>special://skin/extras/defaulticonswide/DefaultTVShows.png</icon>
			<thumb />
			<property name="labelID">19019</property>
			<property name="defaultID">19019</property>
			<visible>[PVR.HasTVChannels] + StringCompare(Window(10000).Property(submenuVisibility),livetv)</visible>
			<onclick>ActivateWindow(TVChannels)</onclick>
			<property name="path">ActivateWindow(TVChannels)</property>
			<property name="list">TVChannels</property>
			<visible>StringCompare(System.ProfileName,Entertainment)</visible>
			<property name="group">livetv</property>
			<property name="isSubmenu">True</property>
			<property name="submenuVisibility">livetv</property>
		</item>
		<item id="3">
			<property name="id">$NUMBER[3]</property>
			<property name="mainmenuid">1</property>
			<label>$LOCALIZE[19163]</label>
			<label2>Live TV</label2>
			<icon>special://skin/extras/defaulticonswide/DefaultTVShows.png</icon>
			<thumb />
			<property name="labelID">19163</property>
			<property name="defaultID">19163</property>
			<visible>[PVR.HasTVChannels] + StringCompare(Window(10000).Property(submenuVisibility),livetv)</visible>
			<onclick>ActivateWindow(TVRecordings)</onclick>
			<property name="path">ActivateWindow(TVRecordings)</property>
			<property name="list">TVRecordings</property>
			<visible>StringCompare(System.ProfileName,Entertainment)</visible>
			<property name="group">livetv</property>
			<property name="isSubmenu">True</property>
			<property name="submenuVisibility">livetv</property>
		</item>
		<item id="4">
			<property name="id">$NUMBER[4]</property>
			<property name="mainmenuid">1</property>
			<label>$LOCALIZE[19040]</label>
			<label2>Live TV</label2>
			<icon>special://skin/extras/defaulticonswide/DefaultTVShows.png</icon>
			<thumb />
			<property name="labelID">19040</property>
			<property name="defaultID">19040</property>
			<visible>[PVR.HasTVChannels] + StringCompare(Window(10000).Property(submenuVisibility),livetv)</visible>
			<onclick>ActivateWindow(TVTimers)</onclick>
			<property name="path">ActivateWindow(TVTimers)</property>
			<property name="list">TVTimers</property>
			<visible>StringCompare(System.ProfileName,Entertainment)</visible>
			<property name="group">livetv</property>
			<property name="isSubmenu">True</property>
			<property name="submenuVisibility">livetv</property>
		</item>
		<item id="5">
			<property name="id">$NUMBER[5]</property>
			<property name="mainmenuid">1</property>
			<label>$LOCALIZE[137]</label>
			<label2>Live TV</label2>
			<icon>special://skin/extras/defaulticonswide/DefaultTVShows.png</icon>
			<thumb />
			<property name="labelID">137</property>
			<property name="defaultID">137</property>
			<visible>[PVR.HasTVChannels] + StringCompare(Window(10000).Property(submenuVisibility),livetv)</visible>
			<onclick>ActivateWindow(TVSearch)</onclick>
			<property name="path">ActivateWindow(TVSearch)</property>
			<property name="list">TVSearch</property>
			<visible>StringCompare(System.ProfileName,Entertainment)</visible>
			<property name="group">livetv</property>
			<property name="isSubmenu">True</property>
			<property name="submenuVisibility">livetv</property>
		</item>
		<item id="2">
			<property name="id">$NUMBER[2]</property>
			<label>$LOCALIZE[10004]</label>
			<label2>Settings</label2>
			<icon>DefaultIconSettings.png</icon>
			<thumb />
			<property name="labelID">settings</property>
			<property name="defaultID">settings</property>
			<onclick condition="StringCompare(Window(10000).Property(submenuVisibility),settings)">ActivateWindow(Settings)</onclick>
			<property name="path">ActivateWindow(Settings)</property>
			<property name="list">Settings</property>
			<visible>StringCompare(System.ProfileName,Entertainment)</visible>
			<property name="submenuVisibility">settings</property>
			<property name="group">mainmenu</property>
			<property name="hasSubmenu">True</property>
			<onclick>SetProperty(submenuVisibility,settings,10000)</onclick>
		</item>
		<item id="1">
			<property name="id">$NUMBER[1]</property>
			<property name="mainmenuid">2</property>
			<label>Maintenance</label>
			<label2>Custom item</label2>
			<icon>DefaultShortcut.png</icon>
			<thumb>image://special%3a%2f%2fhome%2faddons%5cscript.rawmaintenance%5cmedia%5ccache.png/</thumb>
			<property name="labelID">maintenance</property>
			<property name="defaultID" />
			<onclick>ActivateWindow(Programs,"plugin://plugin.program.echowizard/?url=http%3A%2F%2Ftdbrepo.com%2F&amp;mode=5&amp;name=%5BCOLOR+ghostwhite%5D%5BB%5DMAINTENANCE+TOOLS%5B%2FCOLOR%5D%5B%2FB%5D&amp;iconimage=C%3A%5CUsers%5CDavid%5CAppData%5CRoaming%5CKodi%5Caddons%5Cplugin.program.echowizard%5Cresources%5Cart%5Ctools.png&amp;fanart=C%3A%5CUsers%5CDavid%5CAppData%5CRoaming%5CKodi%5Caddons%5Cplugin.program.echowizard%5Cresources%5Cart%5Cmaintwall.jpg&amp;description=",return)</onclick>
			<property name="path">ActivateWindow(Programs,"plugin://plugin.program.echowizard/?url=http%3A%2F%2Ftdbrepo.com%2F&amp;mode=5&amp;name=%5BCOLOR+ghostwhite%5D%5BB%5DMAINTENANCE+TOOLS%5B%2FCOLOR%5D%5B%2FB%5D&amp;iconimage=C%3A%5CUsers%5CDavid%5CAppData%5CRoaming%5CKodi%5Caddons%5Cplugin.program.echowizard%5Cresources%5Cart%5Ctools.png&amp;fanart=C%3A%5CUsers%5CDavid%5CAppData%5CRoaming%5CKodi%5Caddons%5Cplugin.program.echowizard%5Cresources%5Cart%5Cmaintwall.jpg&amp;description=",return)</property>
			<property name="list">plugin://plugin.program.echowizard/?url=http%3A%2F%2Ftdbrepo.com%2F&amp;mode=5&amp;name=%5BCOLOR+ghostwhite%5D%5BB%5DMAINTENANCE+TOOLS%5B%2FCOLOR%5D%5B%2FB%5D&amp;iconimage=C%3A%5CUsers%5CDavid%5CAppData%5CRoaming%5CKodi%5Caddons%5Cplugin.program.echowizard%5Cresources%5Cart%5Ctools.png&amp;fanart=C%3A%5CUsers%5CDavid%5CAppData%5CRoaming%5CKodi%5Caddons%5Cplugin.program.echowizard%5Cresources%5Cart%5Cmaintwall.jpg&amp;description=</property>
			<visible>[StringCompare(System.ProfileName,Entertainment)] + StringCompare(Window(10000).Property(submenuVisibility),settings)</visible>
			<property name="group">settings</property>
			<property name="isSubmenu">True</property>
			<property name="submenuVisibility">settings</property>
		</item>
		<item id="2">
			<property name="id">$NUMBER[2]</property>
			<property name="mainmenuid">2</property>
			<label>$LOCALIZE[7]</label>
			<label2>Common Shortcut</label2>
			<icon>special://skin/extras/hometiles/filemanager.png</icon>
			<thumb />
			<property name="labelID">7</property>
			<property name="defaultID">7</property>
			<onclick>ActivateWindow(FileManager)</onclick>
			<property name="path">ActivateWindow(FileManager)</property>
			<property name="list">FileManager</property>
			<visible>[StringCompare(System.ProfileName,Entertainment)] + StringCompare(Window(10000).Property(submenuVisibility),settings)</visible>
			<property name="group">settings</property>
			<property name="isSubmenu">True</property>
			<property name="submenuVisibility">settings</property>
		</item>
		<item id="3">
			<property name="id">$NUMBER[3]</property>
			<property name="mainmenuid">2</property>
			<label>Add-on Browser</label>
			<label2>Settings</label2>
			<icon>special://skin/extras/icons/addons.png</icon>
			<thumb />
			<property name="labelID">add-onbrowser</property>
			<property name="defaultID">24001</property>
			<onclick>ActivateWindow(AddonBrowser)</onclick>
			<property name="path">ActivateWindow(AddonBrowser)</property>
			<property name="list">AddonBrowser</property>
			<visible>[StringCompare(System.ProfileName,Entertainment)] + StringCompare(Window(10000).Property(submenuVisibility),settings)</visible>
			<property name="group">settings</property>
			<property name="isSubmenu">True</property>
			<property name="submenuVisibility">settings</property>
		</item>
		<item id="4">
			<property name="id">$NUMBER[4]</property>
			<property name="mainmenuid">2</property>
			<label>$LOCALIZE[1037]</label>
			<label2>Videos</label2>
			<icon>special://skin/extras/icons/video-addons.png</icon>
			<thumb />
			<property name="labelID">1037</property>
			<property name="defaultID">1037</property>
			<onclick>ActivateWindow(Videos,Addons,return)</onclick>
			<property name="path">ActivateWindow(Videos,Addons,return)</property>
			<property name="list">Addons</property>
			<visible>[StringCompare(System.ProfileName,Entertainment)] + StringCompare(Window(10000).Property(submenuVisibility),settings)</visible>
			<property name="group">settings</property>
			<property name="isSubmenu">True</property>
			<property name="submenuVisibility">settings</property>
		</item>
		<item id="3">
			<property name="id">$NUMBER[3]</property>
			<label>$LOCALIZE[13009]</label>
			<label2>Kodi Command</label2>
			<icon>DefaultIconKodi.png</icon>
			<thumb />
			<property name="labelID">13009</property>
			<property name="defaultID">13009</property>
			<visible>System.ShowExitButton</visible>
			<onclick>Quit</onclick>
			<property name="path">Quit</property>
			<property name="list">Quit</property>
			<visible>StringCompare(System.ProfileName,Entertainment)</visible>
			<property name="submenuVisibility">num-13009</property>
			<property name="group">mainmenu</property>
			<property name="hasSubmenu">False</property>
		</item>
		<item id="4">
			<property name="id">$NUMBER[4]</property>
			<label>Emma Hewitt - Burn the Sky Down [Full Album] - YouTube.MKV</label>
			<label2>Favourite</label2>
			<icon>DefaultFolder.png</icon>
			<thumb />
			<property name="labelID">emmahewitt-burntheskydown-fullalbum-youtube-mkv</property>
			<property name="defaultID">emmahewitt-burntheskydown-fullalbum-youtube-mkv</property>
			<property name="translatedPath">PlayMedia("special://home/media/Emma Hewitt - Burn the Sky Down [Full Album] - YouTube.MKV",return)</property>
			<onclick>PlayMedia("special://home/media/Emma Hewitt - Burn the Sky Down [Full Album] - YouTube.MKV",return)</onclick>
			<property name="path">PlayMedia("special://home/media/Emma Hewitt - Burn the Sky Down [Full Album] - YouTube.MKV",return)</property>
			<property name="list">PlayMedia(special://home/media/Emma Hewitt - Burn the Sky Down [Full Album] - YouTube.MKV,return)</property>
			<visible>StringCompare(System.ProfileName,Entertainment)</visible>
			<property name="submenuVisibility">emmahewitt-burntheskydown-fullalbum-youtube-mkv</property>
			<property name="group">mainmenu</property>
			<property name="hasSubmenu">False</property>
		</item>
	</include>
	<include name="skinshortcuts-group-livetv">
		<item id="1">
			<property name="id">$NUMBER[1]</property>
			<property name="mainmenuid">1</property>
			<label>$LOCALIZE[22020]</label>
			<label2>Live TV</label2>
			<icon>special://skin/extras/defaulticonswide/DefaultTVShows.png</icon>
			<thumb />
			<property name="labelID">22020</property>
			<property name="defaultID">22020</property>
			<visible>PVR.HasTVChannels</visible>
			<onclick>ActivateWindow(TVGuide)</onclick>
			<property name="path">ActivateWindow(TVGuide)</property>
			<property name="list">TVGuide</property>
			<visible>StringCompare(System.ProfileName,Entertainment)</visible>
			<property name="group">livetv</property>
			<property name="isSubmenu">True</property>
		</item>
		<item id="2">
			<property name="id">$NUMBER[2]</property>
			<property name="mainmenuid">1</property>
			<label>$LOCALIZE[19019]</label>
			<label2>Live TV</label2>
			<icon>special://skin/extras/defaulticonswide/DefaultTVShows.png</icon>
			<thumb />
			<property name="labelID">19019</property>
			<property name="defaultID">19019</property>
			<visible>PVR.HasTVChannels</visible>
			<onclick>ActivateWindow(TVChannels)</onclick>
			<property name="path">ActivateWindow(TVChannels)</property>
			<property name="list">TVChannels</property>
			<visible>StringCompare(System.ProfileName,Entertainment)</visible>
			<property name="group">livetv</property>
			<property name="isSubmenu">True</property>
		</item>
		<item id="3">
			<property name="id">$NUMBER[3]</property>
			<property name="mainmenuid">1</property>
			<label>$LOCALIZE[19163]</label>
			<label2>Live TV</label2>
			<icon>special://skin/extras/defaulticonswide/DefaultTVShows.png</icon>
			<thumb />
			<property name="labelID">19163</property>
			<property name="defaultID">19163</property>
			<visible>PVR.HasTVChannels</visible>
			<onclick>ActivateWindow(TVRecordings)</onclick>
			<property name="path">ActivateWindow(TVRecordings)</property>
			<property name="list">TVRecordings</property>
			<visible>StringCompare(System.ProfileName,Entertainment)</visible>
			<property name="group">livetv</property>
			<property name="isSubmenu">True</property>
		</item>
		<item id="4">
			<property name="id">$NUMBER[4]</property>
			<property name="mainmenuid">1</property>
			<label>$LOCALIZE[19040]</label>
			<label2>Live TV</label2>
			<icon>special://skin/extras/defaulticonswide/DefaultTVShows.png</icon>
			<thumb />
			<property name="labelID">19040</property>
			<property name="defaultID">19040</property>
			<visible>PVR.HasTVChannels</visible>
			<onclick>ActivateWindow(TVTimers)</onclick>
			<property name="path">ActivateWindow(TVTimers)</property>
			<property name="list">TVTimers</property>
			<visible>StringCompare(System.ProfileName,Entertainment)</visible>
			<property name="group">livetv</property>
			<property name="isSubmenu">True</property>
		</item>
		<item id="5">
			<property name="id">$NUMBER[5]</property>
			<property name="mainmenuid">1</property>
			<label>$LOCALIZE[137]</label>
			<label2>Live TV</label2>
			<icon>special://skin/extras/defaulticonswide/DefaultTVShows.png</icon>
			<thumb />
			<property name="labelID">137</property>
			<property name="defaultID">137</property>
			<visible>PVR.HasTVChannels</visible>
			<onclick>ActivateWindow(TVSearch)</onclick>
			<property name="path">ActivateWindow(TVSearch)</property>
			<property name="list">TVSearch</property>
			<visible>StringCompare(System.ProfileName,Entertainment)</visible>
			<property name="group">livetv</property>
			<property name="isSubmenu">True</property>
		</item>
	</include>
	<include name="skinshortcuts-group-alt-livetv">
		<item id="1">
			<property name="id">$NUMBER[1]</property>
			<property name="mainmenuid">1</property>
			<label>$LOCALIZE[22020]</label>
			<label2>Live TV</label2>
			<icon>special://skin/extras/defaulticonswide/DefaultTVShows.png</icon>
			<thumb />
			<property name="labelID">22020</property>
			<property name="defaultID">22020</property>
			<visible>[PVR.HasTVChannels] + StringCompare(Window(10000).Property(submenuVisibility),livetv)</visible>
			<onclick>ActivateWindow(TVGuide)</onclick>
			<property name="path">ActivateWindow(TVGuide)</property>
			<property name="list">TVGuide</property>
			<visible>StringCompare(System.ProfileName,Entertainment)</visible>
			<property name="group">livetv</property>
			<property name="isSubmenu">True</property>
		</item>
		<item id="2">
			<property name="id">$NUMBER[2]</property>
			<property name="mainmenuid">1</property>
			<label>$LOCALIZE[19019]</label>
			<label2>Live TV</label2>
			<icon>special://skin/extras/defaulticonswide/DefaultTVShows.png</icon>
			<thumb />
			<property name="labelID">19019</property>
			<property name="defaultID">19019</property>
			<visible>[PVR.HasTVChannels] + StringCompare(Window(10000).Property(submenuVisibility),livetv)</visible>
			<onclick>ActivateWindow(TVChannels)</onclick>
			<property name="path">ActivateWindow(TVChannels)</property>
			<property name="list">TVChannels</property>
			<visible>StringCompare(System.ProfileName,Entertainment)</visible>
			<property name="group">livetv</property>
			<property name="isSubmenu">True</property>
		</item>
		<item id="3">
			<property name="id">$NUMBER[3]</property>
			<property name="mainmenuid">1</property>
			<label>$LOCALIZE[19163]</label>
			<label2>Live TV</label2>
			<icon>special://skin/extras/defaulticonswide/DefaultTVShows.png</icon>
			<thumb />
			<property name="labelID">19163</property>
			<property name="defaultID">19163</property>
			<visible>[PVR.HasTVChannels] + StringCompare(Window(10000).Property(submenuVisibility),livetv)</visible>
			<onclick>ActivateWindow(TVRecordings)</onclick>
			<property name="path">ActivateWindow(TVRecordings)</property>
			<property name="list">TVRecordings</property>
			<visible>StringCompare(System.ProfileName,Entertainment)</visible>
			<property name="group">livetv</property>
			<property name="isSubmenu">True</property>
		</item>
		<item id="4">
			<property name="id">$NUMBER[4]</property>
			<property name="mainmenuid">1</property>
			<label>$LOCALIZE[19040]</label>
			<label2>Live TV</label2>
			<icon>special://skin/extras/defaulticonswide/DefaultTVShows.png</icon>
			<thumb />
			<property name="labelID">19040</property>
			<property name="defaultID">19040</property>
			<visible>[PVR.HasTVChannels] + StringCompare(Window(10000).Property(submenuVisibility),livetv)</visible>
			<onclick>ActivateWindow(TVTimers)</onclick>
			<property name="path">ActivateWindow(TVTimers)</property>
			<property name="list">TVTimers</property>
			<visible>StringCompare(System.ProfileName,Entertainment)</visible>
			<property name="group">livetv</property>
			<property name="isSubmenu">True</property>
		</item>
		<item id="5">
			<property name="id">$NUMBER[5]</property>
			<property name="mainmenuid">1</property>
			<label>$LOCALIZE[137]</label>
			<label2>Live TV</label2>
			<icon>special://skin/extras/defaulticonswide/DefaultTVShows.png</icon>
			<thumb />
			<property name="labelID">137</property>
			<property name="defaultID">137</property>
			<visible>[PVR.HasTVChannels] + StringCompare(Window(10000).Property(submenuVisibility),livetv)</visible>
			<onclick>ActivateWindow(TVSearch)</onclick>
			<property name="path">ActivateWindow(TVSearch)</property>
			<property name="list">TVSearch</property>
			<visible>StringCompare(System.ProfileName,Entertainment)</visible>
			<property name="group">livetv</property>
			<property name="isSubmenu">True</property>
		</item>
	</include>
	<include name="skinshortcuts-group-settings">
		<item id="1">
			<property name="id">$NUMBER[1]</property>
			<property name="mainmenuid">2</property>
			<label>Maintenance</label>
			<label2>Custom item</label2>
			<icon>DefaultShortcut.png</icon>
			<thumb>image://special%3a%2f%2fhome%2faddons%5cscript.rawmaintenance%5cmedia%5ccache.png/</thumb>
			<property name="labelID">maintenance</property>
			<property name="defaultID" />
			<onclick>ActivateWindow(Programs,"plugin://plugin.program.echowizard/?url=http%3A%2F%2Ftdbrepo.com%2F&amp;mode=5&amp;name=%5BCOLOR+ghostwhite%5D%5BB%5DMAINTENANCE+TOOLS%5B%2FCOLOR%5D%5B%2FB%5D&amp;iconimage=C%3A%5CUsers%5CDavid%5CAppData%5CRoaming%5CKodi%5Caddons%5Cplugin.program.echowizard%5Cresources%5Cart%5Ctools.png&amp;fanart=C%3A%5CUsers%5CDavid%5CAppData%5CRoaming%5CKodi%5Caddons%5Cplugin.program.echowizard%5Cresources%5Cart%5Cmaintwall.jpg&amp;description=",return)</onclick>
			<property name="path">ActivateWindow(Programs,"plugin://plugin.program.echowizard/?url=http%3A%2F%2Ftdbrepo.com%2F&amp;mode=5&amp;name=%5BCOLOR+ghostwhite%5D%5BB%5DMAINTENANCE+TOOLS%5B%2FCOLOR%5D%5B%2FB%5D&amp;iconimage=C%3A%5CUsers%5CDavid%5CAppData%5CRoaming%5CKodi%5Caddons%5Cplugin.program.echowizard%5Cresources%5Cart%5Ctools.png&amp;fanart=C%3A%5CUsers%5CDavid%5CAppData%5CRoaming%5CKodi%5Caddons%5Cplugin.program.echowizard%5Cresources%5Cart%5Cmaintwall.jpg&amp;description=",return)</property>
			<property name="list">plugin://plugin.program.echowizard/?url=http%3A%2F%2Ftdbrepo.com%2F&amp;mode=5&amp;name=%5BCOLOR+ghostwhite%5D%5BB%5DMAINTENANCE+TOOLS%5B%2FCOLOR%5D%5B%2FB%5D&amp;iconimage=C%3A%5CUsers%5CDavid%5CAppData%5CRoaming%5CKodi%5Caddons%5Cplugin.program.echowizard%5Cresources%5Cart%5Ctools.png&amp;fanart=C%3A%5CUsers%5CDavid%5CAppData%5CRoaming%5CKodi%5Caddons%5Cplugin.program.echowizard%5Cresources%5Cart%5Cmaintwall.jpg&amp;description=</property>
			<visible>StringCompare(System.ProfileName,Entertainment)</visible>
			<property name="group">settings</property>
			<property name="isSubmenu">True</property>
		</item>
		<item id="2">
			<property name="id">$NUMBER[2]</property>
			<property name="mainmenuid">2</property>
			<label>$LOCALIZE[7]</label>
			<label2>Common Shortcut</label2>
			<icon>special://skin/extras/hometiles/filemanager.png</icon>
			<thumb />
			<property name="labelID">7</property>
			<property name="defaultID">7</property>
			<onclick>ActivateWindow(FileManager)</onclick>
			<property name="path">ActivateWindow(FileManager)</property>
			<property name="list">FileManager</property>
			<visible>StringCompare(System.ProfileName,Entertainment)</visible>
			<property name="group">settings</property>
			<property name="isSubmenu">True</property>
		</item>
		<item id="3">
			<property name="id">$NUMBER[3]</property>
			<property name="mainmenuid">2</property>
			<label>Add-on Browser</label>
			<label2>Settings</label2>
			<icon>special://skin/extras/icons/addons.png</icon>
			<thumb />
			<property name="labelID">add-onbrowser</property>
			<property name="defaultID">24001</property>
			<onclick>ActivateWindow(AddonBrowser)</onclick>
			<property name="path">ActivateWindow(AddonBrowser)</property>
			<property name="list">AddonBrowser</property>
			<visible>StringCompare(System.ProfileName,Entertainment)</visible>
			<property name="group">settings</property>
			<property name="isSubmenu">True</property>
		</item>
		<item id="4">
			<property name="id">$NUMBER[4]</property>
			<property name="mainmenuid">2</property>
			<label>$LOCALIZE[1037]</label>
			<label2>Videos</label2>
			<icon>special://skin/extras/icons/video-addons.png</icon>
			<thumb />
			<property name="labelID">1037</property>
			<property name="defaultID">1037</property>
			<onclick>ActivateWindow(Videos,Addons,return)</onclick>
			<property name="path">ActivateWindow(Videos,Addons,return)</property>
			<property name="list">Addons</property>
			<visible>StringCompare(System.ProfileName,Entertainment)</visible>
			<property name="group">settings</property>
			<property name="isSubmenu">True</property>
		</item>
	</include>
	<include name="skinshortcuts-group-alt-settings">
		<item id="1">
			<property name="id">$NUMBER[1]</property>
			<property name="mainmenuid">2</property>
			<label>Maintenance</label>
			<label2>Custom item</label2>
			<icon>DefaultShortcut.png</icon>
			<thumb>image://special%3a%2f%2fhome%2faddons%5cscript.rawmaintenance%5cmedia%5ccache.png/</thumb>
			<property name="labelID">maintenance</property>
			<property name="defaultID" />
			<onclick>ActivateWindow(Programs,"plugin://plugin.program.echowizard/?url=http%3A%2F%2Ftdbrepo.com%2F&amp;mode=5&amp;name=%5BCOLOR+ghostwhite%5D%5BB%5DMAINTENANCE+TOOLS%5B%2FCOLOR%5D%5B%2FB%5D&amp;iconimage=C%3A%5CUsers%5CDavid%5CAppData%5CRoaming%5CKodi%5Caddons%5Cplugin.program.echowizard%5Cresources%5Cart%5Ctools.png&amp;fanart=C%3A%5CUsers%5CDavid%5CAppData%5CRoaming%5CKodi%5Caddons%5Cplugin.program.echowizard%5Cresources%5Cart%5Cmaintwall.jpg&amp;description=",return)</onclick>
			<property name="path">ActivateWindow(Programs,"plugin://plugin.program.echowizard/?url=http%3A%2F%2Ftdbrepo.com%2F&amp;mode=5&amp;name=%5BCOLOR+ghostwhite%5D%5BB%5DMAINTENANCE+TOOLS%5B%2FCOLOR%5D%5B%2FB%5D&amp;iconimage=C%3A%5CUsers%5CDavid%5CAppData%5CRoaming%5CKodi%5Caddons%5Cplugin.program.echowizard%5Cresources%5Cart%5Ctools.png&amp;fanart=C%3A%5CUsers%5CDavid%5CAppData%5CRoaming%5CKodi%5Caddons%5Cplugin.program.echowizard%5Cresources%5Cart%5Cmaintwall.jpg&amp;description=",return)</property>
			<property name="list">plugin://plugin.program.echowizard/?url=http%3A%2F%2Ftdbrepo.com%2F&amp;mode=5&amp;name=%5BCOLOR+ghostwhite%5D%5BB%5DMAINTENANCE+TOOLS%5B%2FCOLOR%5D%5B%2FB%5D&amp;iconimage=C%3A%5CUsers%5CDavid%5CAppData%5CRoaming%5CKodi%5Caddons%5Cplugin.program.echowizard%5Cresources%5Cart%5Ctools.png&amp;fanart=C%3A%5CUsers%5CDavid%5CAppData%5CRoaming%5CKodi%5Caddons%5Cplugin.program.echowizard%5Cresources%5Cart%5Cmaintwall.jpg&amp;description=</property>
			<visible>[StringCompare(System.ProfileName,Entertainment)] + StringCompare(Window(10000).Property(submenuVisibility),settings)</visible>
			<property name="group">settings</property>
			<property name="isSubmenu">True</property>
		</item>
		<item id="2">
			<property name="id">$NUMBER[2]</property>
			<property name="mainmenuid">2</property>
			<label>$LOCALIZE[7]</label>
			<label2>Common Shortcut</label2>
			<icon>special://skin/extras/hometiles/filemanager.png</icon>
			<thumb />
			<property name="labelID">7</property>
			<property name="defaultID">7</property>
			<onclick>ActivateWindow(FileManager)</onclick>
			<property name="path">ActivateWindow(FileManager)</property>
			<property name="list">FileManager</property>
			<visible>[StringCompare(System.ProfileName,Entertainment)] + StringCompare(Window(10000).Property(submenuVisibility),settings)</visible>
			<property name="group">settings</property>
			<property name="isSubmenu">True</property>
		</item>
		<item id="3">
			<property name="id">$NUMBER[3]</property>
			<property name="mainmenuid">2</property>
			<label>Add-on Browser</label>
			<label2>Settings</label2>
			<icon>special://skin/extras/icons/addons.png</icon>
			<thumb />
			<property name="labelID">add-onbrowser</property>
			<property name="defaultID">24001</property>
			<onclick>ActivateWindow(AddonBrowser)</onclick>
			<property name="path">ActivateWindow(AddonBrowser)</property>
			<property name="list">AddonBrowser</property>
			<visible>[StringCompare(System.ProfileName,Entertainment)] + StringCompare(Window(10000).Property(submenuVisibility),settings)</visible>
			<property name="group">settings</property>
			<property name="isSubmenu">True</property>
		</item>
		<item id="4">
			<property name="id">$NUMBER[4]</property>
			<property name="mainmenuid">2</property>
			<label>$LOCALIZE[1037]</label>
			<label2>Videos</label2>
			<icon>special://skin/extras/icons/video-addons.png</icon>
			<thumb />
			<property name="labelID">1037</property>
			<property name="defaultID">1037</property>
			<onclick>ActivateWindow(Videos,Addons,return)</onclick>
			<property name="path">ActivateWindow(Videos,Addons,return)</property>
			<property name="list">Addons</property>
			<visible>[StringCompare(System.ProfileName,Entertainment)] + StringCompare(Window(10000).Property(submenuVisibility),settings)</visible>
			<property name="group">settings</property>
			<property name="isSubmenu">True</property>
		</item>
	</include>
	<include name="skinshortcuts-group-num-13009">
		<description>No items</description>
	</include>
	<include name="skinshortcuts-group-alt-num-13009">
		<description>No items</description>
	</include>
	<include name="skinshortcuts-group-emmahewitt-burntheskydown-fullalbum-youtube-mkv">
		<description>No items</description>
	</include>
	<include name="skinshortcuts-group-alt-emmahewitt-burntheskydown-fullalbum-youtube-mkv">
		<description>No items</description>
	</include>
</includes>
