<?xml version="1.0" encoding="UTF-8"?>
<includes>

	<include name="view_List-Data.Single">
		<param name="TextColor" default="Color1"/>
		<definition>
			<control type="label">
				<left>15</left>
				<width>595</width>
				<label>$INFO[ListItem.Label]</label>
				<height>38</height>
				<font>regular_Big</font>
				<aligny>center</aligny>
				<textcolor>$PARAM[TextColor]</textcolor>
				<selectedcolor>Selected</selectedcolor>
				<scroll>false</scroll>
			</control>
		</definition>
	</include>

	<include name="view_List-Data">
		<param name="TextLeft" default="15"/>
		<param name="TextColor" default="Color1"/>
		<param name="TextColor2" default="Color2"/>
		<param name="TextWidth" default="550"/>
		<param name="Label1" default="$VAR[media:Title]"/>
		<param name="Label2" default="$VAR[media:Info]$VAR[rating:Song, &#8226; ]"/>
		<param name="Description" default="$VAR[media:Plot]"/>
		<param name="ShowDescription" default="false"/>
		<definition>
			<control type="group">
				<left>$PARAM[TextLeft]</left>
				<control type="label">
					<top>6</top>
					<width>$PARAM[TextWidth]</width>
					<label>$PARAM[Label1]</label>
					<height>28</height>
					<font>regular_Bigger</font>
					<textcolor>$PARAM[TextColor]</textcolor>
					<selectedcolor>$PARAM[TextColor]</selectedcolor>
				</control>
				<control type="label">
					<top>28</top>
					<width>$PARAM[TextWidth]</width>
					<label>$PARAM[Label2]</label>
					<height>40</height>
					<font>regular_Small-U</font>
					<textcolor>$PARAM[TextColor2]</textcolor>
					<selectedcolor>$PARAM[TextColor]</selectedcolor>
				</control>
				<control type="textbox">
					<top>66</top>
					<width>$PARAM[TextWidth]</width>
					<height>59</height>
					<label>$PARAM[Description]</label>
					<textcolor>$PARAM[TextColor]</textcolor>
					<selectedcolor>$PARAM[TextColor]</selectedcolor>
					<visible>$PARAM[ShowDescription]</visible>
				</control>
			</control>
		</definition>
	</include>
	
	<include name="view_List-Icon">
		<param name="Margin" default="5"/>
		<param name="ThumbSize" default="57"/>
		<param name="IconSize" default="36"/>
		<definition>
			<control type="group">
				<left>$PARAM[Margin]</left>
				<top>$PARAM[Margin]</top>
				<width>$PARAM[ThumbSize]</width>
				<height>$PARAM[ThumbSize]</height>
				<control type="image">	
					<width>$PARAM[ThumbSize]</width>
					<height>$PARAM[ThumbSize]</height>
					<texture>thumbs/default_Square.png</texture>
				</control>
				<control type="image">
					<centerleft>50%</centerleft>
					<centertop>50%</centertop>
					<width>$PARAM[IconSize]</width>
					<height>$PARAM[IconSize]</height>
					<texture>$INFO[ListItem.Icon]</texture>
					<visible>IsEmpty(ListItem.Art(thumb))</visible>
				</control>
				<control type="image">
					<width>$PARAM[ThumbSize]</width>
					<height>$PARAM[ThumbSize]</height>
					<texture>$INFO[ListItem.Art(thumb)]</texture>
				</control>
			</control>
		</definition>
	</include>

	<include name="view_List-Art">
		<param name="FrameWidth" default="245"/>
		<param name="FrameHeight" default="144"/>
		<param name="ArtWidth" default="231"/>
		<param name="ArtHeight" default="130"/>
		<param name="Fallback" default="thumbs/default_Landscape.png"/>
		<param name="Art" default="$VAR[art:Landscape]"/>
		<param name="ShowLogo" default="true"/>
		<param name="Aspectratio" default="scale"/>
		<definition>
			<control type="image">
				<width>$PARAM[FrameWidth]</width>
				<height>$PARAM[FrameHeight]</height>
				<include>art_Frame-nf</include>
			</control>
			<control type="group">
				<left>7</left>
				<top>7</top>
				<width>$PARAM[ArtWidth]</width>
				<height>$PARAM[ArtHeight]</height>
				<control type="image">
					<width>$PARAM[ArtWidth]</width>
					<height>$PARAM[ArtHeight]</height>
					<texture background="true">$PARAM[Fallback]</texture>
					<aspectratio>scale</aspectratio>
				</control>
				<control type="image">
					<centerleft>50%</centerleft>
					<centertop>50%</centertop>
					<width>64</width>
					<height>64</height>
					<include>art_DefaultIcon</include>
				</control>
				<control type="image">
					<width>$PARAM[ArtWidth]</width>
					<height>$PARAM[ArtHeight]</height>
					<texture background="true">$PARAM[Art]</texture>
					<aspectratio>$PARAM[Aspectratio]</aspectratio>
				</control>
				<control type="image">
					<centerleft>50%</centerleft>
					<bottom>10</bottom>
					<width>75%</width>
					<height>50%</height>
					<aspectratio align="center" aligny="bottom">keep</aspectratio>
					<visible>$PARAM[ShowLogo]</visible>
					<include>art_Logo</include>
				</control>
			</control>
		</definition>
	</include>

	<include name="view_List-Frame">
		<param name="Width" default="184"/>
		<param name="Height" default="266"/>
		<param name="State" default="frames/frame-nf.png"/>
		<definition>
			<control type="image">
				<width>$PARAM[Width]</width>
				<height>$PARAM[Height]</height>
				<texture>$PARAM[State]</texture>
				<visible>!StringCompare(ListItem.Label,..)</visible>
			</control>
		</definition>
	</include>

	<include name="view_List-Focus">
		<param name="Width" default="620"/>
		<param name="Height" default="40"/>
		<definition>
			<control type="image">
				<width>$PARAM[Width]</width>
				<height>$PARAM[Height]</height>
				<texture>colorize/70.png</texture>
				<!--9050 = nextaired tv guide days -->
				<visible>![ControlGroup(6000).HasFocus | ControlGroup(4000).HasFocus | Control.HasFocus(70) | Control.HasFocus(99) | ControlGroup(9050).HasFocus]</visible>
			</control>
		</definition>
	</include>

	<include name="view_List">
		<param name="ID" default="50"/>
		<param name="ContainerLeft" default="30"/>
		<param name="ContainerTop" default="90"/>
		<param name="ContainerWidth" default="620"/>
		<param name="ContainerHeight" default="603"/>
		<param name="OnUp" default="$PARAM[ID]"/>
		<param name="OnDown" default="$PARAM[ID]"/>
		<param name="OnLeft" default="6000"/>
		<param name="PageControl" default="70"/>
		<definition>
			<control type="group">
				<include>toggle_Menu</include>
				<include>transition_Info</include>
				<include>transition_Content</include>
				<control type="list" id="$PARAM[ID]">
					<viewtype label="535">list</viewtype> 	
					<left>$PARAM[ContainerLeft]</left>
					<top>$PARAM[ContainerTop]</top>
					<width>$PARAM[ContainerWidth]</width>
					<height>$PARAM[ContainerHeight]</height>
					<onup>$PARAM[ID]</onup>
					<ondown>$PARAM[ID]</ondown>
					<onleft>$PARAM[OnLeft]</onleft>
					<onright condition="Window.IsActive(videoplaylist) + Player.HasVideo">99</onright>
					<onright condition="Window.IsActive(videoplaylist) + !Player.HasVideo">70</onright>
					<onright condition="Window.IsActive(tvchannels) + Player.HasVideo">99</onright>
					<onright condition="Window.IsActive(tvchannels) + !Player.HasVideo">70</onright>
					<onright>70</onright>
					<pagecontrol>$PARAM[PageControl]</pagecontrol>
					<include>global_ListScroll</include>
					<itemlayout condition="IsEmpty(Container.FolderPath) | [Container.Content(files) + !Container.HasFiles]" width="620" height="40">		
						<include>view_List-Data.Single</include>
					</itemlayout>
					<focusedlayout condition="IsEmpty(Container.FolderPath) | [Container.Content(files) + !Container.HasFiles]" width="620" height="40">				
						<include>view_List-Focus</include>
						<include name="view_List-Data.Single">
							<param name="TextColor">$VAR[view:List.TextColor]</param>
						</include>
					</focusedlayout>
					<itemlayout condition="SubString(Container.FolderPath,pvr://)" width="620" height="67">		
						<include>view_List-Icon</include>
						<include name="view_List-Data">
							<param name="TextLeft" value="80"/>
							<param name="TextWidth" value="485"/>
						</include>
						<include name="status_List">
							<param name="Right">15</param>
							<param name="Top">19</param>
						</include>
					</itemlayout>
					<focusedlayout condition="SubString(Container.FolderPath,pvr://)" width="620" height="67">				
						<include name="view_List-Focus">
							<param name="Height" value="67"/>
						</include>
						<include>view_List-Icon</include>
						<include name="view_List-Data">
							<param name="TextLeft" value="80"/>
							<param name="TextWidth" value="485"/>
							<param name="TextColor">$VAR[view:List.TextColor]</param>
							<param name="TextColor2">$VAR[view:List.TextColor2]</param>
						</include>
						<include name="status_List">
							<param name="Right">15</param>
							<param name="Top">19</param>
							<param name="StatusColor">$VAR[view:List.TextColor]</param>
						</include>
					</focusedlayout>
					<itemlayout condition="Container.Content(movies) | Container.Content(tvshows) | Container.Content(seasons) | Container.Content(episodes) | Container.Content(musicvideos) | Container.Content(artists) | Container.Content(albums) | Container.Content(songs) | Container.Content(addons) | [Container.Content(files) + Container.HasFiles] | SubString(Container.FolderPath,addons://sources/,left)" width="620" height="67">
						<include>view_List-Data</include>
						<include name="status_List">
							<param name="Right">10</param>
							<param name="Top">19</param>
						</include>
					</itemlayout>
					<focusedlayout condition="Container.Content(movies) | Container.Content(tvshows) | Container.Content(seasons) | Container.Content(episodes) | Container.Content(musicvideos) | Container.Content(artists) | Container.Content(albums) | Container.Content(songs) | Container.Content(addons) | [Container.Content(files) + Container.HasFiles] | SubString(Container.FolderPath,addons://sources/,left)" width="620" height="67">
						<include name="view_List-Focus">
							<param name="Height" value="67"/>
						</include>
						<include name="view_List-Data">
							<param name="TextColor">$VAR[view:List.TextColor]</param>
							<param name="TextColor2">$VAR[view:List.TextColor2]</param>
						</include>
						<include name="status_List">
							<param name="Right">10</param>
							<param name="Top">19</param>
							<param name="StatusColor">$VAR[view:List.TextColor]</param>
						</include>
					</focusedlayout>
				</control>
				<!--landscape-->
				<control type="group">
					<left>680</left>
					<top>80</top>
					<visible>Control.IsVisible(50)</visible>
					<visible>[[Container.Content(movies) | Container.Content(tvshows)] + Skin.HasSetting(view.list.fanart) + !SubString(Container.FolderPath,plugin://)] | Container.Content(episodes) | [Container.Content(artists) + Skin.HasSetting(view.list.artistfanart)]</visible>
					<include name="detail_ListInfo">
						<param name="Width" value="532"/>
						<param name="Height" value="295"/>
						<param name="ShowLogo" value="true"/>
						<param name="ShowPlot" value="true"/>
						<param name="Fallback" value="thumbs/default_Landscape.png"/>
						<param name="Art" value="$VAR[art:Landscape]"/>
					</include>
				</control>
				<!--portrait-->
				<control type="group">
					<left>750</left>
					<top>80</top>
					<visible>Control.IsVisible(50)</visible>
					<visible>[Container.Content(movies) | Container.Content(tvshows)] + [!Skin.HasSetting(view.list.fanart) | SubString(Container.FolderPath,plugin://)] | Container.Content(actors) | Container.Content(seasons) | Container.Content(sets)</visible>
					<include name="detail_ListInfo">
						<param name="Width" value="417"/>
						<param name="Height" value="600"/>
						<param name="Fallback" value="thumbs/default_Portrait.png"/>
						<param name="Art" value="$VAR[art:Portrait]"/>
						<param name="Aspect" value="keep"/>
						<param name="Visible" value="!SubString(ListItem.Icon,DefaultFolder)"/>
					</include>
				</control>
				<!--square-->
				<control type="group">
					<control type="group">
						<left>700</left>
						<top>80</top>
						<visible>Control.IsVisible(50)</visible>
						<visible>!SubString(Container.FolderPath,plugin://plugin)</visible>
						<visible>[[Container.Content(musicvideos) | Container.Content(files)] + Container.HasFiles] | [Container.Content(artists) + !Skin.HasSetting(view.list.artistfanart)] | Container.Content(albums) | Container.Content(songs)</visible>
						<include name="detail_ListInfo">
							<param name="Width" value="510"/>
							<param name="Height" value="580"/>
							<param name="BorderSize" value="7"/>
							<param name="BorderTexture" value="frames/frame-nf.png"/>
							<param name="Aspect" value="keep"/>
							<param name="ShowFrame" value="false"/>
						</include>
					</control>
				</control>
				<!--info-->
				<control type="group">
					<control type="group">
						<left>700</left>
						<top>80</top>
						<visible>Control.IsVisible(50)</visible>
						<visible>!StringCompare(ListItem.Label,$LOCALIZE[593]) + !SubString(ListItem.Icon,DefaultAddon,Left)</visible>
						<visible>[[SubString(Container.FolderPath,addons://) | SubString(Container.FolderPath,plugin://plugin) | [SubString(Container.FolderPath,pvr://recordings) + Container.HasFiles]] + ![StringCompare(Container.FolderPath,addons://enabled/) | StringCompare(Container.FolderPath,addons://all/)] + ![Container.Content(movies) | Container.Content(tvshows) | Container.Content(episodes)]]</visible>
						<include name="detail_ListInfo">
							<param name="Width" value="510"/>
							<param name="Height" value="256"/>
							<param name="BorderSize" value="7"/>
							<param name="BorderTexture" value="frames/frame-nf.png"/>
							<param name="Aspect" value="keep"/>
							<param name="ShowFrame" value="false"/>
							<param name="ShowPlot" value="true"/>
							<param name="PlotTop" value="270"/>
						</include>
					</control>
				</control>
			</control>
		</definition>
	</include>

	<include name="detail_ListInfo">
		<param name="Width" default="500"/>
		<param name="Height" default="500"/>
		<param name="Fallback" default="thumbs/default_Portrait.png"/>
		<param name="IconSize" default="112"/>
		<param name="ShowLogo" default="false"/>
		<param name="ShowPlot" default="false"/>
		<param name="Art" default="$VAR[art:Portrait]"/>
		<param name="BorderSize" default="7"/>
		<param name="BorderTexture" default="frames/frame-nf.png"/>
		<param name="Aspect" default="keep"/>
		<param name="ShowFrame" default="true"/>
		<param name="PlotTop" default="315"/>
		<param name="Visible" default="!SubString(ListItem.Icon,Defaultfolder)"/>
		<definition>
			<control type="group">
				<left>7</left>
				<top>7</top>
				<width>$PARAM[Width]</width>
				<height>$PARAM[Height]</height>
				<control type="image">
					<texture>$INFO[ListItem.ActualIcon]</texture>
					<width>$PARAM[IconSize]</width>
					<height>$PARAM[IconSize]</height>
					<centerleft>50%</centerleft>
					<centertop>50%</centertop>
					<fadetime>fadetime_Thumb</fadetime>
					<visible>IsEmpty(ListItem.Thumb)</visible>
				</control>
				<control type="image">
					<width>$PARAM[Width]</width>
					<height>$PARAM[Height]</height>
					<texture fallback="$PARAM[Fallback]" background="true">$PARAM[Art]</texture>
					<fadetime>fadetime_Thumb</fadetime>
					<bordertexture border="$PARAM[BorderSize]">$PARAM[BorderTexture]</bordertexture>
					<bordersize>$PARAM[BorderSize]</bordersize>
					<aspectratio align="left" aligny="top">$PARAM[Aspect]</aspectratio>
					<visible>!SubString(ListItem.Icon,Default,Left)</visible>
				</control>
				<control type="image">
					<centerleft>50%</centerleft>
					<height>50%</height>
					<width>50%</width>
					<bottom>20</bottom>
					<aspectratio align="center" aligny="bottom">keep</aspectratio>
					<include>art_Logo</include>
					<fadetime>fadetime_Thumb</fadetime>
					<visible>$PARAM[ShowLogo]</visible>
				</control>
				<control type="textbox">
					<top>$PARAM[PlotTop]</top>
					<width>$PARAM[Width]</width>
					<height max="275">auto</height>
					<label>$VAR[media:Plot]</label>
					<include>detail_Text</include>
					<visible>$PARAM[ShowPlot]</visible>
				</control>
			</control>
		</definition>
	</include>

<!--BIG LIST-->
	<include name="view_BigList">
		<control type="group">
			<include>transition_Content</include>
			<include>transition_Info</include>
			<include>toggle_Menu</include>
			<!--selector-->
			<control type="image">
				<left>40</left>
				<top>244</top>
				<width>1200</width>
				<height>144</height>
				<include>art_Frame-fo</include>
				<visible>Control.IsVisible(51) + ![ControlGroup(6000).HasFocus | ControlGroup(4000).HasFocus | Control.HasFocus(70) | Control.HasFocus(99)]</visible>
			</control>
			<!--container-->
			<control type="fixedlist" id="51">
				<viewtype label="537">biglist</viewtype>
				<left>40</left>
				<top>90</top>
				<width>1205</width>
				<height>616</height>
				<onleft>6000</onleft>
				<onright>70</onright>
				<onup>51</onup>
				<ondown>51</ondown>
				<pagecontrol>70</pagecontrol>
				<focusposition>1</focusposition>
				<include>global_ListScroll</include>
				<preloaditems>2</preloaditems>
				<orientation>vertical</orientation>
				<visible>Container.Content(movies) | Container.Content(tvshows) | Container.Content(episodes)</visible>
				<!--landscape layout-->
				<itemlayout condition="!SubString(Container.FolderPath,plugin://) + [[Container.Content(movies) | Container.Content(tvshows)] + !Skin.HasSetting(view.biglist.posters)] | Container.Content(episodes)" width="1205" height="154">
					<include>view_List-Art</include>
					<include name="view_List-Data">
						<param name="TextLeft" value="260"/>
						<param name="TextWidth" value="920"/>
						<param name="ShowDescription" value="true"/>
					</include>
					<include name="status_Info">
						<param name="Left" value="196"/>
						<param name="Bottom" value="17"/>
					</include>
				</itemlayout>
				<focusedlayout condition="!SubString(Container.FolderPath,plugin://) + [[Container.Content(movies) | Container.Content(tvshows)] + !Skin.HasSetting(view.biglist.posters)] | Container.Content(episodes)" width="1205" height="154">
					<include>view_List-Art</include>
					<include name="view_List-Data">
						<param name="TextLeft" value="260"/>
						<param name="TextWidth" value="920"/>
						<param name="TextColor">$VAR[view:List.TextColor]</param>
						<param name="TextColor2">$VAR[view:List.TextColor2]</param>
						<param name="ShowDescription" value="true"/>
					</include>
					<include name="status_Info">
						<param name="Left" value="196"/>
						<param name="Bottom" value="17"/>
					</include>
				</focusedlayout>
				<!--portrait layout-->
				<itemlayout condition="[[Container.Content(tvshows) | Container.Content(movies)] + Skin.HasSetting(view.biglist.posters)] | [[Container.Content(tvshows) | Container.Content(movies)] + SubString(Container.FolderPath,plugin://)]" width="1205" height="154">
					<include name="view_List-Art">
						<param name="FrameWidth" value="104"/>
						<param name="ArtWidth" value="90"/>
						<param name="Fallback" value="thumbs/default_Portrait.png"/>
						<param name="Art" value="$VAR[art:Portrait]"/>
						<param name="ShowLogo" value="false"/>
					</include>
					<include name="view_List-Data">
						<param name="TextLeft" value="126"/>
						<param name="TextWidth" value="1050"/>
						<param name="ShowDescription" value="true"/>
					</include>
					<include name="status_Info">
						<param name="Left" value="65"/>
						<param name="Bottom" value="17"/>
						<param name="Size" value="32"/>
					</include>
				</itemlayout>
				<focusedlayout condition="[[Container.Content(tvshows) | Container.Content(movies)] + Skin.HasSetting(view.biglist.posters)] | [[Container.Content(tvshows) | Container.Content(movies)] + SubString(Container.FolderPath,plugin://)]" width="1205" height="154">
					<include name="view_List-Art">
						<param name="FrameWidth" value="104"/>
						<param name="ArtWidth" value="90"/>
						<param name="Fallback" value="thumbs/default_Portrait.png"/>
						<param name="Art" value="$VAR[art:Portrait]"/>
						<param name="ShowLogo" value="false"/>
					</include>
					<include name="view_List-Data">
						<param name="TextLeft" value="126"/>
						<param name="TextWidth" value="1050"/>
						<param name="TextColor">$VAR[view:List.TextColor]</param>
						<param name="TextColor2">$VAR[view:List.TextColor2]</param>
						<param name="ShowDescription" value="true"/>
					</include>
					<include name="status_Info">
						<param name="Left" value="65"/>
						<param name="Bottom" value="17"/>
						<param name="Size" value="32"/>
					</include>
				</focusedlayout>
			</control>
		</control>
	</include>
</includes>