<shortcuts>
	<shortcut>
		<defaultID>settings</defaultID>
		<label>10004</label>
		<label2>Settings</label2>
		<icon>DefaultIconSettings.png</icon>
		<thumb />
		<action>ActivateWindow(Settings)</action>
	</shortcut>
	<shortcut>
		<defaultID>20077</defaultID>
		<label>20077</label>
		<label2>Settings</label2>
		<icon>DefaultIconSettings.png</icon>
		<thumb />
		<action>ActivateWindow(SkinSettings)</action>
	</shortcut>
	<shortcut>
		<defaultID>31210</defaultID>
		<label>$SKIN[31210|skin.refocus|Customize home]</label>
		<label2>Common menu item</label2>
		<icon>DefaultIconSettings.png</icon>
		<thumb />
		<action>RunScript(script.skinshortcuts,type=manage&amp;nolabels=True&amp;group=mainmenu)</action>
	</shortcut>
	<shortcut>
		<defaultID>13012</defaultID>
		<label>13012</label>
		<label2>Shutdown menu</label2>
		<icon>DefaultIconKodi.png</icon>
		<thumb />
		<action>ActivateWindow(shutdownmenu)</action>
	</shortcut>
</shortcuts>
