<?xml version="1.0" encoding="UTF-8"?>
<window>
	<defaultcontrol always="true">20</defaultcontrol>
  <backgroundcolor>bgcolor</backgroundcolor>
	<onload>SetProperty(RefreshList,1,Home)</onload>
	<onload>Skin.SetBool(enable.smartish.widgets)</onload>
	<onload>SetProperty(SkinHelper.WidgetContainer,25,Home)</onload>
	<onload condition="System.HasAddon(script.skin.helper.service) + IsEmpty(Skin.String(SkinHelper.RandomFanartDelay))">Skin.SetString(SkinHelper.RandomFanartDelay,10)</onload>
	<onload condition="System.HasAddon(script.skinshortcuts)">RunScript(script.skinshortcuts,type=buildxml&amp;mode=single&amp;options=clonewidgets&amp;mainmenuID=20&amp;options=noGroups)</onload>
	<onload condition="System.HasAddon(script.artistslideshow) + IsEmpty(Window(Visualisation).Property(ArtistSlideshowRunning))">RunScript(script.artistslideshow, daemon=True)</onload>
	<onunload>ClearProperty(SkinHelper.WidgetContainer,Home)</onunload>
	<onload>AlarmClock(Clear,ClearProperty(SmoothStart,Home),00:01,silent)</onload>
	<animation effect="fade" start="0" end="100" time="500" tween="quadratic" condition="!String.IsEmpty(Window(Home).Property(SmoothStart))">WindowOpen</animation>
	<controls>
		<include>BackgroundContent</include>
		<include>HomeWidgets_Fanart</include>
		<include>BackgroundVignette</include>
	  <control type="group">
			<include>InfoDialogsVisible_ZoomAnimation</include>
			<!-- NERO MOD -->
			<include condition="!Skin.HasSetting(ClassicHomeMenu)">HomeMenuWraplist</include>
			<include condition="Skin.HasSetting(ClassicHomeMenu)">HomeMenuWraplistClassic</include>
			<include>HomeSubMenus</include>
			<!-- NERO MOD -->
			<include condition="!Skin.HasSetting(ClassicHomeMenu)">HomeMenuExtraInfo</include>
			<include condition="Skin.HasSetting(ClassicHomeMenu)">HomeMenuExtraInfoClassic</include>
			<include>HomeWidgets_Lists</include>
			<include>HomeNowPlaying</include>
			<include>CommonDialogsFadeOutBG</include>
			<include>HomeWidgets_ContentInfo</include>
			<include>TopHomeMenu</include>
			<include>CommonWeatherAndClock</include>
			<include>DebugInfo</include>
  	</control>
	</controls>	
</window>
