<?xml version="1.0" encoding="UTF-8"?>
<!-- Foundation -->
<window id="7">
    <defaultcontrol always="true">95</defaultcontrol>
    <include>Defs_SettingsOnload</include>
    <controls>

        <include>Global_Background_Settings</include>
        <control type="group">
            <include>Dialog_Settings_Panel</include>

            <control type="group">
                <left>16</left>
                <right>16</right>
                <top>8</top>
                <bottom>8</bottom>
                <!-- Lines -->
                <control type="image">
                    <top>10</top>
                    <left>450</left>
                    <width>1</width>
                    <bottom>10</bottom>
                    <colordiffuse>dialog_fg_12</colordiffuse>
                    <texture>common/white.png</texture>
                </control>
                <control type="label">
                    <left>50</left>
                    <width>390</width>
                    <top>15</top>
                    <height>70</height>
                    <font>MediumBold</font>
                    <label>5</label>
                    <textcolor>panel_fg_100</textcolor>
                </control>
                <control type="label">
                    <left>50</left>
                    <right>30</right>
                    <top>77</top>
                    <height>30</height>
                    <font>Tiny</font>
                    <label>$INFO[System.FriendlyName]</label>
                    <textcolor>panel_fg_70</textcolor>
                    <scroll>true</scroll>
                </control>
                <control type="label" description="Header">
                    <left>500</left>
                    <width>390</width>
                    <top>15</top>
                    <height>70</height>
                    <font>MediumBold</font>
                    <label>130</label>
                    <textcolor>panel_fg_100</textcolor>
                </control>
                <control type="label" id="52" description="XBMC Build Version">
                    <left>500</left>
                    <right>30</right>
                    <top>77</top>
                    <height>30</height>
                    <font>Tiny</font>
                    <textcolor>panel_fg_70</textcolor>
                    <scroll>true</scroll>
                </control>

                <!-- Left Group -->
                <control type="grouplist" id="50">
                    <width>450</width>
                    <top>140</top>
                    <bottom>0</bottom>
                    <itemgap>0</itemgap>
                    <onup>302</onup>
                    <onback>300</onback>
                    <ondown>noop</ondown>

                    <control type="button" id="95">
                        <description>General</description>
                        <include>Defs_Settings_Button</include>
                        <label>20037</label>
                    </control>

                    <control type="button" id="94">
                        <description>Storage</description>
                        <include>Defs_Settings_Button</include>
                        <label>13277</label>
                    </control>

                    <control type="button" id="96">
                        <description>Network</description>
                        <include>Defs_Settings_Button</include>
                        <label>13279</label>
                    </control>

                    <control type="button" id="97">
                        <description>Video</description>
                        <include>Defs_Settings_Button</include>
                        <label>13280</label>
                    </control>

                    <control type="button" id="98">
                        <description>Hardware</description>
                        <include>Defs_Settings_Button</include>
                        <label>13281</label>
                    </control>

                    <control type="button" id="99">
                        <description>Live TV</description>
                        <include>Defs_Settings_Button</include>
                        <label>19012</label>
                    </control>
                </control>

                <control type="grouplist">
                    <left>450</left>
                    <top>140</top>
                    <bottom>0</bottom>
                    <right>0</right>
                    <itemgap>0</itemgap>
                    <usecontrolcoords>true</usecontrolcoords>
                    <control type="label">
                        <description>CPU Text</description>
                        <font>Tiny</font>
                        <width>750</width>
                        <height>60</height>
                        <label>$LOCALIZE[13271]</label>
                        <include>Defs_Settings_Button</include>
                    </control>
                    <control type="label">
                        <description>CPU Text</description>
                        <font>Tiny</font>
                        <top>-60</top>
                        <left>100</left>
                        <align>right</align>
                        <width>750</width>
                        <height>60</height>
                        <label>$INFO[System.CPUUsage]</label>
                        <include>Defs_Settings_Button</include>
                    </control>
                    <control type="progress" id="22">
                        <description>CPU BAR</description>
                        <left>50</left>
                        <height>10</height>
                        <width>750</width>
                        <info>System.CPUUsage</info>
                        <include>Defs_Settings_Button</include>
                    </control>

                    <control type="label">
                        <description>Memory Text</description>
                        <top>-70</top>
                        <left>800</left>
                        <font>Tiny</font>
                        <height>60</height>
                        <label>$LOCALIZE[31104]:</label>
                        <include>Defs_Settings_Button</include>
                    </control>
                    <control type="label">
                        <description>Memory Text</description>
                        <top>-60</top>
                        <align>right</align>
                        <left>800</left>
                        <font>Tiny</font>
                        <height>60</height>
                        <label>$INFO[system.memory(used.percent)]</label>
                        <include>Defs_Settings_Button</include>
                    </control>

                    <control type="progress" id="24">
                        <description>Memory BAR</description>
                        <left>850</left>
                        <right>50</right>
                        <height>10</height>
                        <info>system.memory(used)</info>
                        <include>Defs_Settings_Button</include>
                    </control>

                    <control type="label" id="25">
                        <description>Spacer</description>
                        <font>noop</font>
                        <height>25</height>
                    </control>

                    <control type="label" id="2">
                        <description>Label 2</description>
                        <font>Tiny</font>
                        <height>40</height>
                        <include>Defs_Settings_Button</include>
                    </control>

                    <control type="label" id="3">
                        <description>Label 3</description>
                        <font>Tiny</font>
                        <height>40</height>
                        <include>Defs_Settings_Button</include>
                    </control>

                    <control type="label" id="4">
                        <description>Label 4</description>
                        <font>Tiny</font>
                        <height>40</height>
                        <include>Defs_Settings_Button</include>
                    </control>

                    <control type="label" id="5">
                        <description>Label 5</description>
                        <font>Tiny</font>
                        <height>40</height>
                        <include>Defs_Settings_Button</include>
                    </control>

                    <control type="label" id="6">
                        <description>Label 6</description>
                        <font>Tiny</font>
                        <height>40</height>
                        <include>Defs_Settings_Button</include>
                    </control>

                    <control type="label" id="7">
                        <description>Label 7</description>
                        <font>Tiny</font>
                        <height>40</height>
                        <include>Defs_Settings_Button</include>
                    </control>

                    <control type="label" id="8">
                        <description>Label 8</description>
                        <font>Tiny</font>
                        <height>40</height>
                        <include>Defs_Settings_Button</include>
                    </control>

                    <control type="label" id="9">
                        <description>Label 9</description>
                        <font>Tiny</font>
                        <height>40</height>
                        <include>Defs_Settings_Button</include>
                    </control>

                    <control type="label" id="10">
                        <description>Label 10</description>
                        <font>Tiny</font>
                        <height>40</height>
                        <include>Defs_Settings_Button</include>
                    </control>

                    <control type="label" id="11">
                        <description>Label 11</description>
                        <font>Tiny</font>
                        <height>40</height>
                        <include>Defs_Settings_Button</include>
                    </control>

                </control>

            </control>
        </control>

        <!-- Standard Furniture -->
        <include>Topbar</include>
        <include>Bottombar</include>
        <include>Statusbar</include>
    </controls>

</window>
